review_order,review_batch,candidate_id,image_id,run_date,x,y,crop_url,next_action,suggested_human_label,reviewer_task,snr,blob_size,artifact_flags,frame_count,motion_consistency,candidate_score,review_note_prompt
57,04_strong_single_frame_check,1357352003-0272,N1357352003,2001-01-05,626.87,751.47,/api/detection-crop?image=1357352003&x=627&y=751&crop=128,single_frame_visual_review,uncertain,Inspect the crop and original frame; single-frame candidates need caution.,564.80,11,,1,1.000,0.4375,Record whether it looks diffuse/multi-pixel or too isolated to trust.
58,04_strong_single_frame_check,1357811330-0180,N1357811330,2001-01-10,637.48,276.04,/api/detection-crop?image=1357811330&x=637&y=276&crop=128,single_frame_visual_review,uncertain,Inspect the crop and original frame; single-frame candidates need caution.,434.10,9,,1,1.000,0.4375,Record whether it looks diffuse/multi-pixel or too isolated to trust.
59,04_strong_single_frame_check,1357811330-0399,N1357811330,2001-01-10,807.98,614.96,/api/detection-crop?image=1357811330&x=808&y=615&crop=128,single_frame_visual_review,uncertain,Inspect the crop and original frame; single-frame candidates need caution.,428.93,34,,1,1.000,0.4375,Record whether it looks diffuse/multi-pixel or too isolated to trust.
60,04_strong_single_frame_check,1358099796-0108,N1358099796,2001-01-13,812.74,818.98,/api/detection-crop?image=1358099796&x=813&y=819&crop=128,single_frame_visual_review,uncertain,Inspect the crop and original frame; single-frame candidates need caution.,371.83,10,,1,1.000,0.4375,Record whether it looks diffuse/multi-pixel or too isolated to trust.
61,04_strong_single_frame_check,1357658284-0195,N1357658284,2001-01-08,713.61,689.45,/api/detection-crop?image=1357658284&x=714&y=689&crop=128,single_frame_visual_review,uncertain,Inspect the crop and original frame; single-frame candidates need caution.,370.72,16,,1,1.000,0.4375,Record whether it looks diffuse/multi-pixel or too isolated to trust.
62,04_strong_single_frame_check,1358105418-1483,N1358105418,2001-01-13,28.87,888.11,/api/detection-crop?image=1358105418&x=29&y=888&crop=128,single_frame_visual_review,uncertain,Inspect the crop and original frame; single-frame candidates need caution.,363.68,17,,1,1.000,0.4375,Record whether it looks diffuse/multi-pixel or too isolated to trust.
63,04_strong_single_frame_check,1357667285-0063,N1357667285,2001-01-08,164.06,271.23,/api/detection-crop?image=1357667285&x=164&y=271&crop=128,single_frame_visual_review,uncertain,Inspect the crop and original frame; single-frame candidates need caution.,363.49,9,,1,1.000,0.4375,Record whether it looks diffuse/multi-pixel or too isolated to trust.
64,04_strong_single_frame_check,1357646415-0076,N1357646415,2001-01-08,689.56,470.36,/api/detection-crop?image=1357646415&x=690&y=470&crop=128,single_frame_visual_review,uncertain,Inspect the crop and original frame; single-frame candidates need caution.,305.50,8,,1,1.000,0.4375,Record whether it looks diffuse/multi-pixel or too isolated to trust.
65,04_strong_single_frame_check,1358114587-0079,N1358114587,2001-01-13,259.57,429.91,/api/detection-crop?image=1358114587&x=260&y=430&crop=128,single_frame_visual_review,uncertain,Inspect the crop and original frame; single-frame candidates need caution.,229.84,9,,1,1.000,0.4375,Record whether it looks diffuse/multi-pixel or too isolated to trust.
66,04_strong_single_frame_check,1357628584-0070,N1357628584,2001-01-08,939.70,418.53,/api/detection-crop?image=1357628584&x=940&y=419&crop=128,single_frame_visual_review,uncertain,Inspect the crop and original frame; single-frame candidates need caution.,223.82,11,,1,1.000,0.4375,Record whether it looks diffuse/multi-pixel or too isolated to trust.
67,04_strong_single_frame_check,1357352003-0194,N1357352003,2001-01-05,380.15,543.48,/api/detection-crop?image=1357352003&x=380&y=543&crop=128,single_frame_visual_review,uncertain,Inspect the crop and original frame; single-frame candidates need caution.,164.61,8,,1,1.000,0.4375,Record whether it looks diffuse/multi-pixel or too isolated to trust.
68,04_strong_single_frame_check,1357637415-0069,N1357637415,2001-01-08,95.74,471.57,/api/detection-crop?image=1357637415&x=96&y=472&crop=128,single_frame_visual_review,uncertain,Inspect the crop and original frame; single-frame candidates need caution.,284.94,7,,1,1.000,0.4125,Record whether it looks diffuse/multi-pixel or too isolated to trust.
69,04_strong_single_frame_check,1357665093-0016,N1357665093,2001-01-08,807.46,164.30,/api/detection-crop?image=1357665093&x=807&y=164&crop=128,single_frame_visual_review,uncertain,Inspect the crop and original frame; single-frame candidates need caution.,395.79,6,,1,1.000,0.3875,Record whether it looks diffuse/multi-pixel or too isolated to trust.
70,04_strong_single_frame_check,1357685285-0112,N1357685285,2001-01-08,474.82,382.50,/api/detection-crop?image=1357685285&x=475&y=382&crop=128,single_frame_visual_review,uncertain,Inspect the crop and original frame; single-frame candidates need caution.,379.47,6,,1,1.000,0.3875,Record whether it looks diffuse/multi-pixel or too isolated to trust.
71,04_strong_single_frame_check,1357682416-0008,N1357682416,2001-01-08,428.07,73.69,/api/detection-crop?image=1357682416&x=428&y=74&crop=128,single_frame_visual_review,uncertain,Inspect the crop and original frame; single-frame candidates need caution.,317.53,6,,1,1.000,0.3875,Record whether it looks diffuse/multi-pixel or too isolated to trust.
72,04_strong_single_frame_check,1357685285-0093,N1357685285,2001-01-08,504.70,306.29,/api/detection-crop?image=1357685285&x=505&y=306&crop=128,single_frame_visual_review,uncertain,Inspect the crop and original frame; single-frame candidates need caution.,162.69,6,,1,1.000,0.3875,Record whether it looks diffuse/multi-pixel or too isolated to trust.
73,04_strong_single_frame_check,1357352003-0192,N1357352003,2001-01-05,823.83,535.84,/api/detection-crop?image=1357352003&x=824&y=536&crop=128,single_frame_visual_review,uncertain,Inspect the crop and original frame; single-frame candidates need caution.,564.80,5,,1,1.000,0.3625,Record whether it looks diffuse/multi-pixel or too isolated to trust.
74,04_strong_single_frame_check,1357667116-1600,N1357667116,2001-01-08,367.96,1009.04,/api/detection-crop?image=1357667116&x=368&y=1009&crop=128,single_frame_visual_review,uncertain,Inspect the crop and original frame; single-frame candidates need caution.,402.78,5,,1,1.000,0.3625,Record whether it looks diffuse/multi-pixel or too isolated to trust.
75,04_strong_single_frame_check,1357674094-0052,N1357674094,2001-01-08,316.82,479.90,/api/detection-crop?image=1357674094&x=317&y=480&crop=128,single_frame_visual_review,uncertain,Inspect the crop and original frame; single-frame candidates need caution.,203.84,5,,1,1.000,0.3625,Record whether it looks diffuse/multi-pixel or too isolated to trust.
76,04_strong_single_frame_check,1357638093-0061,N1357638093,2001-01-08,717.61,548.63,/api/detection-crop?image=1357638093&x=718&y=549&crop=128,single_frame_visual_review,uncertain,Inspect the crop and original frame; single-frame candidates need caution.,173.37,5,,1,1.000,0.3625,Record whether it looks diffuse/multi-pixel or too isolated to trust.
