blind_id,image_id,run_date,crop_url,x,y,snr,blob_size,artifact_flags_visible,frame_count,motion_consistency,reviewer_label,reviewer_confidence,reviewer_note,needs_second_review
BR-001,N1357352003,2001-01-05,/api/detection-crop?image=1357352003&x=627&y=751&crop=128,626.87,751.47,564.80,11,,1,1.000,,,,
BR-002,N1358063287,2001-01-13,/api/detection-crop?image=1358063287&x=399&y=299&crop=128,399.00,299.00,120.21,1,single_pixel|too_small,1,,,,,
BR-003,N1357676285,2001-01-08,/api/detection-crop?image=1357676285&x=731&y=735&crop=128,731.00,735.00,121.05,1,single_pixel|too_small,1,,,,,
BR-004,N1357649284,2001-01-08,/api/detection-crop?image=1357649284&x=402&y=601&crop=128,402.00,601.00,143.46,1,single_pixel|too_small,1,,,,,
BR-005,N1357352003,2001-01-05,/api/detection-crop?image=1357352003&x=402&y=601&crop=128,402.00,601.00,191.47,1,single_pixel|too_small,1,,,,,
BR-006,N1357811330,2001-01-10,/api/detection-crop?image=1357811330&x=637&y=276&crop=128,637.48,276.04,434.10,9,,1,1.000,,,,
BR-007,N1356990399,2000-12-31,/api/detection-crop?image=1356990399&x=859&y=919&crop=128,859.48,919.10,16.78,6,,3,0.744,,,,
BR-008,N1356985927,2000-12-31,/api/detection-crop?image=1356985927&x=558&y=822&crop=128,558.34,822.42,14.54,5,,3,0.847,,,,
BR-009,N1357665093,2001-01-08,/api/detection-crop?image=1357665093&x=807&y=164&crop=128,807.46,164.30,395.79,6,,1,1.000,,,,
BR-010,N1357806858,2001-01-10,/api/detection-crop?image=1357806858&x=402&y=601&crop=128,402.00,601.00,296.12,1,single_pixel|too_small,1,,,,,
BR-011,N1358117287,2001-01-13,/api/detection-crop?image=1358117287&x=402&y=601&crop=128,402.00,601.00,150.02,1,single_pixel|too_small,1,,,,,
BR-012,N1357658115,2001-01-08,/api/detection-crop?image=1357658115&x=402&y=601&crop=128,402.00,601.00,123.82,1,single_pixel|too_small,1,,,,,
BR-013,N1357649115,2001-01-08,/api/detection-crop?image=1357649115&x=402&y=601&crop=128,402.00,601.00,121.56,1,single_pixel|too_small,1,,,,,
BR-014,N1356985927,2000-12-31,/api/detection-crop?image=1356985927&x=116&y=576&crop=128,116.23,575.74,47.55,5,,3,0.914,,,,
BR-015,N1356976983,2000-12-31,/api/detection-crop?image=1356976983&x=718&y=439&crop=128,718.12,439.44,39.54,4,,3,0.946,,,,
BR-016,N1357667116,2001-01-08,/api/detection-crop?image=1357667116&x=402&y=601&crop=128,402.00,601.00,122.69,1,single_pixel|too_small,1,,,,,
BR-017,N1357637415,2001-01-08,/api/detection-crop?image=1357637415&x=96&y=472&crop=128,95.74,471.57,284.94,7,,1,1.000,,,,
BR-018,N1358117287,2001-01-13,/api/detection-crop?image=1358117287&x=731&y=735&crop=128,731.00,735.00,132.23,1,single_pixel|too_small,1,,,,,
BR-019,N1357638093,2001-01-08,/api/detection-crop?image=1357638093&x=718&y=549&crop=128,717.61,548.63,173.37,5,,1,1.000,,,,
BR-020,N1357631284,2001-01-08,/api/detection-crop?image=1357631284&x=402&y=601&crop=128,402.00,601.00,137.63,1,single_pixel|too_small,1,,,,,
BR-021,N1358063287,2001-01-13,/api/detection-crop?image=1358063287&x=731&y=735&crop=128,731.00,735.00,128.50,1,single_pixel|too_small,1,,,,,
BR-022,N1357667285,2001-01-08,/api/detection-crop?image=1357667285&x=402&y=601&crop=128,402.00,601.00,141.09,1,single_pixel|too_small,1,,,,,
BR-023,N1356985927,2000-12-31,/api/detection-crop?image=1356985927&x=753&y=567&crop=128,752.72,567.15,33.22,9,,3,0.412,,,,
BR-024,N1357885387,2001-01-11,/api/detection-crop?image=1357885387&x=770&y=340&crop=128,769.65,339.50,7.06,14,,1,,,,,
BR-025,N1357646415,2001-01-08,/api/detection-crop?image=1357646415&x=690&y=470&crop=128,689.56,470.36,305.50,8,,1,1.000,,,,
BR-026,N1358063118,2001-01-13,/api/detection-crop?image=1358063118&x=988&y=902&crop=128,988.00,902.00,200.02,1,single_pixel|too_small,1,,,,,
BR-027,N1356990399,2000-12-31,/api/detection-crop?image=1356990399&x=382&y=864&crop=128,382.48,864.12,43.14,3,,3,0.857,,,,
BR-028,N1357685285,2001-01-08,/api/detection-crop?image=1357685285&x=731&y=735&crop=128,731.00,735.00,129.72,1,single_pixel|too_small,1,,,,,
BR-029,N1357676285,2001-01-08,/api/detection-crop?image=1357676285&x=402&y=601&crop=128,402.00,601.00,143.75,1,single_pixel|too_small,1,,,,,
BR-030,N1357658284,2001-01-08,/api/detection-crop?image=1357658284&x=402&y=601&crop=128,402.00,601.00,144.03,1,single_pixel|too_small,1,,,,,
BR-031,N1358117118,2001-01-13,/api/detection-crop?image=1358117118&x=402&y=601&crop=128,402.00,601.00,125.33,1,single_pixel|too_small,1,,,,,
BR-032,N1356990399,2000-12-31,/api/detection-crop?image=1356990399&x=744&y=626&crop=128,744.43,625.61,30.54,5,,3,0.757,,,,
BR-033,N1356985927,2000-12-31,/api/detection-crop?image=1356985927&x=516&y=404&crop=128,515.70,403.81,42.51,4,,3,0.879,,,,
BR-034,N1356976983,2000-12-31,/api/detection-crop?image=1356976983&x=714&y=944&crop=128,713.50,944.42,8.78,13,,3,0.984,,,,
BR-035,N1357667285,2001-01-08,/api/detection-crop?image=1357667285&x=731&y=735&crop=128,731.00,735.00,118.79,1,single_pixel|too_small,1,,,,,
BR-036,N1356981455,2000-12-31,/api/detection-crop?image=1356981455&x=910&y=321&crop=128,909.59,321.38,14.01,3,,3,0.994,,,,
BR-037,N1356990399,2000-12-31,/api/detection-crop?image=1356990399&x=446&y=115&crop=128,445.85,114.86,46.63,3,,3,0.972,,,,
BR-038,N1358117118,2001-01-13,/api/detection-crop?image=1358117118&x=318&y=946&crop=128,318.00,946.00,172.49,1,single_pixel|too_small,1,,,,,
BR-039,N1357676116,2001-01-08,/api/detection-crop?image=1357676116&x=402&y=601&crop=128,402.00,601.00,121.05,1,single_pixel|too_small,1,,,,,
BR-040,N1356990399,2000-12-31,/api/detection-crop?image=1356990399&x=626&y=57&crop=128,626.28,57.49,31.06,3,,3,0.888,,,,
BR-041,N1358099796,2001-01-13,/api/detection-crop?image=1358099796&x=813&y=819&crop=128,812.74,818.98,371.83,10,,1,1.000,,,,
BR-042,N1357685285,2001-01-08,/api/detection-crop?image=1357685285&x=475&y=382&crop=128,474.82,382.50,379.47,6,,1,1.000,,,,
BR-043,N1358063287,2001-01-13,/api/detection-crop?image=1358063287&x=402&y=601&crop=128,402.00,601.00,148.97,1,single_pixel|too_small,1,,,,,
BR-044,N1356985927,2000-12-31,/api/detection-crop?image=1356985927&x=923&y=771&crop=128,922.55,771.33,16.06,3,,3,0.789,,,,
BR-045,N1358063287,2001-01-13,/api/detection-crop?image=1358063287&x=492&y=4&crop=128,492.00,4.00,139.15,1,single_pixel|too_small,1,,,,,
BR-046,N1357810970,2001-01-10,/api/detection-crop?image=1357810970&x=956&y=355&crop=128,955.53,354.96,7.92,87,,1,,,,,
BR-047,N1357676116,2001-01-08,/api/detection-crop?image=1357676116&x=133&y=117&crop=128,133.00,117.00,120.42,1,single_pixel|too_small,1,,,,,
BR-048,N1356981845,2000-12-31,/api/detection-crop?image=1356981845&x=402&y=601&crop=128,402.00,601.00,128.17,1,single_pixel|too_small,1,,,,,
BR-049,N1357029177,2001-01-01,/api/detection-crop?image=1357029177&x=731&y=212&crop=128,731.37,212.49,27.55,75,,2,1.000,,,,
BR-050,N1358108118,2001-01-13,/api/detection-crop?image=1358108118&x=402&y=601&crop=128,402.00,601.00,131.08,1,single_pixel|too_small,1,,,,,
BR-051,N1357628584,2001-01-08,/api/detection-crop?image=1357628584&x=940&y=419&crop=128,939.70,418.53,223.82,11,,1,1.000,,,,
BR-052,N1356990399,2000-12-31,/api/detection-crop?image=1356990399&x=901&y=316&crop=128,900.63,316.07,30.93,6,,3,0.925,,,,
BR-053,N1357664584,2001-01-08,/api/detection-crop?image=1357664584&x=154&y=752&crop=128,153.93,752.40,243.76,4,,1,1.000,,,,
BR-054,N1356990399,2000-12-31,/api/detection-crop?image=1356990399&x=403&y=656&crop=128,402.62,656.20,41.20,5,,3,0.919,,,,
BR-055,N1357685285,2001-01-08,/api/detection-crop?image=1357685285&x=402&y=601&crop=128,402.00,601.00,147.11,1,single_pixel|too_small,1,,,,,
BR-056,N1358063118,2001-01-13,/api/detection-crop?image=1358063118&x=402&y=601&crop=128,402.00,601.00,129.67,1,single_pixel|too_small,1,,,,,
BR-057,N1358108287,2001-01-13,/api/detection-crop?image=1358108287&x=731&y=735&crop=128,731.00,735.00,129.94,1,single_pixel|too_small,1,,,,,
BR-058,N1357685116,2001-01-08,/api/detection-crop?image=1357685116&x=402&y=601&crop=128,402.00,601.00,128.88,1,single_pixel|too_small,1,,,,,
BR-059,N1356985927,2000-12-31,/api/detection-crop?image=1356985927&x=905&y=252&crop=128,905.42,252.21,35.64,3,,3,0.779,,,,
BR-060,N1357667794,2001-01-08,/api/detection-crop?image=1357667794&x=895&y=682&crop=128,895.25,681.83,270.60,4,,1,1.000,,,,
BR-061,N1357667116,2001-01-08,/api/detection-crop?image=1357667116&x=368&y=1009&crop=128,367.96,1009.04,402.78,5,,1,1.000,,,,
BR-062,N1357646584,2001-01-08,/api/detection-crop?image=1357646584&x=616&y=779&crop=128,616.14,779.43,205.13,3,,1,1.000,,,,
BR-063,N1356985927,2000-12-31,/api/detection-crop?image=1356985927&x=452&y=197&crop=128,451.71,196.90,44.99,3,,3,0.776,,,,
BR-064,N1356976983,2000-12-31,/api/detection-crop?image=1356976983&x=350&y=798&crop=128,349.71,798.22,44.32,5,,3,0.725,,,,
BR-065,N1357691416,2001-01-09,/api/detection-crop?image=1357691416&x=522&y=747&crop=128,522.00,747.00,176.83,1,single_pixel|too_small,1,,,,,
BR-066,N1357685285,2001-01-08,/api/detection-crop?image=1357685285&x=505&y=306&crop=128,504.70,306.29,162.69,6,,1,1.000,,,,
BR-067,N1358114587,2001-01-13,/api/detection-crop?image=1358114587&x=260&y=430&crop=128,259.57,429.91,229.84,9,,1,1.000,,,,
BR-068,N1357667285,2001-01-08,/api/detection-crop?image=1357667285&x=165&y=31&crop=128,164.95,31.31,287.36,4,,1,1.000,,,,
BR-069,N1357811330,2001-01-10,/api/detection-crop?image=1357811330&x=808&y=615&crop=128,807.98,614.96,428.93,34,,1,1.000,,,,
BR-070,N1357658284,2001-01-08,/api/detection-crop?image=1357658284&x=714&y=689&crop=128,713.61,689.45,370.72,16,,1,1.000,,,,
BR-071,N1357352003,2001-01-05,/api/detection-crop?image=1357352003&x=824&y=536&crop=128,823.83,535.84,564.80,5,,1,1.000,,,,
BR-072,N1356977373,2000-12-31,/api/detection-crop?image=1356977373&x=402&y=601&crop=128,402.00,601.00,118.77,1,single_pixel|too_small,1,,,,,
BR-073,N1356985927,2000-12-31,/api/detection-crop?image=1356985927&x=434&y=576&crop=128,433.66,575.91,41.70,3,,3,0.744,,,,
BR-074,N1356990399,2000-12-31,/api/detection-crop?image=1356990399&x=647&y=332&crop=128,647.43,332.24,18.02,3,,3,0.826,,,,
BR-075,N1356985927,2000-12-31,/api/detection-crop?image=1356985927&x=180&y=528&crop=128,180.25,527.56,12.51,3,,3,0.671,,,,
BR-076,N1356985927,2000-12-31,/api/detection-crop?image=1356985927&x=494&y=54&crop=128,493.50,54.00,11.67,4,,3,0.981,,,,
BR-077,N1357352003,2001-01-05,/api/detection-crop?image=1357352003&x=380&y=543&crop=128,380.15,543.48,164.61,8,,1,1.000,,,,
BR-078,N1358105418,2001-01-13,/api/detection-crop?image=1358105418&x=29&y=888&crop=128,28.87,888.11,363.68,17,,1,1.000,,,,
BR-079,N1357811330,2001-01-10,/api/detection-crop?image=1357811330&x=623&y=335&crop=128,623.00,335.00,150.48,1,single_pixel|too_small,1,,,,,
BR-080,N1357685116,2001-01-08,/api/detection-crop?image=1357685116&x=715&y=96&crop=128,715.00,96.00,366.52,1,single_pixel|too_small,1,,,,,
BR-081,N1357685285,2001-01-08,/api/detection-crop?image=1357685285&x=906&y=155&crop=128,906.18,154.87,255.45,4,,1,1.000,,,,
BR-082,N1357685285,2001-01-08,/api/detection-crop?image=1357685285&x=587&y=221&crop=128,587.04,220.95,205.82,3,,1,1.000,,,,
BR-083,N1358117118,2001-01-13,/api/detection-crop?image=1358117118&x=980&y=140&crop=128,979.81,140.15,184.23,4,,1,1.000,,,,
BR-084,N1356985927,2000-12-31,/api/detection-crop?image=1356985927&x=613&y=710&crop=128,612.58,709.56,23.17,4,,3,0.920,,,,
BR-085,N1357811330,2001-01-10,/api/detection-crop?image=1357811330&x=402&y=601&crop=128,402.00,601.00,292.83,1,single_pixel|too_small,1,,,,,
BR-086,N1357806858,2001-01-10,/api/detection-crop?image=1357806858&x=623&y=335&crop=128,623.00,335.00,152.87,1,single_pixel|too_small,1,,,,,
BR-087,N1357673416,2001-01-08,/api/detection-crop?image=1357673416&x=159&y=815&crop=128,158.93,814.90,178.46,4,,1,1.000,,,,
BR-088,N1357658284,2001-01-08,/api/detection-crop?image=1357658284&x=731&y=735&crop=128,731.00,735.00,126.73,1,single_pixel|too_small,1,,,,,
BR-089,N1356990399,2000-12-31,/api/detection-crop?image=1356990399&x=735&y=946&crop=128,734.98,945.68,8.34,3,,3,0.685,,,,
BR-090,N1357029177,2001-01-01,/api/detection-crop?image=1357029177&x=847&y=402&crop=128,847.00,402.23,24.75,13,,1,1.000,,,,
BR-091,N1357352003,2001-01-05,/api/detection-crop?image=1357352003&x=731&y=735&crop=128,731.00,735.00,150.99,1,single_pixel|too_small,1,,,,,
BR-092,N1357682416,2001-01-08,/api/detection-crop?image=1357682416&x=428&y=74&crop=128,428.07,73.69,317.53,6,,1,1.000,,,,
BR-093,N1356985927,2000-12-31,/api/detection-crop?image=1356985927&x=730&y=432&crop=128,730.33,432.12,36.45,4,,3,0.922,,,,
BR-094,N1356976983,2000-12-31,/api/detection-crop?image=1356976983&x=63&y=481&crop=128,62.82,480.68,31.42,4,,3,0.972,,,,
BR-095,N1357673585,2001-01-08,/api/detection-crop?image=1357673585&x=98&y=90&crop=128,98.12,89.79,250.98,3,,1,1.000,,,,
BR-096,N1357810970,2001-01-10,/api/detection-crop?image=1357810970&x=952&y=333&crop=128,951.80,333.08,8.14,15,,1,1.000,,,,
BR-097,N1357667285,2001-01-08,/api/detection-crop?image=1357667285&x=164&y=271&crop=128,164.06,271.23,363.49,9,,1,1.000,,,,
BR-098,N1357674094,2001-01-08,/api/detection-crop?image=1357674094&x=317&y=480&crop=128,316.82,479.90,203.84,5,,1,1.000,,,,
BR-099,N1356976983,2000-12-31,/api/detection-crop?image=1356976983&x=389&y=312&crop=128,389.49,311.88,19.69,4,,3,0.739,,,,
BR-100,N1357649284,2001-01-08,/api/detection-crop?image=1357649284&x=731&y=735&crop=128,731.00,735.00,127.78,1,single_pixel|too_small,1,,,,,
BR-101,N1356981455,2000-12-31,/api/detection-crop?image=1356981455&x=344&y=791&crop=128,343.62,791.13,38.33,10,,3,0.781,,,,
BR-102,N1358108287,2001-01-13,/api/detection-crop?image=1358108287&x=402&y=601&crop=128,402.00,601.00,151.10,1,single_pixel|too_small,1,,,,,
BR-103,N1357885387,2001-01-11,/api/detection-crop?image=1357885387&x=776&y=318&crop=128,776.00,318.00,7.50,1,single_pixel|too_small,1,,,,,
BR-104,N1356985927,2000-12-31,/api/detection-crop?image=1356985927&x=835&y=499&crop=128,835.23,498.82,24.92,3,,3,0.950,,,,
BR-105,N1356990399,2000-12-31,/api/detection-crop?image=1356990399&x=218&y=235&crop=128,218.44,234.51,46.05,4,,3,0.840,,,,
BR-106,N1358114587,2001-01-13,/api/detection-crop?image=1358114587&x=623&y=585&crop=128,622.86,585.04,178.89,3,,1,1.000,,,,
