candidate_id,image_id,run_date,review_batch,x,y,geometry_readiness,subobserver_lon_w,subsolar_lon_w,center_resolution_km_px,latitude_bounds,longitude_w_bounds,required_method,next_step
1357029177-0148,N1357029177,2001-01-01,01_known_validation_positive,731.37,212.49,frame_context_only,206.912,278.13,59.70812,,,camera_spice_projection,Use camera/SPICE projection; OPUS bounds are unavailable locally for this frame.
1357029177-0219,N1357029177,2001-01-01,01_known_validation_positive,847.00,402.23,frame_context_only,206.912,278.13,59.70812,,,camera_spice_projection,Use camera/SPICE projection; OPUS bounds are unavailable locally for this frame.
1357810970-0228,N1357810970,2001-01-10,01_known_validation_positive,951.80,333.08,frame_context_only,125.469,234.021,85.66921,,,camera_spice_projection,Use camera/SPICE projection; OPUS bounds are unavailable locally for this frame.
1357810970-0239,N1357810970,2001-01-10,01_known_validation_positive,955.53,354.96,frame_context_only,125.469,234.021,85.66921,,,camera_spice_projection,Use camera/SPICE projection; OPUS bounds are unavailable locally for this frame.
1357885387-0203,N1357885387,2001-01-11,01_known_validation_positive,776.00,318.00,frame_context_only,152.968,263.719,89.27488,,,camera_spice_projection,Use camera/SPICE projection; OPUS bounds are unavailable locally for this frame.
1357885387-0218,N1357885387,2001-01-11,01_known_validation_positive,769.65,339.50,frame_context_only,152.968,263.719,89.27488,,,camera_spice_projection,Use camera/SPICE projection; OPUS bounds are unavailable locally for this frame.
1356990399-0202,N1356990399,2000-12-31,02_temporal_persistence_check,402.62,656.20,frame_context_only,178.759,247.461,59.28928,,,camera_spice_projection,Use camera/SPICE projection; OPUS bounds are unavailable locally for this frame.
1356976983-0161,N1356976983,2000-12-31,02_temporal_persistence_check,62.82,480.68,frame_context_only,44.478,112.302,59.16949,,,camera_spice_projection,Use camera/SPICE projection; OPUS bounds are unavailable locally for this frame.
1356990399-0080,N1356990399,2000-12-31,02_temporal_persistence_check,900.63,316.07,frame_context_only,178.759,247.461,59.28928,,,camera_spice_projection,Use camera/SPICE projection; OPUS bounds are unavailable locally for this frame.
1356985927-0141,N1356985927,2000-12-31,02_temporal_persistence_check,730.33,432.12,frame_context_only,133.998,202.408,59.2479,,,camera_spice_projection,Use camera/SPICE projection; OPUS bounds are unavailable locally for this frame.
1356985927-0245,N1356985927,2000-12-31,02_temporal_persistence_check,612.58,709.56,frame_context_only,133.998,202.408,59.2479,,,camera_spice_projection,Use camera/SPICE projection; OPUS bounds are unavailable locally for this frame.
1356985927-0162,N1356985927,2000-12-31,02_temporal_persistence_check,835.23,498.82,frame_context_only,133.998,202.408,59.2479,,,camera_spice_projection,Use camera/SPICE projection; OPUS bounds are unavailable locally for this frame.
1356990399-0013,N1356990399,2000-12-31,02_temporal_persistence_check,626.28,57.49,frame_context_only,178.759,247.461,59.28928,,,camera_spice_projection,Use camera/SPICE projection; OPUS bounds are unavailable locally for this frame.
1356985927-0123,N1356985927,2000-12-31,02_temporal_persistence_check,515.70,403.81,frame_context_only,133.998,202.408,59.2479,,,camera_spice_projection,Use camera/SPICE projection; OPUS bounds are unavailable locally for this frame.
1356990399-0030,N1356990399,2000-12-31,02_temporal_persistence_check,445.85,114.86,frame_context_only,178.759,247.461,59.28928,,,camera_spice_projection,Use camera/SPICE projection; OPUS bounds are unavailable locally for this frame.
1356976983-0147,N1356976983,2000-12-31,02_temporal_persistence_check,718.12,439.44,frame_context_only,44.478,112.302,59.16949,,,camera_spice_projection,Use camera/SPICE projection; OPUS bounds are unavailable locally for this frame.
1356990399-0193,N1356990399,2000-12-31,02_temporal_persistence_check,744.43,625.61,frame_context_only,178.759,247.461,59.28928,,,camera_spice_projection,Use camera/SPICE projection; OPUS bounds are unavailable locally for this frame.
1356990399-0086,N1356990399,2000-12-31,02_temporal_persistence_check,647.43,332.24,frame_context_only,178.759,247.461,59.28928,,,camera_spice_projection,Use camera/SPICE projection; OPUS bounds are unavailable locally for this frame.
1356990399-0056,N1356990399,2000-12-31,02_temporal_persistence_check,218.44,234.51,frame_context_only,178.759,247.461,59.28928,,,camera_spice_projection,Use camera/SPICE projection; OPUS bounds are unavailable locally for this frame.
1356985927-0197,N1356985927,2000-12-31,02_temporal_persistence_check,116.23,575.74,frame_context_only,133.998,202.408,59.2479,,,camera_spice_projection,Use camera/SPICE projection; OPUS bounds are unavailable locally for this frame.
1356985927-0308,N1356985927,2000-12-31,02_temporal_persistence_check,922.55,771.33,frame_context_only,133.998,202.408,59.2479,,,camera_spice_projection,Use camera/SPICE projection; OPUS bounds are unavailable locally for this frame.
1356990399-0263,N1356990399,2000-12-31,02_temporal_persistence_check,382.48,864.12,frame_context_only,178.759,247.461,59.28928,,,camera_spice_projection,Use camera/SPICE projection; OPUS bounds are unavailable locally for this frame.
1356981455-0275,N1356981455,2000-12-31,02_temporal_persistence_check,343.62,791.13,frame_context_only,89.238,157.355,59.20797,,,camera_spice_projection,Use camera/SPICE projection; OPUS bounds are unavailable locally for this frame.
1356981455-0109,N1356981455,2000-12-31,02_temporal_persistence_check,909.59,321.38,frame_context_only,89.238,157.355,59.20797,,,camera_spice_projection,Use camera/SPICE projection; OPUS bounds are unavailable locally for this frame.
1356985927-0012,N1356985927,2000-12-31,02_temporal_persistence_check,493.50,54.00,frame_context_only,133.998,202.408,59.2479,,,camera_spice_projection,Use camera/SPICE projection; OPUS bounds are unavailable locally for this frame.
1356985927-0354,N1356985927,2000-12-31,02_temporal_persistence_check,558.34,822.42,frame_context_only,133.998,202.408,59.2479,,,camera_spice_projection,Use camera/SPICE projection; OPUS bounds are unavailable locally for this frame.
1356976983-0402,N1356976983,2000-12-31,02_temporal_persistence_check,713.50,944.42,frame_context_only,44.478,112.302,59.16949,,,camera_spice_projection,Use camera/SPICE projection; OPUS bounds are unavailable locally for this frame.
1356985927-0074,N1356985927,2000-12-31,02_temporal_persistence_check,905.42,252.21,frame_context_only,133.998,202.408,59.2479,,,camera_spice_projection,Use camera/SPICE projection; OPUS bounds are unavailable locally for this frame.
1356985927-0055,N1356985927,2000-12-31,02_temporal_persistence_check,451.71,196.90,frame_context_only,133.998,202.408,59.2479,,,camera_spice_projection,Use camera/SPICE projection; OPUS bounds are unavailable locally for this frame.
1356990399-0348,N1356990399,2000-12-31,02_temporal_persistence_check,734.98,945.68,frame_context_only,178.759,247.461,59.28928,,,camera_spice_projection,Use camera/SPICE projection; OPUS bounds are unavailable locally for this frame.
1356990399-0279,N1356990399,2000-12-31,02_temporal_persistence_check,859.48,919.10,frame_context_only,178.759,247.461,59.28928,,,camera_spice_projection,Use camera/SPICE projection; OPUS bounds are unavailable locally for this frame.
1356985927-0189,N1356985927,2000-12-31,02_temporal_persistence_check,752.72,567.15,frame_context_only,133.998,202.408,59.2479,,,camera_spice_projection,Use camera/SPICE projection; OPUS bounds are unavailable locally for this frame.
1356985927-0173,N1356985927,2000-12-31,02_temporal_persistence_check,180.25,527.56,frame_context_only,133.998,202.408,59.2479,,,camera_spice_projection,Use camera/SPICE projection; OPUS bounds are unavailable locally for this frame.
1356976983-0095,N1356976983,2000-12-31,02_temporal_persistence_check,389.49,311.88,frame_context_only,44.478,112.302,59.16949,,,camera_spice_projection,Use camera/SPICE projection; OPUS bounds are unavailable locally for this frame.
1356985927-0198,N1356985927,2000-12-31,02_temporal_persistence_check,433.66,575.91,frame_context_only,133.998,202.408,59.2479,,,camera_spice_projection,Use camera/SPICE projection; OPUS bounds are unavailable locally for this frame.
1356976983-0286,N1356976983,2000-12-31,02_temporal_persistence_check,349.71,798.22,frame_context_only,44.478,112.302,59.16949,,,camera_spice_projection,Use camera/SPICE projection; OPUS bounds are unavailable locally for this frame.
1357685116-0026,N1357685116,2001-01-08,03_negative_artifact_examples,715.00,96.00,image_bounds_only,301.752,46.13,79.86619,-86.394..-21.196,317.408..41.102,camera_spice_projection,Use camera/SPICE projection to map candidate x/y inside the image bounds.
1357806858-0398,N1357806858,2001-01-10,03_negative_artifact_examples,402.00,601.00,frame_context_only,84.171,192.595,85.47347,,,camera_spice_projection,Use camera/SPICE projection; OPUS bounds are unavailable locally for this frame.
1357811330-0392,N1357811330,2001-01-10,03_negative_artifact_examples,402.00,601.00,frame_context_only,129.085,237.648,85.68636,,,camera_spice_projection,Use camera/SPICE projection; OPUS bounds are unavailable locally for this frame.
1358063118-0224,N1358063118,2001-01-13,03_negative_artifact_examples,988.00,902.00,image_bounds_only,138.92,254.23,98.30992,7.22..83.569,146.312..212.411,camera_spice_projection,Use camera/SPICE projection to map candidate x/y inside the image bounds.
1357352003-0215,N1357352003,2001-01-05,03_negative_artifact_examples,402.00,601.00,frame_context_only,200.379,290.418,66.98342,,,camera_spice_projection,Use camera/SPICE projection; OPUS bounds are unavailable locally for this frame.
1357691416-0701,N1357691416,2001-01-09,03_negative_artifact_examples,522.00,747.00,image_bounds_only,4.997,109.598,80.14677,-84.43..-20.152,20.961..101.536,camera_spice_projection,Use camera/SPICE projection to map candidate x/y inside the image bounds.
1358117118-0283,N1358117118,2001-01-13,03_negative_artifact_examples,318.00,946.00,image_bounds_only,321.715,78.24,101.15423,-84.29..-11.907,349.066..56.509,camera_spice_projection,Use camera/SPICE projection to map candidate x/y inside the image bounds.
1357806858-0226,N1357806858,2001-01-10,03_negative_artifact_examples,623.00,335.00,frame_context_only,84.171,192.595,85.47347,,,camera_spice_projection,Use camera/SPICE projection; OPUS bounds are unavailable locally for this frame.
1358108287-0180,N1358108287,2001-01-13,03_negative_artifact_examples,402.00,601.00,image_bounds_only,232.783,349.113,100.68548,7.524..83.398,242.913..306.84,camera_spice_projection,Use camera/SPICE projection to map candidate x/y inside the image bounds.
1357352003-0267,N1357352003,2001-01-05,03_negative_artifact_examples,731.00,735.00,frame_context_only,200.379,290.418,66.98342,,,camera_spice_projection,Use camera/SPICE projection; OPUS bounds are unavailable locally for this frame.
1357811330-0216,N1357811330,2001-01-10,03_negative_artifact_examples,623.00,335.00,frame_context_only,129.085,237.648,85.68636,,,camera_spice_projection,Use camera/SPICE projection; OPUS bounds are unavailable locally for this frame.
1358117287-0194,N1358117287,2001-01-13,03_negative_artifact_examples,402.00,601.00,image_bounds_only,323.253,79.781,101.16235,-83.573..-11.751,350.549..56.438,camera_spice_projection,Use camera/SPICE projection to map candidate x/y inside the image bounds.
1358063287-0194,N1358063287,2001-01-13,03_negative_artifact_examples,402.00,601.00,image_bounds_only,140.458,255.771,98.31792,6.866..85.778,136.4..220.607,camera_spice_projection,Use camera/SPICE projection to map candidate x/y inside the image bounds.
1357685285-0182,N1357685285,2001-01-08,03_negative_artifact_examples,402.00,601.00,image_bounds_only,303.288,47.672,79.87299,-85.004..-20.972,318.909..36.268,camera_spice_projection,Use camera/SPICE projection to map candidate x/y inside the image bounds.
1357658284-0162,N1357658284,2001-01-08,03_negative_artifact_examples,402.00,601.00,image_bounds_only,32.248,135.655,78.68317,-84.017..-20.805,46.907..128.246,camera_spice_projection,Use camera/SPICE projection to map candidate x/y inside the image bounds.
1357676285-0173,N1357676285,2001-01-08,03_negative_artifact_examples,402.00,601.00,image_bounds_only,212.941,317.003,79.47407,17.119..83.478,210.06..284.098,camera_spice_projection,Use camera/SPICE projection to map candidate x/y inside the image bounds.
1357649284-0160,N1357649284,2001-01-08,03_negative_artifact_examples,402.00,601.00,image_bounds_only,301.911,44.986,78.29132,-86.958..-20.902,316.249..48.364,camera_spice_projection,Use camera/SPICE projection to map candidate x/y inside the image bounds.
1357667285-0154,N1357667285,2001-01-08,03_negative_artifact_examples,402.00,601.00,image_bounds_only,122.598,226.334,79.07746,17.212..85.95,102.686..198.753,camera_spice_projection,Use camera/SPICE projection to map candidate x/y inside the image bounds.
1358063287-0001,N1358063287,2001-01-13,03_negative_artifact_examples,492.00,4.00,image_bounds_only,140.458,255.771,98.31792,6.866..85.778,136.4..220.607,camera_spice_projection,Use camera/SPICE projection to map candidate x/y inside the image bounds.
1357631284-0168,N1357631284,2001-01-08,03_negative_artifact_examples,402.00,601.00,image_bounds_only,121.248,223.649,77.51497,16.57..84.39,114.043..193.197,camera_spice_projection,Use camera/SPICE projection to map candidate x/y inside the image bounds.
1357352003-0272,N1357352003,2001-01-05,04_strong_single_frame_check,626.87,751.47,frame_context_only,200.379,290.418,66.98342,,,camera_spice_projection,Use camera/SPICE projection; OPUS bounds are unavailable locally for this frame.
1357811330-0180,N1357811330,2001-01-10,04_strong_single_frame_check,637.48,276.04,frame_context_only,129.085,237.648,85.68636,,,camera_spice_projection,Use camera/SPICE projection; OPUS bounds are unavailable locally for this frame.
1357811330-0399,N1357811330,2001-01-10,04_strong_single_frame_check,807.98,614.96,frame_context_only,129.085,237.648,85.68636,,,camera_spice_projection,Use camera/SPICE projection; OPUS bounds are unavailable locally for this frame.
1358099796-0108,N1358099796,2001-01-13,04_strong_single_frame_check,812.74,818.98,image_bounds_only,147.772,263.915,100.23837,6.914..83.322,157.755..220.197,camera_spice_projection,Use camera/SPICE projection to map candidate x/y inside the image bounds.
1357658284-0195,N1357658284,2001-01-08,04_strong_single_frame_check,713.61,689.45,image_bounds_only,32.248,135.655,78.68317,-84.017..-20.805,46.907..128.246,camera_spice_projection,Use camera/SPICE projection to map candidate x/y inside the image bounds.
1358105418-1483,N1358105418,2001-01-13,04_strong_single_frame_check,28.87,888.11,image_bounds_only,204.104,320.371,100.53454,7.056..84.878,204.166..288.532,camera_spice_projection,Use camera/SPICE projection to map candidate x/y inside the image bounds.
1357667285-0063,N1357667285,2001-01-08,04_strong_single_frame_check,164.06,271.23,image_bounds_only,122.598,226.334,79.07746,17.212..85.95,102.686..198.753,camera_spice_projection,Use camera/SPICE projection to map candidate x/y inside the image bounds.
1357646415-0076,N1357646415,2001-01-08,04_strong_single_frame_check,689.56,470.36,image_bounds_only,273.275,16.244,78.16761,-86.713..-19.723,287.608..20.953,camera_spice_projection,Use camera/SPICE projection to map candidate x/y inside the image bounds.
1358114587-0079,N1358114587,2001-01-13,04_strong_single_frame_check,259.57,429.91,image_bounds_only,296.112,52.581,101.01918,-84.435..-10.49,323.39..35.467,camera_spice_projection,Use camera/SPICE projection to map candidate x/y inside the image bounds.
1357628584-0070,N1357628584,2001-01-08,04_strong_single_frame_check,939.70,418.53,image_bounds_only,94.15,196.448,77.39938,16.605..84.875,87.497..177.712,camera_spice_projection,Use camera/SPICE projection to map candidate x/y inside the image bounds.
1357352003-0194,N1357352003,2001-01-05,04_strong_single_frame_check,380.15,543.48,frame_context_only,200.379,290.418,66.98342,,,camera_spice_projection,Use camera/SPICE projection; OPUS bounds are unavailable locally for this frame.
1357637415-0069,N1357637415,2001-01-08,04_strong_single_frame_check,95.74,471.57,image_bounds_only,182.943,285.576,77.77898,16.833..83.583,179.527..263.49,camera_spice_projection,Use camera/SPICE projection to map candidate x/y inside the image bounds.
1357665093-0016,N1357665093,2001-01-08,04_strong_single_frame_check,807.46,164.30,image_bounds_only,100.936,204.594,78.98272,17.069..85.181,93.44..182.487,camera_spice_projection,Use camera/SPICE projection to map candidate x/y inside the image bounds.
1357685285-0112,N1357685285,2001-01-08,04_strong_single_frame_check,474.82,382.50,image_bounds_only,303.288,47.672,79.87299,-85.004..-20.972,318.909..36.268,camera_spice_projection,Use camera/SPICE projection to map candidate x/y inside the image bounds.
1357682416-0008,N1357682416,2001-01-08,04_strong_single_frame_check,428.07,73.69,image_bounds_only,274.648,18.93,79.74628,-86.933..-20.091,290.197..22.031,camera_spice_projection,Use camera/SPICE projection to map candidate x/y inside the image bounds.
1357685285-0093,N1357685285,2001-01-08,04_strong_single_frame_check,504.70,306.29,image_bounds_only,303.288,47.672,79.87299,-85.004..-20.972,318.909..36.268,camera_spice_projection,Use camera/SPICE projection to map candidate x/y inside the image bounds.
1357352003-0192,N1357352003,2001-01-05,04_strong_single_frame_check,823.83,535.84,frame_context_only,200.379,290.418,66.98342,,,camera_spice_projection,Use camera/SPICE projection; OPUS bounds are unavailable locally for this frame.
1357667116-1600,N1357667116,2001-01-08,04_strong_single_frame_check,367.96,1009.04,image_bounds_only,121.062,224.793,79.07074,16.773..84.438,118.201..196.696,camera_spice_projection,Use camera/SPICE projection to map candidate x/y inside the image bounds.
1357674094-0052,N1357674094,2001-01-08,04_strong_single_frame_check,316.82,479.90,image_bounds_only,191.289,295.273,79.3788,17.074..83.318,188.713..274.937,camera_spice_projection,Use camera/SPICE projection to map candidate x/y inside the image bounds.
1357638093-0061,N1357638093,2001-01-08,04_strong_single_frame_check,717.61,548.63,image_bounds_only,189.929,292.588,77.80895,16.812..83.335,187.486..274.485,camera_spice_projection,Use camera/SPICE projection to map candidate x/y inside the image bounds.
1357667285-0006,N1357667285,2001-01-08,05_low_priority_hold,164.95,31.31,image_bounds_only,122.598,226.334,79.07746,17.212..85.95,102.686..198.753,camera_spice_projection,Use camera/SPICE projection to map candidate x/y inside the image bounds.
1357667794-0108,N1357667794,2001-01-08,05_low_priority_hold,895.25,681.83,image_bounds_only,128.049,231.805,79.10133,16.854..84.678,123.85..200.79,camera_spice_projection,Use camera/SPICE projection to map candidate x/y inside the image bounds.
1357685285-0055,N1357685285,2001-01-08,05_low_priority_hold,906.18,154.87,image_bounds_only,303.288,47.672,79.87299,-85.004..-20.972,318.909..36.268,camera_spice_projection,Use camera/SPICE projection to map candidate x/y inside the image bounds.
1357664584-0715,N1357664584,2001-01-08,05_low_priority_hold,153.93,752.40,image_bounds_only,95.486,199.123,78.9589,17.149..86.25,83.444..178.612,camera_spice_projection,Use camera/SPICE projection to map candidate x/y inside the image bounds.
1358117118-0033,N1358117118,2001-01-13,05_low_priority_hold,979.81,140.15,image_bounds_only,321.715,78.24,101.15423,-84.29..-11.907,349.066..56.509,camera_spice_projection,Use camera/SPICE projection to map candidate x/y inside the image bounds.
1357673416-1543,N1357673416,2001-01-08,05_low_priority_hold,158.93,814.90,image_bounds_only,184.302,288.261,79.34809,17.092..83.391,182.314..264.71,camera_spice_projection,Use camera/SPICE projection to map candidate x/y inside the image bounds.
1357673585-0019,N1357673585,2001-01-08,05_low_priority_hold,98.12,89.79,image_bounds_only,185.838,289.802,79.35484,17.296..84.407,182.527..270.712,camera_spice_projection,Use camera/SPICE projection to map candidate x/y inside the image bounds.
1357685285-0071,N1357685285,2001-01-08,05_low_priority_hold,587.04,220.95,image_bounds_only,303.288,47.672,79.87299,-85.004..-20.972,318.909..36.268,camera_spice_projection,Use camera/SPICE projection to map candidate x/y inside the image bounds.
1357646584-0889,N1357646584,2001-01-08,05_low_priority_hold,616.14,779.43,image_bounds_only,274.811,17.786,78.17424,-84.719..-19.413,288.941..8.384,camera_spice_projection,Use camera/SPICE projection to map candidate x/y inside the image bounds.
1358114587-0121,N1358114587,2001-01-13,05_low_priority_hold,622.86,585.04,image_bounds_only,296.112,52.581,101.01918,-84.435..-10.49,323.39..35.467,camera_spice_projection,Use camera/SPICE projection to map candidate x/y inside the image bounds.
1358117287-0242,N1358117287,2001-01-13,05_low_priority_hold,731.00,735.00,image_bounds_only,323.253,79.781,101.16235,-83.573..-11.751,350.549..56.438,camera_spice_projection,Use camera/SPICE projection to map candidate x/y inside the image bounds.
1358108118-0149,N1358108118,2001-01-13,05_low_priority_hold,402.00,601.00,image_bounds_only,231.245,347.571,100.67738,7.323..82.887,243.407..307.599,camera_spice_projection,Use camera/SPICE projection to map candidate x/y inside the image bounds.
1358108287-0236,N1358108287,2001-01-13,05_low_priority_hold,731.00,735.00,image_bounds_only,232.783,349.113,100.68548,7.524..83.398,242.913..306.84,camera_spice_projection,Use camera/SPICE projection to map candidate x/y inside the image bounds.
1357685285-0216,N1357685285,2001-01-08,05_low_priority_hold,731.00,735.00,image_bounds_only,303.288,47.672,79.87299,-85.004..-20.972,318.909..36.268,camera_spice_projection,Use camera/SPICE projection to map candidate x/y inside the image bounds.
1358063118-0152,N1358063118,2001-01-13,05_low_priority_hold,402.00,601.00,image_bounds_only,138.92,254.23,98.30992,7.22..83.569,146.312..212.411,camera_spice_projection,Use camera/SPICE projection to map candidate x/y inside the image bounds.
1357685116-0155,N1357685116,2001-01-08,05_low_priority_hold,402.00,601.00,image_bounds_only,301.752,46.13,79.86619,-86.394..-21.196,317.408..41.102,camera_spice_projection,Use camera/SPICE projection to map candidate x/y inside the image bounds.
1358063287-0234,N1358063287,2001-01-13,05_low_priority_hold,731.00,735.00,image_bounds_only,140.458,255.771,98.31792,6.866..85.778,136.4..220.607,camera_spice_projection,Use camera/SPICE projection to map candidate x/y inside the image bounds.
1356981845-0194,N1356981845,2000-12-31,05_low_priority_hold,402.00,601.00,frame_context_only,93.141,161.284,59.21139,,,camera_spice_projection,Use camera/SPICE projection; OPUS bounds are unavailable locally for this frame.
1357649284-0201,N1357649284,2001-01-08,05_low_priority_hold,731.00,735.00,image_bounds_only,301.911,44.986,78.29132,-86.958..-20.902,316.249..48.364,camera_spice_projection,Use camera/SPICE projection to map candidate x/y inside the image bounds.
1357658284-0216,N1357658284,2001-01-08,05_low_priority_hold,731.00,735.00,image_bounds_only,32.248,135.655,78.68317,-84.017..-20.805,46.907..128.246,camera_spice_projection,Use camera/SPICE projection to map candidate x/y inside the image bounds.
1358117118-0135,N1358117118,2001-01-13,05_low_priority_hold,402.00,601.00,image_bounds_only,321.715,78.24,101.15423,-84.29..-11.907,349.066..56.509,camera_spice_projection,Use camera/SPICE projection to map candidate x/y inside the image bounds.
1357658115-0139,N1357658115,2001-01-08,05_low_priority_hold,402.00,601.00,image_bounds_only,30.712,134.114,78.67649,-85.202..-20.988,45.369..123.149,camera_spice_projection,Use camera/SPICE projection to map candidate x/y inside the image bounds.
1357667116-0147,N1357667116,2001-01-08,05_low_priority_hold,402.00,601.00,image_bounds_only,121.062,224.793,79.07074,16.773..84.438,118.201..196.696,camera_spice_projection,Use camera/SPICE projection to map candidate x/y inside the image bounds.
1357649115-0135,N1357649115,2001-01-08,05_low_priority_hold,402.00,601.00,image_bounds_only,300.376,43.445,78.28468,-84.438..-21.088,314.709..35.917,camera_spice_projection,Use camera/SPICE projection to map candidate x/y inside the image bounds.
1357676116-0127,N1357676116,2001-01-08,05_low_priority_hold,402.00,601.00,image_bounds_only,211.406,315.461,79.4673,17.425..85.21,203.886..279.535,camera_spice_projection,Use camera/SPICE projection to map candidate x/y inside the image bounds.
1357676285-0213,N1357676285,2001-01-08,05_low_priority_hold,731.00,735.00,image_bounds_only,212.941,317.003,79.47407,17.119..83.478,210.06..284.098,camera_spice_projection,Use camera/SPICE projection to map candidate x/y inside the image bounds.
1357676116-0023,N1357676116,2001-01-08,05_low_priority_hold,133.00,117.00,image_bounds_only,211.406,315.461,79.4673,17.425..85.21,203.886..279.535,camera_spice_projection,Use camera/SPICE projection to map candidate x/y inside the image bounds.
1358063287-0081,N1358063287,2001-01-13,05_low_priority_hold,399.00,299.00,image_bounds_only,140.458,255.771,98.31792,6.866..85.778,136.4..220.607,camera_spice_projection,Use camera/SPICE projection to map candidate x/y inside the image bounds.
1357667285-0194,N1357667285,2001-01-08,05_low_priority_hold,731.00,735.00,image_bounds_only,122.598,226.334,79.07746,17.212..85.95,102.686..198.753,camera_spice_projection,Use camera/SPICE projection to map candidate x/y inside the image bounds.
1356977373-0211,N1356977373,2000-12-31,05_low_priority_hold,402.00,601.00,frame_context_only,48.381,116.231,59.17279,,,camera_spice_projection,Use camera/SPICE projection; OPUS bounds are unavailable locally for this frame.
