run_date,run_label,frame_index,opus_id,image_id,image_number,time,duration_seconds,camera,filter,center_resolution_km_px,candidate_count,review_candidate_count,calibrated_image,calibrated_label,preview_image
2000-12-31,"December 31, 2000 NAC/H-alpha",0,co-iss-n1356976983,N1356976983,1356976983,2000-12-31T17:50:52.890,32,Narrow Angle,HAL,59.16949,413,41,data\calibrated\N1356976983_4_CALIB.IMG,data\calibrated\N1356976983_4_CALIB.LBL,data\previews\N1356976983_4_full.png
2000-12-31,"December 31, 2000 NAC/H-alpha",1,co-iss-n1356977373,N1356977373,1356977373,2000-12-31T17:57:22.887,32,Narrow Angle,HAL,59.17279,359,36,data\calibrated\N1356977373_4_CALIB.IMG,data\calibrated\N1356977373_4_CALIB.LBL,data\previews\N1356977373_4_full.png
2000-12-31,"December 31, 2000 NAC/H-alpha",2,co-iss-n1356977733,N1356977733,1356977733,2000-12-31T18:03:22.885,32,Narrow Angle,HAL,59.17584,427,62,data\calibrated\N1356977733_4_CALIB.IMG,data\calibrated\N1356977733_4_CALIB.LBL,data\previews\N1356977733_4_full.png
2000-12-31,"December 31, 2000 NAC/H-alpha",3,co-iss-n1356981455,N1356981455,1356981455,2000-12-31T19:05:24.859,32,Narrow Angle,HAL,59.20797,398,46,data\calibrated\N1356981455_4_CALIB.IMG,data\calibrated\N1356981455_4_CALIB.LBL,data\previews\N1356981455_4_full.png
2000-12-31,"December 31, 2000 NAC/H-alpha",4,co-iss-n1356981845,N1356981845,1356981845,2000-12-31T19:11:54.857,32,Narrow Angle,HAL,59.21139,364,35,data\calibrated\N1356981845_4_CALIB.IMG,data\calibrated\N1356981845_4_CALIB.LBL,data\previews\N1356981845_4_full.png
2000-12-31,"December 31, 2000 NAC/H-alpha",5,co-iss-n1356982205,N1356982205,1356982205,2000-12-31T19:17:54.854,32,Narrow Angle,HAL,59.21457,412,38,data\calibrated\N1356982205_4_CALIB.IMG,data\calibrated\N1356982205_4_CALIB.LBL,data\previews\N1356982205_4_full.png
2000-12-31,"December 31, 2000 NAC/H-alpha",6,co-iss-n1356985927,N1356985927,1356985927,2000-12-31T20:19:56.828,32,Narrow Angle,HAL,59.2479,539,70,data\calibrated\N1356985927_4_CALIB.IMG,data\calibrated\N1356985927_4_CALIB.LBL,data\previews\N1356985927_4_full.png
2000-12-31,"December 31, 2000 NAC/H-alpha",7,co-iss-n1356986317,N1356986317,1356986317,2000-12-31T20:26:26.826,32,Narrow Angle,HAL,59.25145,411,37,data\calibrated\N1356986317_4_CALIB.IMG,data\calibrated\N1356986317_4_CALIB.LBL,data\previews\N1356986317_4_full.png
2000-12-31,"December 31, 2000 NAC/H-alpha",8,co-iss-n1356986677,N1356986677,1356986677,2000-12-31T20:32:26.823,32,Narrow Angle,HAL,59.25474,425,50,data\calibrated\N1356986677_4_CALIB.IMG,data\calibrated\N1356986677_4_CALIB.LBL,data\previews\N1356986677_4_full.png
2000-12-31,"December 31, 2000 NAC/H-alpha",9,co-iss-n1356990399,N1356990399,1356990399,2000-12-31T21:34:28.797,32,Narrow Angle,HAL,59.28928,363,40,data\calibrated\N1356990399_4_CALIB.IMG,data\calibrated\N1356990399_4_CALIB.LBL,data\previews\N1356990399_4_full.png
2000-12-31,"December 31, 2000 NAC/H-alpha",10,co-iss-n1356990789,N1356990789,1356990789,2000-12-31T21:40:58.795,32,Narrow Angle,HAL,59.29296,420,46,data\calibrated\N1356990789_4_CALIB.IMG,data\calibrated\N1356990789_4_CALIB.LBL,data\previews\N1356990789_4_full.png
2000-12-31,"December 31, 2000 NAC/H-alpha",11,co-iss-n1356991149,N1356991149,1356991149,2000-12-31T21:46:58.792,32,Narrow Angle,HAL,59.29636,504,64,data\calibrated\N1356991149_3_CALIB.IMG,data\calibrated\N1356991149_3_CALIB.LBL,data\previews\N1356991149_3_full.png
2001-01-01,"January 1, 2001 NAC/H-alpha",0,co-iss-n1357008677,N1357008677,1357008677,2001-01-01T02:39:06.671,32,Narrow Angle,HAL,59.47335,243,20,data\calibrated\N1357008677_2_CALIB.IMG,data\calibrated\N1357008677_2_CALIB.LBL,data\previews\N1357008677_2_full.png
2001-01-01,"January 1, 2001 NAC/H-alpha",1,co-iss-n1357009037,N1357009037,1357009037,2001-01-01T02:45:06.668,32,Narrow Angle,HAL,59.47722,410,49,data\calibrated\N1357009037_2_CALIB.IMG,data\calibrated\N1357009037_2_CALIB.LBL,data\previews\N1357009037_2_full.png
2001-01-01,"January 1, 2001 NAC/H-alpha",2,co-iss-n1357015011,N1357015011,1357015011,2001-01-01T04:24:40.627,32,Narrow Angle,HAL,59.54271,573,65,data\calibrated\N1357015011_2_CALIB.IMG,data\calibrated\N1357015011_2_CALIB.LBL,data\previews\N1357015011_2_full.png
2001-01-01,"January 1, 2001 NAC/H-alpha",3,co-iss-n1357015401,N1357015401,1357015401,2001-01-01T04:31:10.624,32,Narrow Angle,HAL,59.54708,393,37,data\calibrated\N1357015401_2_CALIB.IMG,data\calibrated\N1357015401_2_CALIB.LBL,data\previews\N1357015401_2_full.png
2001-01-01,"January 1, 2001 NAC/H-alpha",4,co-iss-n1357015761,N1357015761,1357015761,2001-01-01T04:37:10.622,32,Narrow Angle,HAL,59.55111,437,51,data\calibrated\N1357015761_2_CALIB.IMG,data\calibrated\N1357015761_2_CALIB.LBL,data\previews\N1357015761_2_full.png
2001-01-01,"January 1, 2001 NAC/H-alpha",5,co-iss-n1357019483,N1357019483,1357019483,2001-01-01T05:39:12.596,32,Narrow Angle,HAL,59.5934,446,47,data\calibrated\N1357019483_2_CALIB.IMG,data\calibrated\N1357019483_2_CALIB.LBL,data\previews\N1357019483_2_full.png
2001-01-01,"January 1, 2001 NAC/H-alpha",6,co-iss-n1357019873,N1357019873,1357019873,2001-01-01T05:45:42.593,32,Narrow Angle,HAL,59.59788,384,53,data\calibrated\N1357019873_2_CALIB.IMG,data\calibrated\N1357019873_2_CALIB.LBL,data\previews\N1357019873_2_full.png
2001-01-01,"January 1, 2001 NAC/H-alpha",7,co-iss-n1357020233,N1357020233,1357020233,2001-01-01T05:51:42.591,32,Narrow Angle,HAL,59.60204,408,61,data\calibrated\N1357020233_2_CALIB.IMG,data\calibrated\N1357020233_2_CALIB.LBL,data\previews\N1357020233_2_full.png
2001-01-01,"January 1, 2001 NAC/H-alpha",8,co-iss-n1357023955,N1357023955,1357023955,2001-01-01T06:53:44.565,32,Narrow Angle,HAL,59.6455,420,54,data\calibrated\N1357023955_2_CALIB.IMG,data\calibrated\N1357023955_2_CALIB.LBL,data\previews\N1357023955_2_full.png
2001-01-01,"January 1, 2001 NAC/H-alpha",9,co-iss-n1357024345,N1357024345,1357024345,2001-01-01T07:00:14.562,32,Narrow Angle,HAL,59.65011,400,47,data\calibrated\N1357024345_2_CALIB.IMG,data\calibrated\N1357024345_2_CALIB.LBL,data\previews\N1357024345_2_full.png
2001-01-01,"January 1, 2001 NAC/H-alpha",10,co-iss-n1357024705,N1357024705,1357024705,2001-01-01T07:06:14.560,32,Narrow Angle,HAL,59.65437,423,44,data\calibrated\N1357024705_2_CALIB.IMG,data\calibrated\N1357024705_2_CALIB.LBL,data\previews\N1357024705_2_full.png
2001-01-01,"January 1, 2001 NAC/H-alpha",11,co-iss-n1357028427,N1357028427,1357028427,2001-01-01T08:08:16.534,32,Narrow Angle,HAL,59.69901,439,58,data\calibrated\N1357028427_2_CALIB.IMG,data\calibrated\N1357028427_2_CALIB.LBL,data\previews\N1357028427_2_full.png
2001-01-01,"January 1, 2001 NAC/H-alpha",12,co-iss-n1357028817,N1357028817,1357028817,2001-01-01T08:14:46.531,32,Narrow Angle,HAL,59.70374,426,59,data\calibrated\N1357028817_2_CALIB.IMG,data\calibrated\N1357028817_2_CALIB.LBL,data\previews\N1357028817_2_full.png
2001-01-01,"January 1, 2001 NAC/H-alpha",13,co-iss-n1357029177,N1357029177,1357029177,2001-01-01T08:20:46.529,32,Narrow Angle,HAL,59.70812,424,49,data\calibrated\N1357029177_2_CALIB.IMG,data\calibrated\N1357029177_2_CALIB.LBL,data\previews\N1357029177_2_full.png
2001-01-01,"January 1, 2001 NAC/H-alpha",14,co-iss-n1357032899,N1357032899,1357032899,2001-01-01T09:22:48.503,32,Narrow Angle,HAL,59.75393,400,35,data\calibrated\N1357032899_2_CALIB.IMG,data\calibrated\N1357032899_2_CALIB.LBL,data\previews\N1357032899_2_full.png
2001-01-01,"January 1, 2001 NAC/H-alpha",15,co-iss-n1357033289,N1357033289,1357033289,2001-01-01T09:29:18.500,32,Narrow Angle,HAL,59.75878,408,46,data\calibrated\N1357033289_2_CALIB.IMG,data\calibrated\N1357033289_2_CALIB.LBL,data\previews\N1357033289_2_full.png
2001-01-01,"January 1, 2001 NAC/H-alpha",16,co-iss-n1357033649,N1357033649,1357033649,2001-01-01T09:35:18.498,32,Narrow Angle,HAL,59.76328,399,39,data\calibrated\N1357033649_2_CALIB.IMG,data\calibrated\N1357033649_2_CALIB.LBL,data\previews\N1357033649_2_full.png
2001-01-01,"January 1, 2001 NAC/H-alpha",17,co-iss-n1357037371,N1357037371,1357037371,2001-01-01T10:37:20.472,32,Narrow Angle,HAL,59.81025,419,56,data\calibrated\N1357037371_2_CALIB.IMG,data\calibrated\N1357037371_2_CALIB.LBL,data\previews\N1357037371_2_full.png
2001-01-01,"January 1, 2001 NAC/H-alpha",18,co-iss-n1357037761,N1357037761,1357037761,2001-01-01T10:43:50.469,32,Narrow Angle,HAL,59.81523,409,50,data\calibrated\N1357037761_2_CALIB.IMG,data\calibrated\N1357037761_2_CALIB.LBL,data\previews\N1357037761_2_full.png
2001-01-01,"January 1, 2001 NAC/H-alpha",19,co-iss-n1357038121,N1357038121,1357038121,2001-01-01T10:49:50.467,32,Narrow Angle,HAL,59.81983,407,49,data\calibrated\N1357038121_2_CALIB.IMG,data\calibrated\N1357038121_2_CALIB.LBL,data\previews\N1357038121_2_full.png
2001-01-01,"January 1, 2001 NAC/H-alpha",20,co-iss-n1357041843,N1357041843,1357041843,2001-01-01T11:51:52.441,32,Narrow Angle,HAL,59.86797,370,32,data\calibrated\N1357041843_2_CALIB.IMG,data\calibrated\N1357041843_2_CALIB.LBL,data\previews\N1357041843_2_full.png
2001-01-01,"January 1, 2001 NAC/H-alpha",21,co-iss-n1357042233,N1357042233,1357042233,2001-01-01T11:58:22.438,32,Narrow Angle,HAL,59.87307,402,40,data\calibrated\N1357042233_2_CALIB.IMG,data\calibrated\N1357042233_2_CALIB.LBL,data\previews\N1357042233_2_full.png
2001-01-01,"January 1, 2001 NAC/H-alpha",22,co-iss-n1357042593,N1357042593,1357042593,2001-01-01T12:04:22.436,32,Narrow Angle,HAL,59.87778,407,53,data\calibrated\N1357042593_2_CALIB.IMG,data\calibrated\N1357042593_2_CALIB.LBL,data\previews\N1357042593_2_full.png
2001-01-04,"January 4, 2001 NAC/H-alpha",0,co-iss-n1357313585,N1357313585,1357313585,2001-01-04T15:20:52.559,32,Narrow Angle,HAL,65.80111,240,28,data\calibrated\N1357313585_2_CALIB.IMG,data\calibrated\N1357313585_2_CALIB.LBL,data\previews\N1357313585_2_full.png
2001-01-04,"January 4, 2001 NAC/H-alpha",1,co-iss-n1357313975,N1357313975,1357313975,2001-01-04T15:27:22.557,32,Narrow Angle,HAL,65.81273,243,27,data\calibrated\N1357313975_2_CALIB.IMG,data\calibrated\N1357313975_2_CALIB.LBL,data\previews\N1357313975_2_full.png
2001-01-04,"January 4, 2001 NAC/H-alpha",2,co-iss-n1357314335,N1357314335,1357314335,2001-01-04T15:33:22.554,32,Narrow Angle,HAL,65.82347,232,33,data\calibrated\N1357314335_2_CALIB.IMG,data\calibrated\N1357314335_2_CALIB.LBL,data\previews\N1357314335_2_full.png
2001-01-04,"January 4, 2001 NAC/H-alpha",3,co-iss-n1357318057,N1357318057,1357318057,2001-01-04T16:35:24.528,32,Narrow Angle,HAL,65.93486,188,20,data\calibrated\N1357318057_2_CALIB.IMG,data\calibrated\N1357318057_2_CALIB.LBL,data\previews\N1357318057_2_full.png
2001-01-04,"January 4, 2001 NAC/H-alpha",4,co-iss-n1357318447,N1357318447,1357318447,2001-01-04T16:41:54.526,32,Narrow Angle,HAL,65.94658,222,27,data\calibrated\N1357318447_2_CALIB.IMG,data\calibrated\N1357318447_2_CALIB.LBL,data\previews\N1357318447_2_full.png
2001-01-04,"January 4, 2001 NAC/H-alpha",5,co-iss-n1357327001,N1357327001,1357327001,2001-01-04T19:04:28.466,32,Narrow Angle,HAL,66.20548,227,33,data\calibrated\N1357327001_2_CALIB.IMG,data\calibrated\N1357327001_2_CALIB.LBL,data\previews\N1357327001_2_full.png
2001-01-04,"January 4, 2001 NAC/H-alpha",6,co-iss-n1357327391,N1357327391,1357327391,2001-01-04T19:10:58.464,32,Narrow Angle,HAL,66.21737,210,29,data\calibrated\N1357327391_2_CALIB.IMG,data\calibrated\N1357327391_2_CALIB.LBL,data\previews\N1357327391_2_full.png
2001-01-04,"January 4, 2001 NAC/H-alpha",7,co-iss-n1357327751,N1357327751,1357327751,2001-01-04T19:16:58.461,32,Narrow Angle,HAL,66.22836,225,22,data\calibrated\N1357327751_2_CALIB.IMG,data\calibrated\N1357327751_2_CALIB.LBL,data\previews\N1357327751_2_full.png
2001-01-04,"January 4, 2001 NAC/H-alpha",8,co-iss-n1357331473,N1357331473,1357331473,2001-01-04T20:19:00.435,32,Narrow Angle,HAL,66.34232,217,26,data\calibrated\N1357331473_2_CALIB.IMG,data\calibrated\N1357331473_2_CALIB.LBL,data\previews\N1357331473_2_full.png
2001-01-04,"January 4, 2001 NAC/H-alpha",9,co-iss-n1357331863,N1357331863,1357331863,2001-01-04T20:25:30.433,32,Narrow Angle,HAL,66.3543,382,60,data\calibrated\N1357331863_2_CALIB.IMG,data\calibrated\N1357331863_2_CALIB.LBL,data\previews\N1357331863_2_full.png
2001-01-04,"January 4, 2001 NAC/H-alpha",10,co-iss-n1357332223,N1357332223,1357332223,2001-01-04T20:31:30.430,32,Narrow Angle,HAL,66.36537,214,29,data\calibrated\N1357332223_2_CALIB.IMG,data\calibrated\N1357332223_2_CALIB.LBL,data\previews\N1357332223_2_full.png
2001-01-04,"January 4, 2001 NAC/H-alpha",11,co-iss-n1357335945,N1357335945,1357335945,2001-01-04T21:33:32.404,32,Narrow Angle,HAL,66.48017,192,25,data\calibrated\N1357335945_2_CALIB.IMG,data\calibrated\N1357335945_2_CALIB.LBL,data\previews\N1357335945_2_full.png
2001-01-04,"January 4, 2001 NAC/H-alpha",12,co-iss-n1357336335,N1357336335,1357336335,2001-01-04T21:40:02.402,32,Narrow Angle,HAL,66.49224,225,33,data\calibrated\N1357336335_2_CALIB.IMG,data\calibrated\N1357336335_2_CALIB.LBL,data\previews\N1357336335_2_full.png
2001-01-04,"January 4, 2001 NAC/H-alpha",13,co-iss-n1357336695,N1357336695,1357336695,2001-01-04T21:46:02.399,32,Narrow Angle,HAL,66.50339,216,22,data\calibrated\N1357336695_2_CALIB.IMG,data\calibrated\N1357336695_2_CALIB.LBL,data\previews\N1357336695_2_full.png
2001-01-04,"January 4, 2001 NAC/H-alpha",14,co-iss-n1357340417,N1357340417,1357340417,2001-01-04T22:48:04.373,32,Narrow Angle,HAL,66.61903,215,17,data\calibrated\N1357340417_2_CALIB.IMG,data\calibrated\N1357340417_2_CALIB.LBL,data\previews\N1357340417_2_full.png
2001-01-04,"January 4, 2001 NAC/H-alpha",15,co-iss-n1357340807,N1357340807,1357340807,2001-01-04T22:54:34.371,32,Narrow Angle,HAL,66.63119,229,23,data\calibrated\N1357340807_2_CALIB.IMG,data\calibrated\N1357340807_2_CALIB.LBL,data\previews\N1357340807_2_full.png
2001-01-04,"January 4, 2001 NAC/H-alpha",16,co-iss-n1357341167,N1357341167,1357341167,2001-01-04T23:00:34.368,32,Narrow Angle,HAL,66.64242,211,29,data\calibrated\N1357341167_2_CALIB.IMG,data\calibrated\N1357341167_2_CALIB.LBL,data\previews\N1357341167_2_full.png
2001-01-05,"January 5, 2001 NAC/H-alpha",0,co-iss-n1357344889,N1357344889,1357344889,2001-01-05T00:02:36.342,32,Narrow Angle,HAL,66.75889,222,19,data\calibrated\N1357344889_2_CALIB.IMG,data\calibrated\N1357344889_2_CALIB.LBL,data\previews\N1357344889_2_full.png
2001-01-05,"January 5, 2001 NAC/H-alpha",1,co-iss-n1357345279,N1357345279,1357345279,2001-01-05T00:09:06.340,32,Narrow Angle,HAL,66.77113,221,27,data\calibrated\N1357345279_2_CALIB.IMG,data\calibrated\N1357345279_2_CALIB.LBL,data\previews\N1357345279_2_full.png
2001-01-05,"January 5, 2001 NAC/H-alpha",2,co-iss-n1357345639,N1357345639,1357345639,2001-01-05T00:15:06.337,32,Narrow Angle,HAL,66.78244,190,18,data\calibrated\N1357345639_2_CALIB.IMG,data\calibrated\N1357345639_2_CALIB.LBL,data\previews\N1357345639_2_full.png
2001-01-05,"January 5, 2001 NAC/H-alpha",3,co-iss-n1357351613,N1357351613,1357351613,2001-01-05T01:54:40.296,32,Narrow Angle,HAL,66.97104,227,17,data\calibrated\N1357351613_2_CALIB.IMG,data\calibrated\N1357351613_2_CALIB.LBL,data\previews\N1357351613_2_full.png
2001-01-05,"January 5, 2001 NAC/H-alpha",4,co-iss-n1357352003,N1357352003,1357352003,2001-01-05T02:01:10.293,32,Narrow Angle,HAL,66.98342,279,36,data\calibrated\N1357352003_2_CALIB.IMG,data\calibrated\N1357352003_2_CALIB.LBL,data\previews\N1357352003_2_full.png
2001-01-05,"January 5, 2001 NAC/H-alpha",5,co-iss-n1357352363,N1357352363,1357352363,2001-01-05T02:07:10.291,32,Narrow Angle,HAL,66.99485,255,26,data\calibrated\N1357352363_2_CALIB.IMG,data\calibrated\N1357352363_2_CALIB.LBL,data\previews\N1357352363_2_full.png
2001-01-05,"January 5, 2001 NAC/H-alpha",6,co-iss-n1357356085,N1357356085,1357356085,2001-01-05T03:09:12.265,32,Narrow Angle,HAL,67.11337,230,43,data\calibrated\N1357356085_2_CALIB.IMG,data\calibrated\N1357356085_2_CALIB.LBL,data\previews\N1357356085_2_full.png
2001-01-05,"January 5, 2001 NAC/H-alpha",7,co-iss-n1357356475,N1357356475,1357356475,2001-01-05T03:15:42.262,32,Narrow Angle,HAL,67.12583,367,67,data\calibrated\N1357356475_2_CALIB.IMG,data\calibrated\N1357356475_2_CALIB.LBL,data\previews\N1357356475_2_full.png
2001-01-05,"January 5, 2001 NAC/H-alpha",8,co-iss-n1357356835,N1357356835,1357356835,2001-01-05T03:21:42.260,32,Narrow Angle,HAL,67.13734,215,33,data\calibrated\N1357356835_2_CALIB.IMG,data\calibrated\N1357356835_2_CALIB.LBL,data\previews\N1357356835_2_full.png
2001-01-05,"January 5, 2001 NAC/H-alpha",9,co-iss-n1357361307,N1357361307,1357361307,2001-01-05T04:36:14.229,32,Narrow Angle,HAL,67.28081,14,0,data\calibrated\N1357361307_1_CALIB.IMG,data\calibrated\N1357361307_1_CALIB.LBL,data\previews\N1357361307_1_full.png
2001-01-05,"January 5, 2001 NAC/H-alpha",10,co-iss-n1357365030,N1357365030,1357365030,2001-01-05T05:38:17.203,32,Narrow Angle,HAL,67.40099,193,17,data\calibrated\N1357365030_2_CALIB.IMG,data\calibrated\N1357365030_2_CALIB.LBL,data\previews\N1357365030_2_full.png
2001-01-05,"January 5, 2001 NAC/H-alpha",11,co-iss-n1357365420,N1357365420,1357365420,2001-01-05T05:44:47.200,32,Narrow Angle,HAL,67.41362,245,32,data\calibrated\N1357365420_2_CALIB.IMG,data\calibrated\N1357365420_2_CALIB.LBL,data\previews\N1357365420_2_full.png
2001-01-05,"January 5, 2001 NAC/H-alpha",12,co-iss-n1357365780,N1357365780,1357365780,2001-01-05T05:50:47.198,32,Narrow Angle,HAL,67.42528,242,26,data\calibrated\N1357365780_2_CALIB.IMG,data\calibrated\N1357365780_2_CALIB.LBL,data\previews\N1357365780_2_full.png
2001-01-05,"January 5, 2001 NAC/H-alpha",13,co-iss-n1357369502,N1357369502,1357369502,2001-01-05T06:52:49.172,32,Narrow Angle,HAL,67.54623,188,15,data\calibrated\N1357369502_2_CALIB.IMG,data\calibrated\N1357369502_2_CALIB.LBL,data\previews\N1357369502_2_full.png
2001-01-05,"January 5, 2001 NAC/H-alpha",14,co-iss-n1357369892,N1357369892,1357369892,2001-01-05T06:59:19.169,32,Narrow Angle,HAL,67.55894,182,13,data\calibrated\N1357369892_2_CALIB.IMG,data\calibrated\N1357369892_2_CALIB.LBL,data\previews\N1357369892_2_full.png
2001-01-05,"January 5, 2001 NAC/H-alpha",15,co-iss-n1357370252,N1357370252,1357370252,2001-01-05T07:05:19.167,32,Narrow Angle,HAL,67.57068,184,12,data\calibrated\N1357370252_2_CALIB.IMG,data\calibrated\N1357370252_2_CALIB.LBL,data\previews\N1357370252_2_full.png
2001-01-05,"January 5, 2001 NAC/H-alpha",16,co-iss-n1357373974,N1357373974,1357373974,2001-01-05T08:07:21.141,32,Narrow Angle,HAL,67.69243,218,33,data\calibrated\N1357373974_2_CALIB.IMG,data\calibrated\N1357373974_2_CALIB.LBL,data\previews\N1357373974_2_full.png
2001-01-05,"January 5, 2001 NAC/H-alpha",17,co-iss-n1357374364,N1357374364,1357374364,2001-01-05T08:13:51.138,32,Narrow Angle,HAL,67.70522,261,37,data\calibrated\N1357374364_2_CALIB.IMG,data\calibrated\N1357374364_2_CALIB.LBL,data\previews\N1357374364_2_full.png
2001-01-05,"January 5, 2001 NAC/H-alpha",18,co-iss-n1357374724,N1357374724,1357374724,2001-01-05T08:19:51.136,32,Narrow Angle,HAL,67.71704,179,20,data\calibrated\N1357374724_2_CALIB.IMG,data\calibrated\N1357374724_2_CALIB.LBL,data\previews\N1357374724_2_full.png
2001-01-05,"January 5, 2001 NAC/H-alpha",19,co-iss-n1357378446,N1357378446,1357378446,2001-01-05T09:21:53.110,32,Narrow Angle,HAL,67.83958,223,25,data\calibrated\N1357378446_2_CALIB.IMG,data\calibrated\N1357378446_2_CALIB.LBL,data\previews\N1357378446_2_full.png
2001-01-05,"January 5, 2001 NAC/H-alpha",20,co-iss-n1357378836,N1357378836,1357378836,2001-01-05T09:28:23.107,32,Narrow Angle,HAL,67.85246,242,34,data\calibrated\N1357378836_2_CALIB.IMG,data\calibrated\N1357378836_2_CALIB.LBL,data\previews\N1357378836_2_full.png
2001-01-05,"January 5, 2001 NAC/H-alpha",21,co-iss-n1357379196,N1357379196,1357379196,2001-01-05T09:34:23.105,32,Narrow Angle,HAL,67.86435,207,23,data\calibrated\N1357379196_2_CALIB.IMG,data\calibrated\N1357379196_2_CALIB.LBL,data\previews\N1357379196_2_full.png
2001-01-08,"January 8, 2001 NAC/H-alpha",0,co-iss-n1357628415,N1357628415,1357628415,2001-01-08T06:47:24.399,68,Narrow Angle,HAL,77.39283,3225,104,data\calibrated\N1357628415_1_CALIB.IMG,data\calibrated\N1357628415_1_CALIB.LBL,data\previews\N1357628415_1_full.png
2001-01-08,"January 8, 2001 NAC/H-alpha",1,co-iss-n1357628584,N1357628584,1357628584,2001-01-08T06:49:41.405,100,Narrow Angle,HAL,77.39938,1554,66,data\calibrated\N1357628584_1_CALIB.IMG,data\calibrated\N1357628584_1_CALIB.LBL,data\previews\N1357628584_1_full.png
2001-01-08,"January 8, 2001 NAC/H-alpha",2,co-iss-n1357629093,N1357629093,1357629093,2001-01-08T06:59:18.425,32,Narrow Angle,HAL,77.42261,5889,148,data\calibrated\N1357629093_1_CALIB.IMG,data\calibrated\N1357629093_1_CALIB.LBL,data\previews\N1357629093_1_full.png
2001-01-08,"January 8, 2001 NAC/H-alpha",3,co-iss-n1357631115,N1357631115,1357631115,2001-01-08T07:32:24.380,68,Narrow Angle,HAL,77.50841,2332,174,data\calibrated\N1357631115_1_CALIB.IMG,data\calibrated\N1357631115_1_CALIB.LBL,data\previews\N1357631115_1_full.png
2001-01-08,"January 8, 2001 NAC/H-alpha",4,co-iss-n1357631284,N1357631284,1357631284,2001-01-08T07:34:41.386,100,Narrow Angle,HAL,77.51497,2006,112,data\calibrated\N1357631284_1_CALIB.IMG,data\calibrated\N1357631284_1_CALIB.LBL,data\previews\N1357631284_1_full.png
2001-01-08,"January 8, 2001 NAC/H-alpha",5,co-iss-n1357631793,N1357631793,1357631793,2001-01-08T07:44:18.406,32,Narrow Angle,HAL,77.53825,1565,223,data\calibrated\N1357631793_1_CALIB.IMG,data\calibrated\N1357631793_1_CALIB.LBL,data\previews\N1357631793_1_full.png
2001-01-08,"January 8, 2001 NAC/H-alpha",6,co-iss-n1357633815,N1357633815,1357633815,2001-01-08T08:17:24.361,68,Narrow Angle,HAL,77.62422,582,58,data\calibrated\N1357633815_1_CALIB.IMG,data\calibrated\N1357633815_1_CALIB.LBL,data\previews\N1357633815_1_full.png
2001-01-08,"January 8, 2001 NAC/H-alpha",7,co-iss-n1357633984,N1357633984,1357633984,2001-01-08T08:19:41.368,100,Narrow Angle,HAL,77.63079,651,46,data\calibrated\N1357633984_1_CALIB.IMG,data\calibrated\N1357633984_1_CALIB.LBL,data\previews\N1357633984_1_full.png
2001-01-08,"January 8, 2001 NAC/H-alpha",8,co-iss-n1357637415,N1357637415,1357637415,2001-01-08T09:17:24.336,68,Narrow Angle,HAL,77.77898,3215,108,data\calibrated\N1357637415_1_CALIB.IMG,data\calibrated\N1357637415_1_CALIB.LBL,data\previews\N1357637415_1_full.png
2001-01-08,"January 8, 2001 NAC/H-alpha",9,co-iss-n1357637584,N1357637584,1357637584,2001-01-08T09:19:41.343,100,Narrow Angle,HAL,77.78556,1534,78,data\calibrated\N1357637584_1_CALIB.IMG,data\calibrated\N1357637584_1_CALIB.LBL,data\previews\N1357637584_1_full.png
2001-01-08,"January 8, 2001 NAC/H-alpha",10,co-iss-n1357638093,N1357638093,1357638093,2001-01-08T09:29:18.363,32,Narrow Angle,HAL,77.80895,5677,153,data\calibrated\N1357638093_1_CALIB.IMG,data\calibrated\N1357638093_1_CALIB.LBL,data\previews\N1357638093_1_full.png
2001-01-08,"January 8, 2001 NAC/H-alpha",11,co-iss-n1357640793,N1357640793,1357640793,2001-01-08T10:14:18.344,32,Narrow Angle,HAL,77.92533,1482,133,data\calibrated\N1357640793_1_CALIB.IMG,data\calibrated\N1357640793_1_CALIB.LBL,data\previews\N1357640793_1_full.png
2001-01-08,"January 8, 2001 NAC/H-alpha",12,co-iss-n1357642815,N1357642815,1357642815,2001-01-08T10:47:24.299,68,Narrow Angle,HAL,78.01186,693,96,data\calibrated\N1357642815_1_CALIB.IMG,data\calibrated\N1357642815_1_CALIB.LBL,data\previews\N1357642815_1_full.png
2001-01-08,"January 8, 2001 NAC/H-alpha",13,co-iss-n1357642984,N1357642984,1357642984,2001-01-08T10:49:41.305,100,Narrow Angle,HAL,78.01847,639,63,data\calibrated\N1357642984_1_CALIB.IMG,data\calibrated\N1357642984_1_CALIB.LBL,data\previews\N1357642984_1_full.png
2001-01-08,"January 8, 2001 NAC/H-alpha",14,co-iss-n1357646415,N1357646415,1357646415,2001-01-08T11:47:24.274,68,Narrow Angle,HAL,78.16761,3826,108,data\calibrated\N1357646415_1_CALIB.IMG,data\calibrated\N1357646415_1_CALIB.LBL,data\previews\N1357646415_1_full.png
2001-01-08,"January 8, 2001 NAC/H-alpha",15,co-iss-n1357646584,N1357646584,1357646584,2001-01-08T11:49:41.281,100,Narrow Angle,HAL,78.17424,1680,75,data\calibrated\N1357646584_1_CALIB.IMG,data\calibrated\N1357646584_1_CALIB.LBL,data\previews\N1357646584_1_full.png
2001-01-08,"January 8, 2001 NAC/H-alpha",16,co-iss-n1357647093,N1357647093,1357647093,2001-01-08T11:59:18.300,32,Narrow Angle,HAL,78.19777,5960,180,data\calibrated\N1357647093_1_CALIB.IMG,data\calibrated\N1357647093_1_CALIB.LBL,data\previews\N1357647093_1_full.png
2001-01-08,"January 8, 2001 NAC/H-alpha",17,co-iss-n1357649115,N1357649115,1357649115,2001-01-08T12:32:24.255,68,Narrow Angle,HAL,78.28468,1834,189,data\calibrated\N1357649115_1_CALIB.IMG,data\calibrated\N1357649115_1_CALIB.LBL,data\previews\N1357649115_1_full.png
2001-01-08,"January 8, 2001 NAC/H-alpha",18,co-iss-n1357649284,N1357649284,1357649284,2001-01-08T12:34:41.262,100,Narrow Angle,HAL,78.29132,1877,95,data\calibrated\N1357649284_1_CALIB.IMG,data\calibrated\N1357649284_1_CALIB.LBL,data\previews\N1357649284_1_full.png
2001-01-08,"January 8, 2001 NAC/H-alpha",19,co-iss-n1357649793,N1357649793,1357649793,2001-01-08T12:44:18.282,32,Narrow Angle,HAL,78.3149,937,137,data\calibrated\N1357649793_1_CALIB.IMG,data\calibrated\N1357649793_1_CALIB.LBL,data\previews\N1357649793_1_full.png
2001-01-08,"January 8, 2001 NAC/H-alpha",20,co-iss-n1357651815,N1357651815,1357651815,2001-01-08T13:17:24.236,68,Narrow Angle,HAL,78.40197,655,57,data\calibrated\N1357651815_1_CALIB.IMG,data\calibrated\N1357651815_1_CALIB.LBL,data\previews\N1357651815_1_full.png
2001-01-08,"January 8, 2001 NAC/H-alpha",21,co-iss-n1357651984,N1357651984,1357651984,2001-01-08T13:19:41.243,100,Narrow Angle,HAL,78.40863,616,57,data\calibrated\N1357651984_1_CALIB.IMG,data\calibrated\N1357651984_1_CALIB.LBL,data\previews\N1357651984_1_full.png
2001-01-08,"January 8, 2001 NAC/H-alpha",22,co-iss-n1357655415,N1357655415,1357655415,2001-01-08T14:17:24.212,68,Narrow Angle,HAL,78.5587,3762,111,data\calibrated\N1357655415_1_CALIB.IMG,data\calibrated\N1357655415_1_CALIB.LBL,data\previews\N1357655415_1_full.png
2001-01-08,"January 8, 2001 NAC/H-alpha",23,co-iss-n1357655584,N1357655584,1357655584,2001-01-08T14:19:41.218,100,Narrow Angle,HAL,78.56537,1681,62,data\calibrated\N1357655584_1_CALIB.IMG,data\calibrated\N1357655584_1_CALIB.LBL,data\previews\N1357655584_1_full.png
2001-01-08,"January 8, 2001 NAC/H-alpha",24,co-iss-n1357656093,N1357656093,1357656093,2001-01-08T14:29:18.238,32,Narrow Angle,HAL,78.58904,5974,182,data\calibrated\N1357656093_1_CALIB.IMG,data\calibrated\N1357656093_1_CALIB.LBL,data\previews\N1357656093_1_full.png
2001-01-08,"January 8, 2001 NAC/H-alpha",25,co-iss-n1357658115,N1357658115,1357658115,2001-01-08T15:02:24.193,68,Narrow Angle,HAL,78.67649,1805,193,data\calibrated\N1357658115_1_CALIB.IMG,data\calibrated\N1357658115_1_CALIB.LBL,data\previews\N1357658115_1_full.png
2001-01-08,"January 8, 2001 NAC/H-alpha",26,co-iss-n1357658284,N1357658284,1357658284,2001-01-08T15:04:41.200,100,Narrow Angle,HAL,78.68317,1847,115,data\calibrated\N1357658284_1_CALIB.IMG,data\calibrated\N1357658284_1_CALIB.LBL,data\previews\N1357658284_1_full.png
2001-01-08,"January 8, 2001 NAC/H-alpha",27,co-iss-n1357658793,N1357658793,1357658793,2001-01-08T15:14:18.219,32,Narrow Angle,HAL,78.70689,873,127,data\calibrated\N1357658793_1_CALIB.IMG,data\calibrated\N1357658793_1_CALIB.LBL,data\previews\N1357658793_1_full.png
2001-01-08,"January 8, 2001 NAC/H-alpha",28,co-iss-n1357660815,N1357660815,1357660815,2001-01-08T15:47:24.174,68,Narrow Angle,HAL,78.7945,659,75,data\calibrated\N1357660815_1_CALIB.IMG,data\calibrated\N1357660815_1_CALIB.LBL,data\previews\N1357660815_1_full.png
2001-01-08,"January 8, 2001 NAC/H-alpha",29,co-iss-n1357660984,N1357660984,1357660984,2001-01-08T15:49:41.181,100,Narrow Angle,HAL,78.8012,660,56,data\calibrated\N1357660984_1_CALIB.IMG,data\calibrated\N1357660984_1_CALIB.LBL,data\previews\N1357660984_1_full.png
2001-01-08,"January 8, 2001 NAC/H-alpha",30,co-iss-n1357664415,N1357664415,1357664415,2001-01-08T16:47:24.149,68,Narrow Angle,HAL,78.95219,3331,98,data\calibrated\N1357664415_1_CALIB.IMG,data\calibrated\N1357664415_1_CALIB.LBL,data\previews\N1357664415_1_full.png
2001-01-08,"January 8, 2001 NAC/H-alpha",31,co-iss-n1357664584,N1357664584,1357664584,2001-01-08T16:49:41.156,100,Narrow Angle,HAL,78.9589,1657,70,data\calibrated\N1357664584_1_CALIB.IMG,data\calibrated\N1357664584_1_CALIB.LBL,data\previews\N1357664584_1_full.png
2001-01-08,"January 8, 2001 NAC/H-alpha",32,co-iss-n1357665093,N1357665093,1357665093,2001-01-08T16:59:18.176,32,Narrow Angle,HAL,78.98272,5701,162,data\calibrated\N1357665093_1_CALIB.IMG,data\calibrated\N1357665093_1_CALIB.LBL,data\previews\N1357665093_1_full.png
2001-01-08,"January 8, 2001 NAC/H-alpha",33,co-iss-n1357667116,N1357667116,1357667116,2001-01-08T17:32:25.131,68,Narrow Angle,HAL,79.07074,1973,178,data\calibrated\N1357667116_1_CALIB.IMG,data\calibrated\N1357667116_1_CALIB.LBL,data\previews\N1357667116_1_full.png
2001-01-08,"January 8, 2001 NAC/H-alpha",34,co-iss-n1357667285,N1357667285,1357667285,2001-01-08T17:34:42.137,100,Narrow Angle,HAL,79.07746,1789,110,data\calibrated\N1357667285_1_CALIB.IMG,data\calibrated\N1357667285_1_CALIB.LBL,data\previews\N1357667285_1_full.png
2001-01-08,"January 8, 2001 NAC/H-alpha",35,co-iss-n1357667794,N1357667794,1357667794,2001-01-08T17:44:19.157,32,Narrow Angle,HAL,79.10133,1260,175,data\calibrated\N1357667794_1_CALIB.IMG,data\calibrated\N1357667794_1_CALIB.LBL,data\previews\N1357667794_1_full.png
2001-01-08,"January 8, 2001 NAC/H-alpha",36,co-iss-n1357669816,N1357669816,1357669816,2001-01-08T18:17:25.112,68,Narrow Angle,HAL,79.18946,550,74,data\calibrated\N1357669816_1_CALIB.IMG,data\calibrated\N1357669816_1_CALIB.LBL,data\previews\N1357669816_1_full.png
2001-01-08,"January 8, 2001 NAC/H-alpha",37,co-iss-n1357669985,N1357669985,1357669985,2001-01-08T18:19:42.118,100,Narrow Angle,HAL,79.1962,639,61,data\calibrated\N1357669985_1_CALIB.IMG,data\calibrated\N1357669985_1_CALIB.LBL,data\previews\N1357669985_1_full.png
2001-01-08,"January 8, 2001 NAC/H-alpha",38,co-iss-n1357673416,N1357673416,1357673416,2001-01-08T19:17:25.087,68,Narrow Angle,HAL,79.34809,3001,117,data\calibrated\N1357673416_2_CALIB.IMG,data\calibrated\N1357673416_2_CALIB.LBL,data\previews\N1357673416_2_full.png
2001-01-08,"January 8, 2001 NAC/H-alpha",39,co-iss-n1357673585,N1357673585,1357673585,2001-01-08T19:19:42.094,100,Narrow Angle,HAL,79.35484,1705,79,data\calibrated\N1357673585_1_CALIB.IMG,data\calibrated\N1357673585_1_CALIB.LBL,data\previews\N1357673585_1_full.png
2001-01-08,"January 8, 2001 NAC/H-alpha",40,co-iss-n1357674094,N1357674094,1357674094,2001-01-08T19:29:19.113,32,Narrow Angle,HAL,79.3788,5688,179,data\calibrated\N1357674094_1_CALIB.IMG,data\calibrated\N1357674094_1_CALIB.LBL,data\previews\N1357674094_1_full.png
2001-01-08,"January 8, 2001 NAC/H-alpha",41,co-iss-n1357676116,N1357676116,1357676116,2001-01-08T20:02:25.068,68,Narrow Angle,HAL,79.4673,1849,169,data\calibrated\N1357676116_1_CALIB.IMG,data\calibrated\N1357676116_1_CALIB.LBL,data\previews\N1357676116_1_full.png
2001-01-08,"January 8, 2001 NAC/H-alpha",42,co-iss-n1357676285,N1357676285,1357676285,2001-01-08T20:04:42.075,100,Narrow Angle,HAL,79.47407,1783,114,data\calibrated\N1357676285_1_CALIB.IMG,data\calibrated\N1357676285_1_CALIB.LBL,data\previews\N1357676285_1_full.png
2001-01-08,"January 8, 2001 NAC/H-alpha",43,co-iss-n1357676794,N1357676794,1357676794,2001-01-08T20:14:19.095,32,Narrow Angle,HAL,79.49807,1201,168,data\calibrated\N1357676794_1_CALIB.IMG,data\calibrated\N1357676794_1_CALIB.LBL,data\previews\N1357676794_1_full.png
2001-01-08,"January 8, 2001 NAC/H-alpha",44,co-iss-n1357678816,N1357678816,1357678816,2001-01-08T20:47:25.050,68,Narrow Angle,HAL,79.58673,608,65,data\calibrated\N1357678816_1_CALIB.IMG,data\calibrated\N1357678816_1_CALIB.LBL,data\previews\N1357678816_1_full.png
2001-01-08,"January 8, 2001 NAC/H-alpha",45,co-iss-n1357678985,N1357678985,1357678985,2001-01-08T20:49:42.056,100,Narrow Angle,HAL,79.5935,683,61,data\calibrated\N1357678985_1_CALIB.IMG,data\calibrated\N1357678985_1_CALIB.LBL,data\previews\N1357678985_1_full.png
2001-01-08,"January 8, 2001 NAC/H-alpha",46,co-iss-n1357682416,N1357682416,1357682416,2001-01-08T21:47:25.025,68,Narrow Angle,HAL,79.74628,3754,159,data\calibrated\N1357682416_1_CALIB.IMG,data\calibrated\N1357682416_1_CALIB.LBL,data\previews\N1357682416_1_full.png
2001-01-08,"January 8, 2001 NAC/H-alpha",47,co-iss-n1357682585,N1357682585,1357682585,2001-01-08T21:49:42.031,100,Narrow Angle,HAL,79.75307,1649,70,data\calibrated\N1357682585_1_CALIB.IMG,data\calibrated\N1357682585_1_CALIB.LBL,data\previews\N1357682585_1_full.png
2001-01-08,"January 8, 2001 NAC/H-alpha",48,co-iss-n1357683094,N1357683094,1357683094,2001-01-08T21:59:19.051,32,Narrow Angle,HAL,79.77717,5788,227,data\calibrated\N1357683094_1_CALIB.IMG,data\calibrated\N1357683094_1_CALIB.LBL,data\previews\N1357683094_1_full.png
2001-01-08,"January 8, 2001 NAC/H-alpha",49,co-iss-n1357685116,N1357685116,1357685116,2001-01-08T22:32:25.006,68,Narrow Angle,HAL,79.86619,1580,164,data\calibrated\N1357685116_1_CALIB.IMG,data\calibrated\N1357685116_1_CALIB.LBL,data\previews\N1357685116_1_full.png
2001-01-08,"January 8, 2001 NAC/H-alpha",50,co-iss-n1357685285,N1357685285,1357685285,2001-01-08T22:34:42.013,100,Narrow Angle,HAL,79.87299,1666,136,data\calibrated\N1357685285_1_CALIB.IMG,data\calibrated\N1357685285_1_CALIB.LBL,data\previews\N1357685285_1_full.png
2001-01-08,"January 8, 2001 NAC/H-alpha",51,co-iss-n1357685794,N1357685794,1357685794,2001-01-08T22:44:19.032,32,Narrow Angle,HAL,79.89713,778,147,data\calibrated\N1357685794_1_CALIB.IMG,data\calibrated\N1357685794_1_CALIB.LBL,data\previews\N1357685794_1_full.png
2001-01-08,"January 8, 2001 NAC/H-alpha",52,co-iss-n1357687816,N1357687816,1357687816,2001-01-08T23:17:24.987,68,Narrow Angle,HAL,79.9863,619,78,data\calibrated\N1357687816_1_CALIB.IMG,data\calibrated\N1357687816_1_CALIB.LBL,data\previews\N1357687816_1_full.png
2001-01-08,"January 8, 2001 NAC/H-alpha",53,co-iss-n1357687985,N1357687985,1357687985,2001-01-08T23:19:41.994,100,Narrow Angle,HAL,79.99311,702,68,data\calibrated\N1357687985_1_CALIB.IMG,data\calibrated\N1357687985_1_CALIB.LBL,data\previews\N1357687985_1_full.png
2001-01-09,"January 9, 2001 NAC/H-alpha",0,co-iss-n1357691416,N1357691416,1357691416,2001-01-09T00:17:24.962,68,Narrow Angle,HAL,80.14677,3636,91,data\calibrated\N1357691416_1_CALIB.IMG,data\calibrated\N1357691416_1_CALIB.LBL,data\previews\N1357691416_1_full.png
2001-01-09,"January 9, 2001 NAC/H-alpha",1,co-iss-n1357691585,N1357691585,1357691585,2001-01-09T00:19:41.969,100,Narrow Angle,HAL,80.15359,1636,77,data\calibrated\N1357691585_1_CALIB.IMG,data\calibrated\N1357691585_1_CALIB.LBL,data\previews\N1357691585_1_full.png
2001-01-09,"January 9, 2001 NAC/H-alpha",2,co-iss-n1357763608,N1357763608,1357763608,2001-01-09T20:20:36.443,68,Narrow Angle,HAL,83.43853,225,14,data\calibrated\N1357763608_2_CALIB.IMG,data\calibrated\N1357763608_2_CALIB.LBL,data\previews\N1357763608_2_full.png
2001-01-09,"January 9, 2001 NAC/H-alpha",3,co-iss-n1357763998,N1357763998,1357763998,2001-01-09T20:27:06.440,68,Narrow Angle,HAL,83.45668,268,29,data\calibrated\N1357763998_2_CALIB.IMG,data\calibrated\N1357763998_2_CALIB.LBL,data\previews\N1357763998_2_full.png
2001-01-09,"January 9, 2001 NAC/H-alpha",4,co-iss-n1357764358,N1357764358,1357764358,2001-01-09T20:33:06.438,68,Narrow Angle,HAL,83.47343,410,55,data\calibrated\N1357764358_2_CALIB.IMG,data\calibrated\N1357764358_2_CALIB.LBL,data\previews\N1357764358_2_full.png
2001-01-09,"January 9, 2001 NAC/H-alpha",5,co-iss-n1357768080,N1357768080,1357768080,2001-01-09T21:35:08.412,68,Narrow Angle,HAL,83.64686,190,14,data\calibrated\N1357768080_2_CALIB.IMG,data\calibrated\N1357768080_2_CALIB.LBL,data\previews\N1357768080_2_full.png
2001-01-09,"January 9, 2001 NAC/H-alpha",6,co-iss-n1357768470,N1357768470,1357768470,2001-01-09T21:41:38.409,68,Narrow Angle,HAL,83.66505,276,26,data\calibrated\N1357768470_2_CALIB.IMG,data\calibrated\N1357768470_2_CALIB.LBL,data\previews\N1357768470_2_full.png
2001-01-09,"January 9, 2001 NAC/H-alpha",7,co-iss-n1357768830,N1357768830,1357768830,2001-01-09T21:47:38.407,68,Narrow Angle,HAL,83.68185,177,15,data\calibrated\N1357768830_2_CALIB.IMG,data\calibrated\N1357768830_2_CALIB.LBL,data\previews\N1357768830_2_full.png
2001-01-09,"January 9, 2001 NAC/H-alpha",8,co-iss-n1357772552,N1357772552,1357772552,2001-01-09T22:49:40.381,68,Narrow Angle,HAL,83.85569,174,13,data\calibrated\N1357772552_2_CALIB.IMG,data\calibrated\N1357772552_2_CALIB.LBL,data\previews\N1357772552_2_full.png
2001-01-09,"January 9, 2001 NAC/H-alpha",9,co-iss-n1357772942,N1357772942,1357772942,2001-01-09T22:56:10.378,68,Narrow Angle,HAL,83.87392,312,24,data\calibrated\N1357772942_2_CALIB.IMG,data\calibrated\N1357772942_2_CALIB.LBL,data\previews\N1357772942_2_full.png
2001-01-09,"January 9, 2001 NAC/H-alpha",10,co-iss-n1357773302,N1357773302,1357773302,2001-01-09T23:02:10.376,68,Narrow Angle,HAL,83.89076,187,12,data\calibrated\N1357773302_2_CALIB.IMG,data\calibrated\N1357773302_2_CALIB.LBL,data\previews\N1357773302_2_full.png
2001-01-10,"January 10, 2001 NAC/H-alpha",0,co-iss-n1357777024,N1357777024,1357777024,2001-01-10T00:04:12.350,68,Narrow Angle,HAL,84.065,150,10,data\calibrated\N1357777024_2_CALIB.IMG,data\calibrated\N1357777024_2_CALIB.LBL,data\previews\N1357777024_2_full.png
2001-01-10,"January 10, 2001 NAC/H-alpha",1,co-iss-n1357777414,N1357777414,1357777414,2001-01-10T00:10:42.347,68,Narrow Angle,HAL,84.08328,250,21,data\calibrated\N1357777414_2_CALIB.IMG,data\calibrated\N1357777414_2_CALIB.LBL,data\previews\N1357777414_2_full.png
2001-01-10,"January 10, 2001 NAC/H-alpha",2,co-iss-n1357777774,N1357777774,1357777774,2001-01-10T00:16:42.345,68,Narrow Angle,HAL,84.10015,165,6,data\calibrated\N1357777774_2_CALIB.IMG,data\calibrated\N1357777774_2_CALIB.LBL,data\previews\N1357777774_2_full.png
2001-01-10,"January 10, 2001 NAC/H-alpha",3,co-iss-n1357781496,N1357781496,1357781496,2001-01-10T01:18:44.319,68,Narrow Angle,HAL,84.27479,227,13,data\calibrated\N1357781496_2_CALIB.IMG,data\calibrated\N1357781496_2_CALIB.LBL,data\previews\N1357781496_2_full.png
2001-01-10,"January 10, 2001 NAC/H-alpha",4,co-iss-n1357781886,N1357781886,1357781886,2001-01-10T01:25:14.316,68,Narrow Angle,HAL,84.29311,304,23,data\calibrated\N1357781886_2_CALIB.IMG,data\calibrated\N1357781886_2_CALIB.LBL,data\previews\N1357781886_2_full.png
2001-01-10,"January 10, 2001 NAC/H-alpha",5,co-iss-n1357782246,N1357782246,1357782246,2001-01-10T01:31:14.314,68,Narrow Angle,HAL,84.31002,153,12,data\calibrated\N1357782246_2_CALIB.IMG,data\calibrated\N1357782246_2_CALIB.LBL,data\previews\N1357782246_2_full.png
2001-01-10,"January 10, 2001 NAC/H-alpha",6,co-iss-n1357785968,N1357785968,1357785968,2001-01-10T02:33:16.288,68,Narrow Angle,HAL,84.48506,183,10,data\calibrated\N1357785968_2_CALIB.IMG,data\calibrated\N1357785968_2_CALIB.LBL,data\previews\N1357785968_2_full.png
2001-01-10,"January 10, 2001 NAC/H-alpha",7,co-iss-n1357786358,N1357786358,1357786358,2001-01-10T02:39:46.285,68,Narrow Angle,HAL,84.50342,293,36,data\calibrated\N1357786358_2_CALIB.IMG,data\calibrated\N1357786358_2_CALIB.LBL,data\previews\N1357786358_2_full.png
2001-01-10,"January 10, 2001 NAC/H-alpha",8,co-iss-n1357786718,N1357786718,1357786718,2001-01-10T02:45:46.283,68,Narrow Angle,HAL,84.52037,191,20,data\calibrated\N1357786718_2_CALIB.IMG,data\calibrated\N1357786718_2_CALIB.LBL,data\previews\N1357786718_2_full.png
2001-01-10,"January 10, 2001 NAC/H-alpha",9,co-iss-n1357790440,N1357790440,1357790440,2001-01-10T03:47:48.257,68,Narrow Angle,HAL,84.6958,202,13,data\calibrated\N1357790440_2_CALIB.IMG,data\calibrated\N1357790440_2_CALIB.LBL,data\previews\N1357790440_2_full.png
2001-01-10,"January 10, 2001 NAC/H-alpha",10,co-iss-n1357790830,N1357790830,1357790830,2001-01-10T03:54:18.254,68,Narrow Angle,HAL,84.7142,263,20,data\calibrated\N1357790830_2_CALIB.IMG,data\calibrated\N1357790830_2_CALIB.LBL,data\previews\N1357790830_2_full.png
2001-01-10,"January 10, 2001 NAC/H-alpha",11,co-iss-n1357791190,N1357791190,1357791190,2001-01-10T04:00:18.252,68,Narrow Angle,HAL,84.73119,131,7,data\calibrated\N1357791190_2_CALIB.IMG,data\calibrated\N1357791190_2_CALIB.LBL,data\previews\N1357791190_2_full.png
2001-01-10,"January 10, 2001 NAC/H-alpha",12,co-iss-n1357797164,N1357797164,1357797164,2001-01-10T05:39:52.210,68,Narrow Angle,HAL,85.01354,111,3,data\calibrated\N1357797164_2_CALIB.IMG,data\calibrated\N1357797164_2_CALIB.LBL,data\previews\N1357797164_2_full.png
2001-01-10,"January 10, 2001 NAC/H-alpha",13,co-iss-n1357797554,N1357797554,1357797554,2001-01-10T05:46:22.208,68,Narrow Angle,HAL,85.03201,408,44,data\calibrated\N1357797554_2_CALIB.IMG,data\calibrated\N1357797554_2_CALIB.LBL,data\previews\N1357797554_2_full.png
2001-01-10,"January 10, 2001 NAC/H-alpha",14,co-iss-n1357797914,N1357797914,1357797914,2001-01-10T05:52:22.205,68,Narrow Angle,HAL,85.04905,197,10,data\calibrated\N1357797914_2_CALIB.IMG,data\calibrated\N1357797914_2_CALIB.LBL,data\previews\N1357797914_2_full.png
2001-01-10,"January 10, 2001 NAC/H-alpha",15,co-iss-n1357801636,N1357801636,1357801636,2001-01-10T06:54:24.179,68,Narrow Angle,HAL,85.22545,196,9,data\calibrated\N1357801636_2_CALIB.IMG,data\calibrated\N1357801636_2_CALIB.LBL,data\previews\N1357801636_2_full.png
2001-01-10,"January 10, 2001 NAC/H-alpha",16,co-iss-n1357802026,N1357802026,1357802026,2001-01-10T07:00:54.177,68,Narrow Angle,HAL,85.24395,155,10,data\calibrated\N1357802026_2_CALIB.IMG,data\calibrated\N1357802026_2_CALIB.LBL,data\previews\N1357802026_2_full.png
2001-01-10,"January 10, 2001 NAC/H-alpha",17,co-iss-n1357802386,N1357802386,1357802386,2001-01-10T07:06:54.174,68,Narrow Angle,HAL,85.26103,9,0,data\calibrated\N1357802386_1_CALIB.IMG,data\calibrated\N1357802386_1_CALIB.LBL,data\previews\N1357802386_1_full.png
2001-01-10,"January 10, 2001 NAC/H-alpha",18,co-iss-n1357806108,N1357806108,1357806108,2001-01-10T08:08:56.148,68,Narrow Angle,HAL,85.43781,216,20,data\calibrated\N1357806108_2_CALIB.IMG,data\calibrated\N1357806108_2_CALIB.LBL,data\previews\N1357806108_2_full.png
2001-01-10,"January 10, 2001 NAC/H-alpha",19,co-iss-n1357806498,N1357806498,1357806498,2001-01-10T08:15:26.146,68,Narrow Angle,HAL,85.45635,289,30,data\calibrated\N1357806498_2_CALIB.IMG,data\calibrated\N1357806498_2_CALIB.LBL,data\previews\N1357806498_2_full.png
2001-01-10,"January 10, 2001 NAC/H-alpha",20,co-iss-n1357806858,N1357806858,1357806858,2001-01-10T08:21:26.143,68,Narrow Angle,HAL,85.47347,425,45,data\calibrated\N1357806858_2_CALIB.IMG,data\calibrated\N1357806858_2_CALIB.LBL,data\previews\N1357806858_2_full.png
2001-01-10,"January 10, 2001 NAC/H-alpha",21,co-iss-n1357810580,N1357810580,1357810580,2001-01-10T09:23:28.118,68,Narrow Angle,HAL,85.65063,211,21,data\calibrated\N1357810580_2_CALIB.IMG,data\calibrated\N1357810580_2_CALIB.LBL,data\previews\N1357810580_2_full.png
2001-01-10,"January 10, 2001 NAC/H-alpha",22,co-iss-n1357810970,N1357810970,1357810970,2001-01-10T09:29:58.115,68,Narrow Angle,HAL,85.66921,277,23,data\calibrated\N1357810970_2_CALIB.IMG,data\calibrated\N1357810970_2_CALIB.LBL,data\previews\N1357810970_2_full.png
2001-01-10,"January 10, 2001 NAC/H-alpha",23,co-iss-n1357811330,N1357811330,1357811330,2001-01-10T09:35:58.112,68,Narrow Angle,HAL,85.68636,412,37,data\calibrated\N1357811330_2_CALIB.IMG,data\calibrated\N1357811330_2_CALIB.LBL,data\previews\N1357811330_2_full.png
2001-01-10,"January 10, 2001 NAC/H-alpha",24,co-iss-n1357862637,N1357862637,1357862637,2001-01-10T23:51:04.757,68,Narrow Angle,HAL,88.1602,180,9,data\calibrated\N1357862637_2_CALIB.IMG,data\calibrated\N1357862637_2_CALIB.LBL,data\previews\N1357862637_2_full.png
2001-01-10,"January 10, 2001 NAC/H-alpha",25,co-iss-n1357863027,N1357863027,1357863027,2001-01-10T23:57:34.754,68,Narrow Angle,HAL,88.17922,282,20,data\calibrated\N1357863027_2_CALIB.IMG,data\calibrated\N1357863027_2_CALIB.LBL,data\previews\N1357863027_2_full.png
2001-01-11,"January 11, 2001 NAC/H-alpha",0,co-iss-n1357863387,N1357863387,1357863387,2001-01-11T00:03:34.752,68,Narrow Angle,HAL,88.19678,176,2,data\calibrated\N1357863387_2_CALIB.IMG,data\calibrated\N1357863387_2_CALIB.LBL,data\previews\N1357863387_2_full.png
2001-01-11,"January 11, 2001 NAC/H-alpha",1,co-iss-n1357867109,N1357867109,1357867109,2001-01-11T01:05:36.726,68,Narrow Angle,HAL,88.37847,160,7,data\calibrated\N1357867109_2_CALIB.IMG,data\calibrated\N1357867109_2_CALIB.LBL,data\previews\N1357867109_2_full.png
2001-01-11,"January 11, 2001 NAC/H-alpha",2,co-iss-n1357867499,N1357867499,1357867499,2001-01-11T01:12:06.723,68,Narrow Angle,HAL,88.39753,258,15,data\calibrated\N1357867499_2_CALIB.IMG,data\calibrated\N1357867499_2_CALIB.LBL,data\previews\N1357867499_2_full.png
2001-01-11,"January 11, 2001 NAC/H-alpha",3,co-iss-n1357867859,N1357867859,1357867859,2001-01-11T01:18:06.721,68,Narrow Angle,HAL,88.41512,168,8,data\calibrated\N1357867859_2_CALIB.IMG,data\calibrated\N1357867859_2_CALIB.LBL,data\previews\N1357867859_2_full.png
2001-01-11,"January 11, 2001 NAC/H-alpha",4,co-iss-n1357871581,N1357871581,1357871581,2001-01-11T02:20:08.695,68,Narrow Angle,HAL,88.59716,187,9,data\calibrated\N1357871581_2_CALIB.IMG,data\calibrated\N1357871581_2_CALIB.LBL,data\previews\N1357871581_2_full.png
2001-01-11,"January 11, 2001 NAC/H-alpha",5,co-iss-n1357871971,N1357871971,1357871971,2001-01-11T02:26:38.692,68,Narrow Angle,HAL,88.61625,266,17,data\calibrated\N1357871971_2_CALIB.IMG,data\calibrated\N1357871971_2_CALIB.LBL,data\previews\N1357871971_2_full.png
2001-01-11,"January 11, 2001 NAC/H-alpha",6,co-iss-n1357872331,N1357872331,1357872331,2001-01-11T02:32:38.690,68,Narrow Angle,HAL,88.63388,194,9,data\calibrated\N1357872331_2_CALIB.IMG,data\calibrated\N1357872331_2_CALIB.LBL,data\previews\N1357872331_2_full.png
2001-01-11,"January 11, 2001 NAC/H-alpha",7,co-iss-n1357876053,N1357876053,1357876053,2001-01-11T03:34:40.664,68,Narrow Angle,HAL,88.81626,193,16,data\calibrated\N1357876053_2_CALIB.IMG,data\calibrated\N1357876053_2_CALIB.LBL,data\previews\N1357876053_2_full.png
2001-01-11,"January 11, 2001 NAC/H-alpha",8,co-iss-n1357876443,N1357876443,1357876443,2001-01-11T03:41:10.661,68,Narrow Angle,HAL,88.83539,271,27,data\calibrated\N1357876443_2_CALIB.IMG,data\calibrated\N1357876443_2_CALIB.LBL,data\previews\N1357876443_2_full.png
2001-01-11,"January 11, 2001 NAC/H-alpha",9,co-iss-n1357876803,N1357876803,1357876803,2001-01-11T03:47:10.659,68,Narrow Angle,HAL,88.85305,174,13,data\calibrated\N1357876803_2_CALIB.IMG,data\calibrated\N1357876803_2_CALIB.LBL,data\previews\N1357876803_2_full.png
2001-01-11,"January 11, 2001 NAC/H-alpha",10,co-iss-n1357880525,N1357880525,1357880525,2001-01-11T04:49:12.633,68,Narrow Angle,HAL,89.03577,150,15,data\calibrated\N1357880525_2_CALIB.IMG,data\calibrated\N1357880525_2_CALIB.LBL,data\previews\N1357880525_2_full.png
2001-01-11,"January 11, 2001 NAC/H-alpha",11,co-iss-n1357880915,N1357880915,1357880915,2001-01-11T04:55:42.630,68,Narrow Angle,HAL,89.05493,353,19,data\calibrated\N1357880915_2_CALIB.IMG,data\calibrated\N1357880915_2_CALIB.LBL,data\previews\N1357880915_2_full.png
2001-01-11,"January 11, 2001 NAC/H-alpha",12,co-iss-n1357881275,N1357881275,1357881275,2001-01-11T05:01:42.628,68,Narrow Angle,HAL,89.07262,175,3,data\calibrated\N1357881275_2_CALIB.IMG,data\calibrated\N1357881275_2_CALIB.LBL,data\previews\N1357881275_2_full.png
2001-01-11,"January 11, 2001 NAC/H-alpha",13,co-iss-n1357884997,N1357884997,1357884997,2001-01-11T06:03:44.602,68,Narrow Angle,HAL,89.25568,158,6,data\calibrated\N1357884997_2_CALIB.IMG,data\calibrated\N1357884997_2_CALIB.LBL,data\previews\N1357884997_2_full.png
2001-01-11,"January 11, 2001 NAC/H-alpha",14,co-iss-n1357885387,N1357885387,1357885387,2001-01-11T06:10:14.599,68,Narrow Angle,HAL,89.27488,265,15,data\calibrated\N1357885387_2_CALIB.IMG,data\calibrated\N1357885387_2_CALIB.LBL,data\previews\N1357885387_2_full.png
2001-01-11,"January 11, 2001 NAC/H-alpha",15,co-iss-n1357885747,N1357885747,1357885747,2001-01-11T06:16:14.597,68,Narrow Angle,HAL,89.2926,172,6,data\calibrated\N1357885747_2_CALIB.IMG,data\calibrated\N1357885747_2_CALIB.LBL,data\previews\N1357885747_2_full.png
2001-01-11,"January 11, 2001 NAC/H-alpha",16,co-iss-n1357889469,N1357889469,1357889469,2001-01-11T07:18:16.571,68,Narrow Angle,HAL,89.476,167,9,data\calibrated\N1357889469_2_CALIB.IMG,data\calibrated\N1357889469_2_CALIB.LBL,data\previews\N1357889469_2_full.png
2001-01-11,"January 11, 2001 NAC/H-alpha",17,co-iss-n1357889859,N1357889859,1357889859,2001-01-11T07:24:46.569,68,Narrow Angle,HAL,89.49523,306,18,data\calibrated\N1357889859_2_CALIB.IMG,data\calibrated\N1357889859_2_CALIB.LBL,data\previews\N1357889859_2_full.png
2001-01-11,"January 11, 2001 NAC/H-alpha",18,co-iss-n1357890219,N1357890219,1357890219,2001-01-11T07:30:46.566,68,Narrow Angle,HAL,89.51299,176,12,data\calibrated\N1357890219_2_CALIB.IMG,data\calibrated\N1357890219_2_CALIB.LBL,data\previews\N1357890219_2_full.png
2001-01-11,"January 11, 2001 NAC/H-alpha",19,co-iss-n1357893941,N1357893941,1357893941,2001-01-11T08:32:48.540,68,Narrow Angle,HAL,89.69671,163,11,data\calibrated\N1357893941_2_CALIB.IMG,data\calibrated\N1357893941_2_CALIB.LBL,data\previews\N1357893941_2_full.png
2001-01-11,"January 11, 2001 NAC/H-alpha",20,co-iss-n1357894331,N1357894331,1357894331,2001-01-11T08:39:18.538,68,Narrow Angle,HAL,89.71598,338,24,data\calibrated\N1357894331_2_CALIB.IMG,data\calibrated\N1357894331_2_CALIB.LBL,data\previews\N1357894331_2_full.png
2001-01-11,"January 11, 2001 NAC/H-alpha",21,co-iss-n1357894691,N1357894691,1357894691,2001-01-11T08:45:18.535,68,Narrow Angle,HAL,89.73377,185,14,data\calibrated\N1357894691_2_CALIB.IMG,data\calibrated\N1357894691_2_CALIB.LBL,data\previews\N1357894691_2_full.png
2001-01-11,"January 11, 2001 NAC/H-alpha",22,co-iss-n1357900665,N1357900665,1357900665,2001-01-11T10:24:52.494,68,Narrow Angle,HAL,90.02933,161,9,data\calibrated\N1357900665_2_CALIB.IMG,data\calibrated\N1357900665_2_CALIB.LBL,data\previews\N1357900665_2_full.png
2001-01-11,"January 11, 2001 NAC/H-alpha",23,co-iss-n1357901055,N1357901055,1357901055,2001-01-11T10:31:22.491,68,Narrow Angle,HAL,90.04864,320,19,data\calibrated\N1357901055_2_CALIB.IMG,data\calibrated\N1357901055_2_CALIB.LBL,data\previews\N1357901055_2_full.png
2001-01-11,"January 11, 2001 NAC/H-alpha",24,co-iss-n1357901415,N1357901415,1357901415,2001-01-11T10:37:22.488,68,Narrow Angle,HAL,90.06648,186,6,data\calibrated\N1357901415_2_CALIB.IMG,data\calibrated\N1357901415_2_CALIB.LBL,data\previews\N1357901415_2_full.png
2001-01-11,"January 11, 2001 NAC/H-alpha",25,co-iss-n1357905137,N1357905137,1357905137,2001-01-11T11:39:24.463,68,Narrow Angle,HAL,90.25103,159,8,data\calibrated\N1357905137_2_CALIB.IMG,data\calibrated\N1357905137_2_CALIB.LBL,data\previews\N1357905137_2_full.png
2001-01-11,"January 11, 2001 NAC/H-alpha",26,co-iss-n1357905527,N1357905527,1357905527,2001-01-11T11:45:54.460,68,Narrow Angle,HAL,90.27038,270,23,data\calibrated\N1357905527_2_CALIB.IMG,data\calibrated\N1357905527_2_CALIB.LBL,data\previews\N1357905527_2_full.png
2001-01-11,"January 11, 2001 NAC/H-alpha",27,co-iss-n1357905887,N1357905887,1357905887,2001-01-11T11:51:54.458,68,Narrow Angle,HAL,90.28825,170,12,data\calibrated\N1357905887_2_CALIB.IMG,data\calibrated\N1357905887_2_CALIB.LBL,data\previews\N1357905887_2_full.png
2001-01-11,"January 11, 2001 NAC/H-alpha",28,co-iss-n1357909609,N1357909609,1357909609,2001-01-11T12:53:56.432,68,Narrow Angle,HAL,90.47312,167,11,data\calibrated\N1357909609_2_CALIB.IMG,data\calibrated\N1357909609_2_CALIB.LBL,data\previews\N1357909609_2_full.png
2001-01-11,"January 11, 2001 NAC/H-alpha",29,co-iss-n1357909999,N1357909999,1357909999,2001-01-11T13:00:26.429,68,Narrow Angle,HAL,90.49251,462,43,data\calibrated\N1357909999_2_CALIB.IMG,data\calibrated\N1357909999_2_CALIB.LBL,data\previews\N1357909999_2_full.png
2001-01-11,"January 11, 2001 NAC/H-alpha",30,co-iss-n1357910359,N1357910359,1357910359,2001-01-11T13:06:26.427,68,Narrow Angle,HAL,90.51041,187,12,data\calibrated\N1357910359_2_CALIB.IMG,data\calibrated\N1357910359_2_CALIB.LBL,data\previews\N1357910359_2_full.png
2001-01-13,"January 13, 2001 NAC/H-alpha",0,co-iss-n1358061096,N1358061096,1358061096,2001-01-13T06:59:18.433,32,Narrow Angle,HAL,98.20517,4323,178,data\calibrated\N1358061096_1_CALIB.IMG,data\calibrated\N1358061096_1_CALIB.LBL,data\previews\N1358061096_1_full.png
2001-01-13,"January 13, 2001 NAC/H-alpha",1,co-iss-n1358063118,N1358063118,1358063118,2001-01-13T07:32:24.388,68,Narrow Angle,HAL,98.30992,930,85,data\calibrated\N1358063118_1_CALIB.IMG,data\calibrated\N1358063118_1_CALIB.LBL,data\previews\N1358063118_1_full.png
2001-01-13,"January 13, 2001 NAC/H-alpha",2,co-iss-n1358063287,N1358063287,1358063287,2001-01-13T07:34:41.395,100,Narrow Angle,HAL,98.31792,795,81,data\calibrated\N1358063287_1_CALIB.IMG,data\calibrated\N1358063287_1_CALIB.LBL,data\previews\N1358063287_1_full.png
2001-01-13,"January 13, 2001 NAC/H-alpha",3,co-iss-n1358063796,N1358063796,1358063796,2001-01-13T07:44:18.415,32,Narrow Angle,HAL,98.34631,470,72,data\calibrated\N1358063796_1_CALIB.IMG,data\calibrated\N1358063796_1_CALIB.LBL,data\previews\N1358063796_1_full.png
2001-01-13,"January 13, 2001 NAC/H-alpha",4,co-iss-n1358065818,N1358065818,1358065818,2001-01-13T08:17:24.370,68,Narrow Angle,HAL,98.45115,634,67,data\calibrated\N1358065818_1_CALIB.IMG,data\calibrated\N1358065818_1_CALIB.LBL,data\previews\N1358065818_1_full.png
2001-01-13,"January 13, 2001 NAC/H-alpha",5,co-iss-n1358065987,N1358065987,1358065987,2001-01-13T08:19:41.376,100,Narrow Angle,HAL,98.45915,741,70,data\calibrated\N1358065987_1_CALIB.IMG,data\calibrated\N1358065987_1_CALIB.LBL,data\previews\N1358065987_1_full.png
2001-01-13,"January 13, 2001 NAC/H-alpha",6,co-iss-n1358069418,N1358069418,1358069418,2001-01-13T09:17:24.345,68,Narrow Angle,HAL,98.63962,3099,111,data\calibrated\N1358069418_1_CALIB.IMG,data\calibrated\N1358069418_1_CALIB.LBL,data\previews\N1358069418_1_full.png
2001-01-13,"January 13, 2001 NAC/H-alpha",7,co-iss-n1358069587,N1358069587,1358069587,2001-01-13T09:19:41.351,100,Narrow Angle,HAL,98.64763,1807,101,data\calibrated\N1358069587_1_CALIB.IMG,data\calibrated\N1358069587_1_CALIB.LBL,data\previews\N1358069587_1_full.png
2001-01-13,"January 13, 2001 NAC/H-alpha",8,co-iss-n1358099796,N1358099796,1358099796,2001-01-13T17:44:18.165,32,Narrow Angle,HAL,100.23837,514,36,data\calibrated\N1358099796_1_CALIB.IMG,data\calibrated\N1358099796_1_CALIB.LBL,data\previews\N1358099796_1_full.png
2001-01-13,"January 13, 2001 NAC/H-alpha",9,co-iss-n1358101818,N1358101818,1358101818,2001-01-13T18:17:24.120,68,Narrow Angle,HAL,100.34423,662,73,data\calibrated\N1358101818_1_CALIB.IMG,data\calibrated\N1358101818_1_CALIB.LBL,data\previews\N1358101818_1_full.png
2001-01-13,"January 13, 2001 NAC/H-alpha",10,co-iss-n1358101987,N1358101987,1358101987,2001-01-13T18:19:41.127,100,Narrow Angle,HAL,100.35232,661,51,data\calibrated\N1358101987_1_CALIB.IMG,data\calibrated\N1358101987_1_CALIB.LBL,data\previews\N1358101987_1_full.png
2001-01-13,"January 13, 2001 NAC/H-alpha",11,co-iss-n1358105418,N1358105418,1358105418,2001-01-13T19:17:24.095,68,Narrow Angle,HAL,100.53454,3022,132,data\calibrated\N1358105418_1_CALIB.IMG,data\calibrated\N1358105418_1_CALIB.LBL,data\previews\N1358105418_1_full.png
2001-01-13,"January 13, 2001 NAC/H-alpha",12,co-iss-n1358105587,N1358105587,1358105587,2001-01-13T19:19:41.102,100,Narrow Angle,HAL,100.54263,1742,85,data\calibrated\N1358105587_1_CALIB.IMG,data\calibrated\N1358105587_1_CALIB.LBL,data\previews\N1358105587_1_full.png
2001-01-13,"January 13, 2001 NAC/H-alpha",13,co-iss-n1358106096,N1358106096,1358106096,2001-01-13T19:29:18.122,32,Narrow Angle,HAL,100.57135,4039,214,data\calibrated\N1358106096_1_CALIB.IMG,data\calibrated\N1358106096_1_CALIB.LBL,data\previews\N1358106096_1_full.png
2001-01-13,"January 13, 2001 NAC/H-alpha",14,co-iss-n1358108118,N1358108118,1358108118,2001-01-13T20:02:24.077,68,Narrow Angle,HAL,100.67738,835,77,data\calibrated\N1358108118_1_CALIB.IMG,data\calibrated\N1358108118_1_CALIB.LBL,data\previews\N1358108118_1_full.png
2001-01-13,"January 13, 2001 NAC/H-alpha",15,co-iss-n1358108287,N1358108287,1358108287,2001-01-13T20:04:41.083,100,Narrow Angle,HAL,100.68548,653,71,data\calibrated\N1358108287_1_CALIB.IMG,data\calibrated\N1358108287_1_CALIB.LBL,data\previews\N1358108287_1_full.png
2001-01-13,"January 13, 2001 NAC/H-alpha",16,co-iss-n1358108796,N1358108796,1358108796,2001-01-13T20:14:18.103,32,Narrow Angle,HAL,100.71422,554,78,data\calibrated\N1358108796_1_CALIB.IMG,data\calibrated\N1358108796_1_CALIB.LBL,data\previews\N1358108796_1_full.png
2001-01-13,"January 13, 2001 NAC/H-alpha",17,co-iss-n1358110818,N1358110818,1358110818,2001-01-13T20:47:24.058,68,Narrow Angle,HAL,100.82032,643,58,data\calibrated\N1358110818_1_CALIB.IMG,data\calibrated\N1358110818_1_CALIB.LBL,data\previews\N1358110818_1_full.png
2001-01-13,"January 13, 2001 NAC/H-alpha",18,co-iss-n1358110987,N1358110987,1358110987,2001-01-13T20:49:41.065,100,Narrow Angle,HAL,100.82843,593,55,data\calibrated\N1358110987_1_CALIB.IMG,data\calibrated\N1358110987_1_CALIB.LBL,data\previews\N1358110987_1_full.png
2001-01-13,"January 13, 2001 NAC/H-alpha",19,co-iss-n1358114418,N1358114418,1358114418,2001-01-13T21:47:24.033,68,Narrow Angle,HAL,101.01106,3045,135,data\calibrated\N1358114418_1_CALIB.IMG,data\calibrated\N1358114418_1_CALIB.LBL,data\previews\N1358114418_1_full.png
2001-01-13,"January 13, 2001 NAC/H-alpha",20,co-iss-n1358114587,N1358114587,1358114587,2001-01-13T21:49:41.040,100,Narrow Angle,HAL,101.01918,1684,98,data\calibrated\N1358114587_1_CALIB.IMG,data\calibrated\N1358114587_1_CALIB.LBL,data\previews\N1358114587_1_full.png
2001-01-13,"January 13, 2001 NAC/H-alpha",21,co-iss-n1358115096,N1358115096,1358115096,2001-01-13T21:59:18.060,32,Narrow Angle,HAL,101.04796,4021,195,data\calibrated\N1358115096_1_CALIB.IMG,data\calibrated\N1358115096_1_CALIB.LBL,data\previews\N1358115096_1_full.png
2001-01-13,"January 13, 2001 NAC/H-alpha",22,co-iss-n1358117118,N1358117118,1358117118,2001-01-13T22:32:24.014,68,Narrow Angle,HAL,101.15423,801,78,data\calibrated\N1358117118_1_CALIB.IMG,data\calibrated\N1358117118_1_CALIB.LBL,data\previews\N1358117118_1_full.png
2001-01-13,"January 13, 2001 NAC/H-alpha",23,co-iss-n1358117287,N1358117287,1358117287,2001-01-13T22:34:41.021,100,Narrow Angle,HAL,101.16235,660,71,data\calibrated\N1358117287_1_CALIB.IMG,data\calibrated\N1358117287_1_CALIB.LBL,data\previews\N1358117287_1_full.png
2001-01-13,"January 13, 2001 NAC/H-alpha",24,co-iss-n1358117796,N1358117796,1358117796,2001-01-13T22:44:18.041,32,Narrow Angle,HAL,101.19116,399,54,data\calibrated\N1358117796_1_CALIB.IMG,data\calibrated\N1358117796_1_CALIB.LBL,data\previews\N1358117796_1_full.png
