run_date,image_id,opus_id,time,metadata_file,metadata_available,subobserver_lat,subobserver_lon_w,subsolar_lat,subsolar_lon_w,range_to_body_km,center_resolution_km_px,center_phase_angle,incidence_min,incidence_max,emission_min,emission_max,latitude_min,latitude_max,longitude_w_min,longitude_w_max,geometry_context_available,candidate_latlon_ready,available_geometry_fields,readiness_note
2000-12-31,N1356976983,co-iss-n1356976983,2000-12-31T17:50:52.890,data/metadata/co-iss-n1356976983.json,yes,-0.328,44.478,3.308,112.302,9810809.924,59.16949,67.865,91.614,152.907,26.768,89.836,,,,,yes,no,11,Image-level viewing geometry exists; per-candidate latitude/longitude requires camera/SPICE mapping.
2000-12-31,N1356977373,co-iss-n1356977373,2000-12-31T17:57:22.887,data/metadata/co-iss-n1356977373.json,yes,-0.33,48.381,3.308,116.231,9809440.019,59.17279,67.89,90.138,155.836,22.638,89.77,,,,,yes,no,11,Image-level viewing geometry exists; per-candidate latitude/longitude requires camera/SPICE mapping.
2000-12-31,N1356977733,co-iss-n1356977733,2000-12-31T18:03:22.885,data/metadata/co-iss-n1356977733.json,yes,-0.332,51.984,3.308,119.857,9811672.355,59.17584,67.914,90.098,151.473,26.395,89.612,,,,,yes,no,11,Image-level viewing geometry exists; per-candidate latitude/longitude requires camera/SPICE mapping.
2000-12-31,N1356981455,co-iss-n1356981455,2000-12-31T19:05:24.859,data/metadata/co-iss-n1356981455.json,yes,-0.35,89.238,3.308,157.355,9817222.109,59.20797,68.158,91.853,152.676,26.754,89.573,,,,,yes,no,11,Image-level viewing geometry exists; per-candidate latitude/longitude requires camera/SPICE mapping.
2000-12-31,N1356981845,co-iss-n1356981845,2000-12-31T19:11:54.857,data/metadata/co-iss-n1356981845.json,yes,-0.352,93.141,3.308,161.284,9815713.898,59.21139,68.184,90.071,156.557,22.28,89.294,,,,,yes,no,11,Image-level viewing geometry exists; per-candidate latitude/longitude requires camera/SPICE mapping.
2000-12-31,N1356982205,co-iss-n1356982205,2000-12-31T19:17:54.854,data/metadata/co-iss-n1356982205.json,yes,-0.354,96.744,3.308,164.911,9818064.941,59.21457,68.208,90.176,149.926,26.275,89.437,,,,,yes,no,11,Image-level viewing geometry exists; per-candidate latitude/longitude requires camera/SPICE mapping.
2000-12-31,N1356985927,co-iss-n1356985927,2000-12-31T20:19:56.828,data/metadata/co-iss-n1356985927.json,yes,-0.372,133.998,3.308,202.408,9823927.731,59.2479,68.452,92.317,152.931,26.815,89.83,,,,,yes,no,11,Image-level viewing geometry exists; per-candidate latitude/longitude requires camera/SPICE mapping.
2000-12-31,N1356986317,co-iss-n1356986317,2000-12-31T20:26:26.826,data/metadata/co-iss-n1356986317.json,yes,-0.374,137.902,3.308,206.337,9822504.724,59.25145,68.477,90.583,157.216,22.503,89.874,,,,,yes,no,11,Image-level viewing geometry exists; per-candidate latitude/longitude requires camera/SPICE mapping.
2000-12-31,N1356986677,co-iss-n1356986677,2000-12-31T20:32:26.823,data/metadata/co-iss-n1356986677.json,yes,-0.376,141.505,3.308,209.964,9824965.318,59.25474,68.501,90.816,149.989,26.632,89.703,,,,,yes,no,11,Image-level viewing geometry exists; per-candidate latitude/longitude requires camera/SPICE mapping.
2000-12-31,N1356990399,co-iss-n1356990399,2000-12-31T21:34:28.797,data/metadata/co-iss-n1356990399.json,yes,-0.394,178.759,3.308,247.461,9830879.024,59.28928,68.745,92.66,155.21,26.9,89.916,,,,,yes,no,11,Image-level viewing geometry exists; per-candidate latitude/longitude requires camera/SPICE mapping.
2000-12-31,N1356990789,co-iss-n1356990789,2000-12-31T21:40:58.795,data/metadata/co-iss-n1356990789.json,yes,-0.396,182.663,3.308,251.39,9829473.597,59.29296,68.77,90.96,157.012,22.592,89.378,,,,,yes,no,11,Image-level viewing geometry exists; per-candidate latitude/longitude requires camera/SPICE mapping.
2000-12-31,N1356991149,co-iss-n1356991149,2000-12-31T21:46:58.792,data/metadata/co-iss-n1356991149.json,yes,-0.398,186.266,3.308,255.017,9831666.534,59.29636,68.794,90.673,149.961,26.182,89.495,,,,,yes,no,11,Image-level viewing geometry exists; per-candidate latitude/longitude requires camera/SPICE mapping.
2001-01-01,N1357008677,co-iss-n1357008677,2001-01-01T02:39:06.671,data/metadata/co-iss-n1357008677.json,yes,-0.484,1.71,3.307,71.603,9859481.525,59.47335,69.938,91.905,158.166,22.383,89.845,,,,,yes,no,11,Image-level viewing geometry exists; per-candidate latitude/longitude requires camera/SPICE mapping.
2001-01-01,N1357009037,co-iss-n1357009037,2001-01-01T02:45:06.668,data/metadata/co-iss-n1357009037.json,yes,-0.486,5.314,3.307,75.23,9861956.352,59.47722,69.961,91.953,153.153,26.383,89.102,,,,,yes,no,11,Image-level viewing geometry exists; per-candidate latitude/longitude requires camera/SPICE mapping.
2001-01-01,N1357015011,co-iss-n1357015011,2001-01-01T04:24:40.627,data/metadata/co-iss-n1357015011.json,yes,-0.515,65.112,3.307,135.415,9873215.513,59.54271,70.349,94.319,154.815,26.969,89.734,,,,,yes,no,11,Image-level viewing geometry exists; per-candidate latitude/longitude requires camera/SPICE mapping.
2001-01-01,N1357015401,co-iss-n1357015401,2001-01-01T04:31:10.624,data/metadata/co-iss-n1357015401.json,yes,-0.517,69.015,3.307,139.344,9871812.872,59.54708,70.374,92.393,158.779,22.441,89.755,,,,,yes,no,11,Image-level viewing geometry exists; per-candidate latitude/longitude requires camera/SPICE mapping.
2001-01-01,N1357015761,co-iss-n1357015761,2001-01-01T04:37:10.622,data/metadata/co-iss-n1357015761.json,yes,-0.519,72.619,3.307,142.971,9874143.931,59.55111,70.398,92.063,151.528,26.121,89.642,,,,,yes,no,11,Image-level viewing geometry exists; per-candidate latitude/longitude requires camera/SPICE mapping.
2001-01-01,N1357019483,co-iss-n1357019483,2001-01-01T05:39:12.596,data/metadata/co-iss-n1357019483.json,yes,-0.537,109.875,3.307,180.468,9881542.623,59.5934,70.639,94.359,154.609,26.731,88.938,,,,,yes,no,11,Image-level viewing geometry exists; per-candidate latitude/longitude requires camera/SPICE mapping.
2001-01-01,N1357019873,co-iss-n1357019873,2001-01-01T05:45:42.593,data/metadata/co-iss-n1357019873.json,yes,-0.539,113.779,3.307,184.397,9880163.258,59.59788,70.664,92.405,159.281,22.167,89.321,,,,,yes,no,11,Image-level viewing geometry exists; per-candidate latitude/longitude requires camera/SPICE mapping.
2001-01-01,N1357020233,co-iss-n1357020233,2001-01-01T05:51:42.591,data/metadata/co-iss-n1357020233.json,yes,-0.541,117.383,3.307,188.024,9882964.202,59.60204,70.688,92.96,153.369,26.707,89.5,,,,,yes,no,11,Image-level viewing geometry exists; per-candidate latitude/longitude requires camera/SPICE mapping.
2001-01-01,N1357023955,co-iss-n1357023955,2001-01-01T06:53:44.565,data/metadata/co-iss-n1357023955.json,yes,-0.559,154.64,3.307,225.521,9890298.592,59.6455,70.929,94.624,155.679,26.857,89.426,,,,,yes,no,11,Image-level viewing geometry exists; per-candidate latitude/longitude requires camera/SPICE mapping.
2001-01-01,N1357024345,co-iss-n1357024345,2001-01-01T07:00:14.562,data/metadata/co-iss-n1357024345.json,yes,-0.561,158.543,3.307,229.45,9889030.145,59.65011,70.954,93.008,159.993,22.488,89.818,,,,,yes,no,11,Image-level viewing geometry exists; per-candidate latitude/longitude requires camera/SPICE mapping.
2001-01-01,N1357024705,co-iss-n1357024705,2001-01-01T07:06:14.560,data/metadata/co-iss-n1357024705.json,yes,-0.562,162.147,3.307,233.077,9891555.916,59.65437,70.977,92.843,152.345,26.462,89.194,,,,,yes,no,11,Image-level viewing geometry exists; per-candidate latitude/longitude requires camera/SPICE mapping.
2001-01-01,N1357028427,co-iss-n1357028427,2001-01-01T08:08:16.534,data/metadata/co-iss-n1357028427.json,yes,-0.58,199.404,3.307,270.574,9899354.413,59.69901,71.218,95.155,155.83,27.078,89.57,,,,,yes,no,11,Image-level viewing geometry exists; per-candidate latitude/longitude requires camera/SPICE mapping.
2001-01-01,N1357028817,co-iss-n1357028817,2001-01-01T08:14:46.531,data/metadata/co-iss-n1357028817.json,yes,-0.582,203.308,3.307,274.503,9897919.517,59.70374,71.243,93.164,159.644,22.357,89.164,,,,,yes,no,11,Image-level viewing geometry exists; per-candidate latitude/longitude requires camera/SPICE mapping.
2001-01-01,N1357029177,co-iss-n1357029177,2001-01-01T08:20:46.529,data/metadata/co-iss-n1357029177.json,yes,-0.584,206.912,3.307,278.13,9900393.406,59.70812,71.266,92.942,153.571,26.212,89.619,,,,,yes,no,11,Image-level viewing geometry exists; per-candidate latitude/longitude requires camera/SPICE mapping.
2001-01-01,N1357032899,co-iss-n1357032899,2001-01-01T09:22:48.503,data/metadata/co-iss-n1357032899.json,yes,-0.602,244.17,3.307,315.627,9908355.584,59.75393,71.506,95.262,156.417,26.767,89.457,,,,,yes,no,11,Image-level viewing geometry exists; per-candidate latitude/longitude requires camera/SPICE mapping.
2001-01-01,N1357033289,co-iss-n1357033289,2001-01-01T09:29:18.500,data/metadata/co-iss-n1357033289.json,yes,-0.604,248.074,3.307,319.556,9907234.317,59.75878,71.531,93.717,159.682,22.628,89.596,,,,,yes,no,11,Image-level viewing geometry exists; per-candidate latitude/longitude requires camera/SPICE mapping.
2001-01-01,N1357033649,co-iss-n1357033649,2001-01-01T09:35:18.498,data/metadata/co-iss-n1357033649.json,yes,-0.606,251.677,3.307,323.183,9909750.417,59.76328,71.554,93.494,152.139,26.492,89.922,,,,,yes,no,11,Image-level viewing geometry exists; per-candidate latitude/longitude requires camera/SPICE mapping.
2001-01-01,N1357037371,co-iss-n1357037371,2001-01-01T10:37:20.472,data/metadata/co-iss-n1357037371.json,yes,-0.624,288.935,3.307,0.68,9917931.27,59.81025,71.794,95.843,155.445,27.086,88.951,,,,,yes,no,11,Image-level viewing geometry exists; per-candidate latitude/longitude requires camera/SPICE mapping.
2001-01-01,N1357037761,co-iss-n1357037761,2001-01-01T10:43:50.469,data/metadata/co-iss-n1357037761.json,yes,-0.625,292.839,3.307,4.609,9916705.373,59.81523,71.819,94.106,160.061,22.735,89.732,,,,,yes,no,11,Image-level viewing geometry exists; per-candidate latitude/longitude requires camera/SPICE mapping.
2001-01-01,N1357038121,co-iss-n1357038121,2001-01-01T10:49:50.467,data/metadata/co-iss-n1357038121.json,yes,-0.627,296.443,3.307,8.236,9919321.409,59.81983,71.842,93.868,154.355,26.748,89.914,,,,,yes,no,11,Image-level viewing geometry exists; per-candidate latitude/longitude requires camera/SPICE mapping.
2001-01-01,N1357041843,co-iss-n1357041843,2001-01-01T11:51:52.441,data/metadata/co-iss-n1357041843.json,yes,-0.645,333.702,3.307,45.733,9927473.629,59.86797,72.081,95.802,156.695,26.943,89.508,,,,,yes,no,11,Image-level viewing geometry exists; per-candidate latitude/longitude requires camera/SPICE mapping.
2001-01-01,N1357042233,co-iss-n1357042233,2001-01-01T11:58:22.438,data/metadata/co-iss-n1357042233.json,yes,-0.647,337.606,3.307,49.662,9926352.289,59.87307,72.106,94.375,160.54,22.722,89.627,,,,,yes,no,11,Image-level viewing geometry exists; per-candidate latitude/longitude requires camera/SPICE mapping.
2001-01-01,N1357042593,co-iss-n1357042593,2001-01-01T12:04:22.436,data/metadata/co-iss-n1357042593.json,yes,-0.649,341.209,3.307,53.289,9928794.217,59.87778,72.129,93.974,153.604,26.365,89.51,,,,,yes,no,11,Image-level viewing geometry exists; per-candidate latitude/longitude requires camera/SPICE mapping.
2001-01-04,N1357313585,co-iss-n1357313585,2001-01-04T15:20:52.559,data/metadata/co-iss-n1357313585.json,yes,-1.805,175.336,3.3,263.38,10919328.151,65.80111,88.122,113.911,166.615,29.785,89.428,,,,,yes,no,11,Image-level viewing geometry exists; per-candidate latitude/longitude requires camera/SPICE mapping.
2001-01-04,N1357313975,co-iss-n1357313975,2001-01-04T15:27:22.557,data/metadata/co-iss-n1357313975.json,yes,-1.807,179.245,3.3,267.309,10918727.329,65.81273,88.142,111.081,176.646,24.893,89.215,,,,,yes,no,11,Image-level viewing geometry exists; per-candidate latitude/longitude requires camera/SPICE mapping.
2001-01-04,N1357314335,co-iss-n1357314335,2001-01-04T15:33:22.554,data/metadata/co-iss-n1357314335.json,yes,-1.808,182.853,3.3,270.936,10922841.131,65.82347,88.161,110.192,161.517,29.478,88.636,,,,,yes,no,11,Image-level viewing geometry exists; per-candidate latitude/longitude requires camera/SPICE mapping.
2001-01-04,N1357318057,co-iss-n1357318057,2001-01-04T16:35:24.528,data/metadata/co-iss-n1357318057.json,yes,-1.822,220.153,3.3,308.433,10941770.357,65.93486,88.358,114.317,166.206,29.98,89.917,,,,,yes,no,11,Image-level viewing geometry exists; per-candidate latitude/longitude requires camera/SPICE mapping.
2001-01-04,N1357318447,co-iss-n1357318447,2001-01-04T16:41:54.526,data/metadata/co-iss-n1357318447.json,yes,-1.823,224.062,3.3,312.362,10941141.225,65.94658,88.378,111.426,175.59,25.037,89.29,,,,,yes,no,11,Image-level viewing geometry exists; per-candidate latitude/longitude requires camera/SPICE mapping.
2001-01-04,N1357327001,co-iss-n1357327001,2001-01-04T19:04:28.466,data/metadata/co-iss-n1357327001.json,yes,-1.854,309.789,3.3,38.538,10987104.927,66.20548,88.828,114.919,167.138,30.268,89.684,,,,,yes,no,11,Image-level viewing geometry exists; per-candidate latitude/longitude requires camera/SPICE mapping.
2001-01-04,N1357327391,co-iss-n1357327391,2001-01-04T19:10:58.464,data/metadata/co-iss-n1357327391.json,yes,-1.855,313.698,3.3,42.467,10986397.33,66.21737,88.848,111.907,177.232,25.156,89.467,,,,,yes,no,11,Image-level viewing geometry exists; per-candidate latitude/longitude requires camera/SPICE mapping.
2001-01-04,N1357327751,co-iss-n1357327751,2001-01-04T19:16:58.461,data/metadata/co-iss-n1357327751.json,yes,-1.857,317.306,3.3,46.094,10990400.979,66.22836,88.867,110.534,161.201,29.44,89.909,,,,,yes,no,11,Image-level viewing geometry exists; per-candidate latitude/longitude requires camera/SPICE mapping.
2001-01-04,N1357331473,co-iss-n1357331473,2001-01-04T20:19:00.435,data/metadata/co-iss-n1357331473.json,yes,-1.87,354.609,3.3,83.591,11009772.382,66.34232,89.061,114.823,166.325,29.997,88.631,,,,,yes,no,11,Image-level viewing geometry exists; per-candidate latitude/longitude requires camera/SPICE mapping.
2001-01-04,N1357331863,co-iss-n1357331863,2001-01-04T20:25:30.433,data/metadata/co-iss-n1357331863.json,yes,-1.871,358.518,3.3,87.52,11009235.914,66.3543,89.081,112.074,175.196,25.13,89.344,,,,,yes,no,11,Image-level viewing geometry exists; per-candidate latitude/longitude requires camera/SPICE mapping.
2001-01-04,N1357332223,co-iss-n1357332223,2001-01-04T20:31:30.430,data/metadata/co-iss-n1357332223.json,yes,-1.872,2.126,3.3,91.147,11013506.496,66.36537,89.1,110.899,161.032,29.84,89.594,,,,,yes,no,11,Image-level viewing geometry exists; per-candidate latitude/longitude requires camera/SPICE mapping.
2001-01-04,N1357335945,co-iss-n1357335945,2001-01-04T21:33:32.404,data/metadata/co-iss-n1357335945.json,yes,-1.886,39.43,3.3,128.643,11033004.363,66.48017,89.293,115.411,166.217,30.36,89.344,,,,,yes,no,11,Image-level viewing geometry exists; per-candidate latitude/longitude requires camera/SPICE mapping.
2001-01-04,N1357336335,co-iss-n1357336335,2001-01-04T21:40:02.402,data/metadata/co-iss-n1357336335.json,yes,-1.887,43.338,3.3,132.572,11032344.53,66.49224,89.313,112.403,176.912,25.295,89.154,,,,,yes,no,11,Image-level viewing geometry exists; per-candidate latitude/longitude requires camera/SPICE mapping.
2001-01-04,N1357336695,co-iss-n1357336695,2001-01-04T21:46:02.399,data/metadata/co-iss-n1357336695.json,yes,-1.888,46.947,3.3,136.199,11036411.445,66.50339,89.332,110.58,161.723,29.643,89.385,,,,,yes,no,11,Image-level viewing geometry exists; per-candidate latitude/longitude requires camera/SPICE mapping.
2001-01-04,N1357340417,co-iss-n1357340417,2001-01-04T22:48:04.373,data/metadata/co-iss-n1357340417.json,yes,-1.901,84.251,3.299,173.696,11056075.024,66.61903,89.525,115.45,165.918,30.194,89.379,,,,,yes,no,11,Image-level viewing geometry exists; per-candidate latitude/longitude requires camera/SPICE mapping.
2001-01-04,N1357340807,co-iss-n1357340807,2001-01-04T22:54:34.371,data/metadata/co-iss-n1357340807.json,yes,-1.903,88.16,3.299,177.625,11055407.211,66.63119,89.545,112.369,175.634,25.055,89.324,,,,,yes,no,11,Image-level viewing geometry exists; per-candidate latitude/longitude requires camera/SPICE mapping.
2001-01-04,N1357341167,co-iss-n1357341167,2001-01-04T23:00:34.368,data/metadata/co-iss-n1357341167.json,yes,-1.904,91.768,3.299,181.252,11059717.457,66.64242,89.563,110.897,161.369,29.8,89.46,,,,,yes,no,11,Image-level viewing geometry exists; per-candidate latitude/longitude requires camera/SPICE mapping.
2001-01-05,N1357344889,co-iss-n1357344889,2001-01-05T00:02:36.342,data/metadata/co-iss-n1357344889.json,yes,-1.917,129.074,3.299,218.749,11079647.446,66.75889,89.755,116.042,165.829,30.563,89.17,,,,,yes,no,11,Image-level viewing geometry exists; per-candidate latitude/longitude requires camera/SPICE mapping.
2001-01-05,N1357345279,co-iss-n1357345279,2001-01-05T00:09:06.340,data/metadata/co-iss-n1357345279.json,yes,-1.918,132.983,3.299,222.678,11078685.322,66.77113,89.775,112.389,175.313,24.906,89.262,,,,,yes,no,11,Image-level viewing geometry exists; per-candidate latitude/longitude requires camera/SPICE mapping.
2001-01-05,N1357345639,co-iss-n1357345639,2001-01-05T00:15:06.337,data/metadata/co-iss-n1357345639.json,yes,-1.92,136.591,3.299,226.304,11083308.011,66.78244,89.794,111.08,160.622,30.181,89.769,,,,,yes,no,11,Image-level viewing geometry exists; per-candidate latitude/longitude requires camera/SPICE mapping.
2001-01-05,N1357351613,co-iss-n1357351613,2001-01-05T01:54:40.296,data/metadata/co-iss-n1357351613.json,yes,-1.94,196.47,3.299,286.489,11114851.906,66.97104,90.1,116.189,167.283,30.224,89.239,,,,,yes,no,11,Image-level viewing geometry exists; per-candidate latitude/longitude requires camera/SPICE mapping.
2001-01-05,N1357352003,co-iss-n1357352003,2001-01-05T02:01:10.293,data/metadata/co-iss-n1357352003.json,yes,-1.942,200.379,3.299,290.418,11114320.922,66.98342,90.12,113.036,175.678,25.3,89.511,,,,,yes,no,11,Image-level viewing geometry exists; per-candidate latitude/longitude requires camera/SPICE mapping.
2001-01-05,N1357352363,co-iss-n1357352363,2001-01-05T02:07:10.291,data/metadata/co-iss-n1357352363.json,yes,-1.943,203.987,3.299,294.045,11118635.928,66.99485,90.138,111.072,161.023,29.969,89.277,,,,,yes,no,11,Image-level viewing geometry exists; per-candidate latitude/longitude requires camera/SPICE mapping.
2001-01-05,N1357356085,co-iss-n1357356085,2001-01-05T03:09:12.265,data/metadata/co-iss-n1357356085.json,yes,-1.956,241.295,3.299,331.541,11138632.725,67.11337,90.328,116.417,167.691,30.271,89.873,,,,,yes,no,11,Image-level viewing geometry exists; per-candidate latitude/longitude requires camera/SPICE mapping.
2001-01-05,N1357356475,co-iss-n1357356475,2001-01-05T03:15:42.262,data/metadata/co-iss-n1357356475.json,yes,-1.957,245.204,3.299,335.47,11137942.389,67.12583,90.347,112.959,178.761,25.021,89.465,,,,,yes,no,11,Image-level viewing geometry exists; per-candidate latitude/longitude requires camera/SPICE mapping.
2001-01-05,N1357356835,co-iss-n1357356835,2001-01-05T03:21:42.260,data/metadata/co-iss-n1357356835.json,yes,-1.958,248.812,3.299,339.097,11142573.009,67.13734,90.366,111.341,160.598,30.224,88.963,,,,,yes,no,11,Image-level viewing geometry exists; per-candidate latitude/longitude requires camera/SPICE mapping.
2001-01-05,N1357361307,co-iss-n1357361307,2001-01-05T04:36:14.229,data/metadata/co-iss-n1357361307.json,yes,-1.974,293.639,3.299,24.15,11166361.851,67.28081,90.593,111.063,161.246,29.979,89.688,,,,,yes,no,11,Image-level viewing geometry exists; per-candidate latitude/longitude requires camera/SPICE mapping.
2001-01-05,N1357365030,co-iss-n1357365030,2001-01-05T05:38:17.203,data/metadata/co-iss-n1357365030.json,yes,-1.986,330.958,3.299,61.657,11186871.236,67.40099,90.781,117.173,165.971,30.655,89.755,,,,,yes,no,11,Image-level viewing geometry exists; per-candidate latitude/longitude requires camera/SPICE mapping.
2001-01-05,N1357365420,co-iss-n1357365420,2001-01-05T05:44:47.200,data/metadata/co-iss-n1357365420.json,yes,-1.988,334.867,3.299,65.586,11186121.295,67.41362,90.8,113.566,178.404,25.305,89.873,,,,,yes,no,11,Image-level viewing geometry exists; per-candidate latitude/longitude requires camera/SPICE mapping.
2001-01-05,N1357365780,co-iss-n1357365780,2001-01-05T05:50:47.198,data/metadata/co-iss-n1357365780.json,yes,-1.989,338.476,3.299,69.213,11190517.806,67.42528,90.818,111.304,160.896,30.039,89.729,,,,,yes,no,11,Image-level viewing geometry exists; per-candidate latitude/longitude requires camera/SPICE mapping.
2001-01-05,N1357369502,co-iss-n1357369502,2001-01-05T06:52:49.172,data/metadata/co-iss-n1357369502.json,yes,-2.002,15.786,3.299,106.709,11211021.359,67.54623,91.006,117.238,167.682,30.506,88.978,,,,,yes,no,11,Image-level viewing geometry exists; per-candidate latitude/longitude requires camera/SPICE mapping.
2001-01-05,N1357369892,co-iss-n1357369892,2001-01-05T06:59:19.169,data/metadata/co-iss-n1357369892.json,yes,-2.003,19.695,3.299,110.638,11210414.918,67.55894,91.025,113.792,177.71,25.38,89.608,,,,,yes,no,11,Image-level viewing geometry exists; per-candidate latitude/longitude requires camera/SPICE mapping.
2001-01-05,N1357370252,co-iss-n1357370252,2001-01-05T07:05:19.167,data/metadata/co-iss-n1357370252.json,yes,-2.004,23.304,3.299,114.265,11214884.224,67.57068,91.043,111.489,161.643,30.197,89.564,,,,,yes,no,11,Image-level viewing geometry exists; per-candidate latitude/longitude requires camera/SPICE mapping.
2001-01-05,N1357373974,co-iss-n1357373974,2001-01-05T08:07:21.141,data/metadata/co-iss-n1357373974.json,yes,-2.017,60.614,3.299,151.762,11235643.857,67.69243,91.23,117.379,166.842,30.878,89.748,,,,,yes,no,11,Image-level viewing geometry exists; per-candidate latitude/longitude requires camera/SPICE mapping.
2001-01-05,N1357374364,co-iss-n1357374364,2001-01-05T08:13:51.138,data/metadata/co-iss-n1357374364.json,yes,-2.018,64.524,3.299,155.691,11234975.995,67.70522,91.249,114.26,178.97,25.657,89.339,,,,,yes,no,11,Image-level viewing geometry exists; per-candidate latitude/longitude requires camera/SPICE mapping.
2001-01-05,N1357374724,co-iss-n1357374724,2001-01-05T08:19:51.136,data/metadata/co-iss-n1357374724.json,yes,-2.019,68.133,3.299,159.318,11239343.332,67.71704,91.267,111.425,161.417,30.269,88.992,,,,,yes,no,11,Image-level viewing geometry exists; per-candidate latitude/longitude requires camera/SPICE mapping.
2001-01-05,N1357378446,co-iss-n1357378446,2001-01-05T09:21:53.110,data/metadata/co-iss-n1357378446.json,yes,-2.032,105.444,3.299,196.815,11260246.113,67.83958,91.453,117.553,166.175,30.938,89.148,,,,,yes,no,11,Image-level viewing geometry exists; per-candidate latitude/longitude requires camera/SPICE mapping.
2001-01-05,N1357378836,co-iss-n1357378836,2001-01-05T09:28:23.107,data/metadata/co-iss-n1357378836.json,yes,-2.033,109.354,3.299,200.744,11259717.018,67.85246,91.472,114.709,177.935,25.97,89.056,,,,,yes,no,11,Image-level viewing geometry exists; per-candidate latitude/longitude requires camera/SPICE mapping.
2001-01-05,N1357379196,co-iss-n1357379196,2001-01-05T09:34:23.105,data/metadata/co-iss-n1357379196.json,yes,-2.034,112.963,3.299,204.37,11264164.96,67.86435,91.49,111.69,161.001,30.662,89.287,,,,,yes,no,11,Image-level viewing geometry exists; per-candidate latitude/longitude requires camera/SPICE mapping.
2001-01-08,N1357628415,co-iss-n1357628415,2001-01-08T06:47:24.399,data/metadata/co-iss-n1357628415.json,yes,-2.722,92.614,3.292,194.907,12847915.86,77.39283,102.384,56.317,135.162,18.274,89.466,16.412,86.542,67.118,174.334,yes,yes,15,"OPUS image-level latitude/longitude bounds exist, but per-candidate mapping still needs camera geometry."
2001-01-08,N1357628584,co-iss-n1357628584,2001-01-08T06:49:41.405,data/metadata/co-iss-n1357628584.json,yes,-2.722,94.15,3.292,196.448,12849078.972,77.39938,102.39,56.256,135.363,18.48,89.499,16.605,84.875,87.497,177.712,yes,yes,15,"OPUS image-level latitude/longitude bounds exist, but per-candidate mapping still needs camera geometry."
2001-01-08,N1357629093,co-iss-n1357629093,2001-01-08T06:59:18.425,data/metadata/co-iss-n1357629093.json,yes,-2.723,99.6,3.292,201.919,12852898.942,77.42261,102.41,56.639,135.351,18.317,89.437,16.444,83.831,96.763,182.232,yes,yes,15,"OPUS image-level latitude/longitude bounds exist, but per-candidate mapping still needs camera geometry."
2001-01-08,N1357631115,co-iss-n1357631115,2001-01-08T07:32:24.380,data/metadata/co-iss-n1357631115.json,yes,-2.728,119.713,3.292,222.107,12867195.416,77.50841,102.486,72.508,155.82,18.246,89.885,16.38,83.538,117.409,198.815,yes,yes,15,"OPUS image-level latitude/longitude bounds exist, but per-candidate mapping still needs camera geometry."
2001-01-08,N1357631284,co-iss-n1357631284,2001-01-08T07:34:41.386,data/metadata/co-iss-n1357631284.json,yes,-2.728,121.248,3.292,223.649,12868358.977,77.51497,102.492,73.596,156.033,18.448,89.355,16.57,84.39,114.043,193.197,yes,yes,15,"OPUS image-level latitude/longitude bounds exist, but per-candidate mapping still needs camera geometry."
2001-01-08,N1357631793,co-iss-n1357631793,2001-01-08T07:44:18.406,data/metadata/co-iss-n1357631793.json,yes,-2.73,126.698,3.292,229.119,12872165.904,77.53825,102.513,73.529,156.361,18.223,89.514,16.366,83.757,122.511,195.634,yes,yes,15,"OPUS image-level latitude/longitude bounds exist, but per-candidate mapping still needs camera geometry."
2001-01-08,N1357633815,co-iss-n1357633815,2001-01-08T08:17:24.361,data/metadata/co-iss-n1357633815.json,yes,-2.734,146.811,3.292,249.308,12887222.89,77.62422,102.588,97.815,161.433,19.951,89.772,,,,,yes,no,11,Image-level viewing geometry exists; per-candidate latitude/longitude requires camera/SPICE mapping.
2001-01-08,N1357633984,co-iss-n1357633984,2001-01-08T08:19:41.368,data/metadata/co-iss-n1357633984.json,yes,-2.734,148.347,3.292,250.849,12888424.396,77.63079,102.594,97.502,161.219,20.218,89.787,,,,,yes,no,11,Image-level viewing geometry exists; per-candidate latitude/longitude requires camera/SPICE mapping.
2001-01-08,N1357637415,co-iss-n1357637415,2001-01-08T09:17:24.336,data/metadata/co-iss-n1357637415.json,yes,-2.742,182.943,3.292,285.576,12912507.418,77.77898,102.724,56.753,135.887,18.697,89.598,16.833,83.583,179.527,263.49,yes,yes,15,"OPUS image-level latitude/longitude bounds exist, but per-candidate mapping still needs camera geometry."
2001-01-08,N1357637584,co-iss-n1357637584,2001-01-08T09:19:41.343,data/metadata/co-iss-n1357637584.json,yes,-2.742,184.479,3.292,287.117,12913530.398,77.78556,102.73,56.339,135.6,18.479,88.978,16.604,85.976,173.628,264.911,yes,yes,15,"OPUS image-level latitude/longitude bounds exist, but per-candidate mapping still needs camera geometry."
2001-01-08,N1357638093,co-iss-n1357638093,2001-01-08T09:29:18.363,data/metadata/co-iss-n1357638093.json,yes,-2.743,189.929,3.292,292.588,12917508.603,77.80895,102.75,57.516,136.295,18.695,89.521,16.812,83.335,187.486,274.485,yes,yes,15,"OPUS image-level latitude/longitude bounds exist, but per-candidate mapping still needs camera geometry."
2001-01-08,N1357640793,co-iss-n1357640793,2001-01-08T10:14:18.344,data/metadata/co-iss-n1357640793.json,yes,-2.749,217.028,3.292,319.788,12936919.233,77.92533,102.851,73.24,156.747,18.657,89.279,16.783,84.03,212.606,293.385,yes,yes,15,"OPUS image-level latitude/longitude bounds exist, but per-candidate mapping still needs camera geometry."
2001-01-08,N1357642815,co-iss-n1357642815,2001-01-08T10:47:24.299,data/metadata/co-iss-n1357642815.json,yes,-2.754,237.142,3.292,339.977,12952109.738,78.01186,102.926,98.151,161.092,20.433,89.405,,,,,yes,no,11,Image-level viewing geometry exists; per-candidate latitude/longitude requires camera/SPICE mapping.
2001-01-08,N1357642984,co-iss-n1357642984,2001-01-08T10:49:41.305,data/metadata/co-iss-n1357642984.json,yes,-2.754,238.678,3.292,341.518,12953062.322,78.01847,102.932,97.07,161.347,20.059,89.569,,,,,yes,no,11,Image-level viewing geometry exists; per-candidate latitude/longitude requires camera/SPICE mapping.
2001-01-08,N1357646415,co-iss-n1357646415,2001-01-08T11:47:24.274,data/metadata/co-iss-n1357646415.json,yes,-2.762,273.275,3.292,16.244,12977702.191,78.16761,103.061,57.292,136.517,19.552,89.846,-86.713,-19.723,287.608,20.953,yes,yes,15,"OPUS image-level latitude/longitude bounds exist, but per-candidate mapping still needs camera geometry."
2001-01-08,N1357646584,co-iss-n1357646584,2001-01-08T11:49:41.281,data/metadata/co-iss-n1357646584.json,yes,-2.762,274.811,3.292,17.786,12978699.92,78.17424,103.066,57.176,136.256,19.26,89.23,-84.719,-19.413,288.941,8.384,yes,yes,15,"OPUS image-level latitude/longitude bounds exist, but per-candidate mapping still needs camera geometry."
2001-01-08,N1357647093,co-iss-n1357647093,2001-01-08T11:59:18.300,data/metadata/co-iss-n1357647093.json,yes,-2.763,280.261,3.292,23.256,12982713.26,78.19777,103.087,58.079,136.34,19.494,89.648,-86.396,-19.649,294.485,14.728,yes,yes,15,"OPUS image-level latitude/longitude bounds exist, but per-candidate mapping still needs camera geometry."
2001-01-08,N1357649115,co-iss-n1357649115,2001-01-08T12:32:24.255,data/metadata/co-iss-n1357649115.json,yes,-2.768,300.376,3.292,43.445,12997314.875,78.28468,103.161,74.477,156.916,19.751,89.468,-84.438,-21.088,314.709,35.917,yes,yes,15,"OPUS image-level latitude/longitude bounds exist, but per-candidate mapping still needs camera geometry."
2001-01-08,N1357649284,co-iss-n1357649284,2001-01-08T12:34:41.262,data/metadata/co-iss-n1357649284.json,yes,-2.768,301.911,3.292,44.986,12998347.897,78.29132,103.167,74.593,157.253,19.551,89.607,-86.958,-20.902,316.249,48.364,yes,yes,15,"OPUS image-level latitude/longitude bounds exist, but per-candidate mapping still needs camera geometry."
2001-01-08,N1357649793,co-iss-n1357649793,2001-01-08T12:44:18.282,data/metadata/co-iss-n1357649793.json,yes,-2.769,307.362,3.292,50.457,13002376.982,78.3149,103.187,74.765,157.239,19.804,89.599,-84.931,-21.157,321.746,43.191,yes,yes,15,"OPUS image-level latitude/longitude bounds exist, but per-candidate mapping still needs camera geometry."
2001-01-08,N1357651815,co-iss-n1357651815,2001-01-08T13:17:24.236,data/metadata/co-iss-n1357651815.json,yes,-2.773,327.476,3.292,70.646,13017528.053,78.40197,103.261,98.965,160.514,21.23,88.928,,,,,yes,no,11,Image-level viewing geometry exists; per-candidate latitude/longitude requires camera/SPICE mapping.
2001-01-08,N1357651984,co-iss-n1357651984,2001-01-08T13:19:41.243,data/metadata/co-iss-n1357651984.json,yes,-2.774,329.012,3.292,72.187,13018591.349,78.40863,103.267,98.155,160.696,21.106,88.958,,,,,yes,no,11,Image-level viewing geometry exists; per-candidate latitude/longitude requires camera/SPICE mapping.
2001-01-08,N1357655415,co-iss-n1357655415,2001-01-08T14:17:24.212,data/metadata/co-iss-n1357655415.json,yes,-2.781,3.611,3.292,106.913,13042942.3,78.5587,103.394,57.802,136.901,19.476,89.261,-83.732,-19.64,18.179,96.299,yes,yes,15,"OPUS image-level latitude/longitude bounds exist, but per-candidate mapping still needs camera geometry."
2001-01-08,N1357655584,co-iss-n1357655584,2001-01-08T14:19:41.218,data/metadata/co-iss-n1357655584.json,yes,-2.781,5.147,3.292,108.455,13043981.071,78.56537,103.4,57.427,137.147,19.274,89.647,-86.152,-19.457,19.647,101.466,yes,yes,15,"OPUS image-level latitude/longitude bounds exist, but per-candidate mapping still needs camera geometry."
2001-01-08,N1357656093,co-iss-n1357656093,2001-01-08T14:29:18.238,data/metadata/co-iss-n1357656093.json,yes,-2.783,10.597,3.292,113.925,13048018.399,78.58904,103.42,58.242,137.169,19.506,89.549,-84.062,-19.688,25.181,104.414,yes,yes,15,"OPUS image-level latitude/longitude bounds exist, but per-candidate mapping still needs camera geometry."
2001-01-08,N1357658115,co-iss-n1357658115,2001-01-08T15:02:24.193,data/metadata/co-iss-n1357658115.json,yes,-2.787,30.712,3.292,134.114,13062668.212,78.67649,103.493,74.559,157.127,19.655,89.288,-85.202,-20.988,45.369,123.149,yes,yes,15,"OPUS image-level latitude/longitude bounds exist, but per-candidate mapping still needs camera geometry."
2001-01-08,N1357658284,co-iss-n1357658284,2001-01-08T15:04:41.200,data/metadata/co-iss-n1357658284.json,yes,-2.787,32.248,3.292,135.655,13063709.976,78.68317,103.499,74.468,157.469,19.456,89.297,-84.017,-20.805,46.907,128.246,yes,yes,15,"OPUS image-level latitude/longitude bounds exist, but per-candidate mapping still needs camera geometry."
2001-01-08,N1357658793,co-iss-n1357658793,2001-01-08T15:14:18.219,data/metadata/co-iss-n1357658793.json,yes,-2.788,37.699,3.292,141.126,13067749.717,78.70689,103.519,73.552,157.428,19.674,89.466,-85.53,-21.023,52.437,132.215,yes,yes,15,"OPUS image-level latitude/longitude bounds exist, but per-candidate mapping still needs camera geometry."
2001-01-08,N1357660815,co-iss-n1357660815,2001-01-08T15:47:24.174,data/metadata/co-iss-n1357660815.json,yes,-2.793,57.814,3.292,161.314,13083159.406,78.7945,103.592,98.65,160.433,21.504,89.459,,,,,yes,no,11,Image-level viewing geometry exists; per-candidate latitude/longitude requires camera/SPICE mapping.
2001-01-08,N1357660984,co-iss-n1357660984,2001-01-08T15:49:41.181,data/metadata/co-iss-n1357660984.json,yes,-2.793,59.35,3.292,162.856,13084110.705,78.8012,103.598,99.134,160.729,21.108,89.684,,,,,yes,no,11,Image-level viewing geometry exists; per-candidate latitude/longitude requires camera/SPICE mapping.
2001-01-08,N1357664415,co-iss-n1357664415,2001-01-08T16:47:24.149,data/metadata/co-iss-n1357664415.json,yes,-2.8,93.95,3.292,197.582,13108379.295,78.95219,103.724,56.559,137.316,18.901,89.811,17.027,85.976,86.376,176.405,yes,yes,15,"OPUS image-level latitude/longitude bounds exist, but per-candidate mapping still needs camera geometry."
2001-01-08,N1357664584,co-iss-n1357664584,2001-01-08T16:49:41.156,data/metadata/co-iss-n1357664584.json,yes,-2.801,95.486,3.292,199.123,13109541.051,78.9589,103.73,57.175,137.159,19.017,89.287,17.149,86.25,83.444,178.612,yes,yes,15,"OPUS image-level latitude/longitude bounds exist, but per-candidate mapping still needs camera geometry."
2001-01-08,N1357665093,co-iss-n1357665093,2001-01-08T16:59:18.176,data/metadata/co-iss-n1357665093.json,yes,-2.802,100.936,3.292,204.594,13113488.521,78.98272,103.749,56.031,137.241,18.94,89.091,17.069,85.181,93.44,182.487,yes,yes,15,"OPUS image-level latitude/longitude bounds exist, but per-candidate mapping still needs camera geometry."
2001-01-08,N1357667116,co-iss-n1357667116,2001-01-08T17:32:25.131,data/metadata/co-iss-n1357667116.json,yes,-2.806,121.062,3.292,224.793,13128073.136,79.07074,103.822,73.383,158.554,18.642,89.328,16.773,84.438,118.201,196.696,yes,yes,15,"OPUS image-level latitude/longitude bounds exist, but per-candidate mapping still needs camera geometry."
2001-01-08,N1357667285,co-iss-n1357667285,2001-01-08T17:34:42.137,data/metadata/co-iss-n1357667285.json,yes,-2.806,122.598,3.292,226.334,13129347.266,79.07746,103.828,73.466,157.436,19.068,89.585,17.212,85.95,102.686,198.753,yes,yes,15,"OPUS image-level latitude/longitude bounds exist, but per-candidate mapping still needs camera geometry."
2001-01-08,N1357667794,co-iss-n1357667794,2001-01-08T17:44:19.157,data/metadata/co-iss-n1357667794.json,yes,-2.807,128.049,3.292,231.805,13133199.601,79.10133,103.848,73.485,158.159,18.704,89.614,16.854,84.678,123.85,200.79,yes,yes,15,"OPUS image-level latitude/longitude bounds exist, but per-candidate mapping still needs camera geometry."
2001-01-08,N1357669816,co-iss-n1357669816,2001-01-08T18:17:25.112,data/metadata/co-iss-n1357669816.json,yes,-2.812,148.165,3.291,251.993,13148622.28,79.18946,103.92,98.116,161.129,20.386,89.47,,,,,yes,no,11,Image-level viewing geometry exists; per-candidate latitude/longitude requires camera/SPICE mapping.
2001-01-08,N1357669985,co-iss-n1357669985,2001-01-08T18:19:42.118,data/metadata/co-iss-n1357669985.json,yes,-2.812,149.701,3.291,253.535,13149828.356,79.1962,103.926,97.153,160.84,20.606,89.83,,,,,yes,no,11,Image-level viewing geometry exists; per-candidate latitude/longitude requires camera/SPICE mapping.
2001-01-08,N1357673416,co-iss-n1357673416,2001-01-08T19:17:25.087,data/metadata/co-iss-n1357673416.json,yes,-2.819,184.302,3.291,288.261,13174477.124,79.34809,104.051,56.452,137.574,18.968,89.523,17.092,83.391,182.314,264.71,yes,yes,15,"OPUS image-level latitude/longitude bounds exist, but per-candidate mapping still needs camera geometry."
2001-01-08,N1357673585,co-iss-n1357673585,2001-01-08T19:19:42.094,data/metadata/co-iss-n1357673585.json,yes,-2.819,185.838,3.291,289.802,13175679.851,79.35484,104.056,56.223,137.709,19.182,89.91,17.296,84.407,182.527,270.712,yes,yes,15,"OPUS image-level latitude/longitude bounds exist, but per-candidate mapping still needs camera geometry."
2001-01-08,N1357674094,co-iss-n1357674094,2001-01-08T19:29:19.113,data/metadata/co-iss-n1357674094.json,yes,-2.821,191.289,3.291,295.273,13179598.685,79.3788,104.076,56.716,137.738,18.959,89.965,17.074,83.318,188.713,274.937,yes,yes,15,"OPUS image-level latitude/longitude bounds exist, but per-candidate mapping still needs camera geometry."
2001-01-08,N1357676116,co-iss-n1357676116,2001-01-08T20:02:25.068,data/metadata/co-iss-n1357676116.json,yes,-2.825,211.406,3.291,315.461,13194483.89,79.4673,104.148,73.315,158.064,19.278,89.571,17.425,85.21,203.886,279.535,yes,yes,15,"OPUS image-level latitude/longitude bounds exist, but per-candidate mapping still needs camera geometry."
2001-01-08,N1357676285,co-iss-n1357676285,2001-01-08T20:04:42.075,data/metadata/co-iss-n1357676285.json,yes,-2.825,212.941,3.291,317.003,13195502.816,79.47407,104.153,73.537,158.277,18.974,89.576,17.119,83.478,210.06,284.098,yes,yes,15,"OPUS image-level latitude/longitude bounds exist, but per-candidate mapping still needs camera geometry."
2001-01-08,N1357676794,co-iss-n1357676794,2001-01-08T20:14:19.095,data/metadata/co-iss-n1357676794.json,yes,-2.826,218.393,3.291,322.474,13199608.223,79.49807,104.173,73.512,158.22,19.249,89.519,17.391,86.02,210.356,293.177,yes,yes,15,"OPUS image-level latitude/longitude bounds exist, but per-candidate mapping still needs camera geometry."
2001-01-08,N1357678816,co-iss-n1357678816,2001-01-08T20:47:25.050,data/metadata/co-iss-n1357678816.json,yes,-2.83,238.509,3.291,342.662,13214900.3,79.58673,104.245,97.465,161.133,20.338,89.245,,,,,yes,no,11,Image-level viewing geometry exists; per-candidate latitude/longitude requires camera/SPICE mapping.
2001-01-08,N1357678985,co-iss-n1357678985,2001-01-08T20:49:42.056,data/metadata/co-iss-n1357678985.json,yes,-2.831,240.045,3.291,344.204,13216132.821,79.5935,104.251,98.444,160.934,20.593,89.083,,,,,yes,no,11,Image-level viewing geometry exists; per-candidate latitude/longitude requires camera/SPICE mapping.
2001-01-08,N1357682416,co-iss-n1357682416,2001-01-08T21:47:25.025,data/metadata/co-iss-n1357682416.json,yes,-2.838,274.648,3.291,18.93,13241317.668,79.74628,104.374,56.517,138.071,19.945,89.547,-86.933,-20.091,290.197,22.031,yes,yes,15,"OPUS image-level latitude/longitude bounds exist, but per-candidate mapping still needs camera geometry."
2001-01-08,N1357682585,co-iss-n1357682585,2001-01-08T21:49:42.031,data/metadata/co-iss-n1357682585.json,yes,-2.838,276.184,3.291,20.471,13242358.538,79.75307,104.379,56.993,138.137,19.701,89.791,-85.373,-19.853,291.69,14.999,yes,yes,15,"OPUS image-level latitude/longitude bounds exist, but per-candidate mapping still needs camera geometry."
2001-01-08,N1357683094,co-iss-n1357683094,2001-01-08T21:59:19.051,data/metadata/co-iss-n1357683094.json,yes,-2.839,281.635,3.291,25.942,13246517.556,79.77717,104.399,57.48,138.517,20.061,89.744,-83.87,-20.238,297.315,19.862,yes,yes,15,"OPUS image-level latitude/longitude bounds exist, but per-candidate mapping still needs camera geometry."
2001-01-08,N1357685116,co-iss-n1357685116,2001-01-08T22:32:25.006,data/metadata/co-iss-n1357685116.json,yes,-2.843,301.752,3.291,46.13,13261277.859,79.86619,104.47,73.903,158.669,19.809,89.548,-86.394,-21.196,317.408,41.102,yes,yes,15,"OPUS image-level latitude/longitude bounds exist, but per-candidate mapping still needs camera geometry."
2001-01-08,N1357685285,co-iss-n1357685285,2001-01-08T22:34:42.013,data/metadata/co-iss-n1357685285.json,yes,-2.843,303.288,3.291,47.672,13262327.541,79.87299,104.476,73.792,158.822,19.582,89.345,-85.004,-20.972,318.909,36.268,yes,yes,15,"OPUS image-level latitude/longitude bounds exist, but per-candidate mapping still needs camera geometry."
2001-01-08,N1357685794,co-iss-n1357685794,2001-01-08T22:44:19.032,data/metadata/co-iss-n1357685794.json,yes,-2.845,308.739,3.291,53.142,13266459.328,79.89713,104.495,74.764,158.685,19.855,89.49,-86.906,-21.243,324.389,57.458,yes,yes,15,"OPUS image-level latitude/longitude bounds exist, but per-candidate mapping still needs camera geometry."
2001-01-08,N1357687816,co-iss-n1357687816,2001-01-08T23:17:24.987,data/metadata/co-iss-n1357687816.json,yes,-2.849,328.857,3.291,73.331,13282180.124,79.9863,104.566,99.542,160.177,21.785,89.617,,,,,yes,no,11,Image-level viewing geometry exists; per-candidate latitude/longitude requires camera/SPICE mapping.
2001-01-08,N1357687985,co-iss-n1357687985,2001-01-08T23:19:41.994,data/metadata/co-iss-n1357687985.json,yes,-2.849,330.393,3.291,74.872,13283449.464,79.99311,104.572,98.72,159.851,22.099,89.699,,,,,yes,no,11,Image-level viewing geometry exists; per-candidate latitude/longitude requires camera/SPICE mapping.
2001-01-09,N1357691416,co-iss-n1357691416,2001-01-09T00:17:24.962,data/metadata/co-iss-n1357691416.json,yes,-2.856,4.997,3.291,109.598,13308160.025,80.14677,104.694,57.673,139.223,19.956,88.991,-84.43,-20.152,20.961,101.536,yes,yes,15,"OPUS image-level latitude/longitude bounds exist, but per-candidate mapping still needs camera geometry."
2001-01-09,N1357691585,co-iss-n1357691585,2001-01-09T00:19:41.969,data/metadata/co-iss-n1357691585.json,yes,-2.856,6.533,3.291,111.14,13309223.107,80.15359,104.699,56.839,139.445,19.753,89.64,-86.677,-19.966,22.428,130.367,yes,yes,15,"OPUS image-level latitude/longitude bounds exist, but per-candidate mapping still needs camera geometry."
2001-01-09,N1357763608,co-iss-n1357763608,2001-01-09T20:20:36.443,data/metadata/co-iss-n1357763608.json,yes,-2.993,9.831,3.289,116.882,13869516.371,83.43853,107.144,122.674,162.53,39.336,88.057,,,,,yes,no,11,Image-level viewing geometry exists; per-candidate latitude/longitude requires camera/SPICE mapping.
2001-01-09,N1357763998,co-iss-n1357763998,2001-01-09T20:27:06.440,data/metadata/co-iss-n1357763998.json,yes,-2.994,13.747,3.289,120.811,13867963.962,83.45668,107.157,128.282,179.934,32.583,89.28,,,,,yes,no,11,Image-level viewing geometry exists; per-candidate latitude/longitude requires camera/SPICE mapping.
2001-01-09,N1357764358,co-iss-n1357764358,2001-01-09T20:33:06.438,data/metadata/co-iss-n1357764358.json,yes,-2.994,17.362,3.289,124.438,13874878.321,83.47343,107.168,119.376,159.116,38.829,89.539,,,,,yes,no,11,Image-level viewing geometry exists; per-candidate latitude/longitude requires camera/SPICE mapping.
2001-01-09,N1357768080,co-iss-n1357768080,2001-01-09T21:35:08.412,data/metadata/co-iss-n1357768080.json,yes,-3.001,54.738,3.289,161.934,13904161.409,83.64686,107.289,122.575,162.528,39.179,89.74,,,,,yes,no,11,Image-level viewing geometry exists; per-candidate latitude/longitude requires camera/SPICE mapping.
2001-01-09,N1357768470,co-iss-n1357768470,2001-01-09T21:41:38.409,data/metadata/co-iss-n1357768470.json,yes,-3.002,58.654,3.289,165.863,13903147.124,83.66505,107.302,128.766,179.734,33.186,89.233,,,,,yes,no,11,Image-level viewing geometry exists; per-candidate latitude/longitude requires camera/SPICE mapping.
2001-01-09,N1357768830,co-iss-n1357768830,2001-01-09T21:47:38.407,data/metadata/co-iss-n1357768830.json,yes,-3.002,62.269,3.289,169.49,13909560.6,83.68185,107.313,118.348,158.539,38.73,89.214,,,,,yes,no,11,Image-level viewing geometry exists; per-candidate latitude/longitude requires camera/SPICE mapping.
2001-01-09,N1357772552,co-iss-n1357772552,2001-01-09T22:49:40.381,data/metadata/co-iss-n1357772552.json,yes,-3.009,99.646,3.289,206.987,13939476.369,83.85569,107.434,123.551,162.446,39.763,89.285,,,,,yes,no,11,Image-level viewing geometry exists; per-candidate latitude/longitude requires camera/SPICE mapping.
2001-01-09,N1357772942,co-iss-n1357772942,2001-01-09T22:56:10.378,data/metadata/co-iss-n1357772942.json,yes,-3.01,103.562,3.289,210.916,13937769.518,83.87392,107.446,128.502,179.596,32.838,89.544,,,,,yes,no,11,Image-level viewing geometry exists; per-candidate latitude/longitude requires camera/SPICE mapping.
2001-01-09,N1357773302,co-iss-n1357773302,2001-01-09T23:02:10.376,data/metadata/co-iss-n1357773302.json,yes,-3.01,107.177,3.289,214.542,13944686.467,83.89076,107.458,119.35,158.64,39.058,89.78,,,,,yes,no,11,Image-level viewing geometry exists; per-candidate latitude/longitude requires camera/SPICE mapping.
2001-01-10,N1357777024,co-iss-n1357777024,2001-01-10T00:04:12.350,data/metadata/co-iss-n1357777024.json,yes,-3.017,144.554,3.289,252.039,13974193.937,84.065,107.577,123.364,162.666,39.484,89.494,,,,,yes,no,11,Image-level viewing geometry exists; per-candidate latitude/longitude requires camera/SPICE mapping.
2001-01-10,N1357777414,co-iss-n1357777414,2001-01-10T00:10:42.347,data/metadata/co-iss-n1357777414.json,yes,-3.017,148.471,3.289,255.968,13972892.317,84.08328,107.59,128.758,179.25,33.108,89.576,,,,,yes,no,11,Image-level viewing geometry exists; per-candidate latitude/longitude requires camera/SPICE mapping.
2001-01-10,N1357777774,co-iss-n1357777774,2001-01-10T00:16:42.345,data/metadata/co-iss-n1357777774.json,yes,-3.018,152.086,3.289,259.595,13979324.085,84.10015,107.601,119.016,158.98,38.646,89.243,,,,,yes,no,11,Image-level viewing geometry exists; per-candidate latitude/longitude requires camera/SPICE mapping.
2001-01-10,N1357781496,co-iss-n1357781496,2001-01-10T01:18:44.319,data/metadata/co-iss-n1357781496.json,yes,-3.024,189.464,3.289,297.091,14009359.608,84.27479,107.72,123.214,162.494,39.682,88.691,,,,,yes,no,11,Image-level viewing geometry exists; per-candidate latitude/longitude requires camera/SPICE mapping.
2001-01-10,N1357781886,co-iss-n1357781886,2001-01-10T01:25:14.316,data/metadata/co-iss-n1357781886.json,yes,-3.025,193.38,3.289,301.02,14007649.74,84.29311,107.733,128.73,179.924,32.719,89.33,,,,,yes,no,11,Image-level viewing geometry exists; per-candidate latitude/longitude requires camera/SPICE mapping.
2001-01-10,N1357782246,co-iss-n1357782246,2001-01-10T01:31:14.314,data/metadata/co-iss-n1357782246.json,yes,-3.026,196.995,3.289,304.647,14014881.585,84.31002,107.744,119.348,158.721,39.338,89.48,,,,,yes,no,11,Image-level viewing geometry exists; per-candidate latitude/longitude requires camera/SPICE mapping.
2001-01-10,N1357785968,co-iss-n1357785968,2001-01-10T02:33:16.288,data/metadata/co-iss-n1357785968.json,yes,-3.032,234.374,3.289,342.143,14044467.372,84.48506,107.862,122.291,162.388,39.706,88.701,,,,,yes,no,11,Image-level viewing geometry exists; per-candidate latitude/longitude requires camera/SPICE mapping.
2001-01-10,N1357786358,co-iss-n1357786358,2001-01-10T02:39:46.285,data/metadata/co-iss-n1357786358.json,yes,-3.033,238.29,3.289,346.072,14043037.214,84.50342,107.875,128.885,179.591,33.146,89.55,,,,,yes,no,11,Image-level viewing geometry exists; per-candidate latitude/longitude requires camera/SPICE mapping.
2001-01-10,N1357786718,co-iss-n1357786718,2001-01-10T02:45:46.283,data/metadata/co-iss-n1357786718.json,yes,-3.033,241.905,3.289,349.699,14049896.004,84.52037,107.886,119.315,158.774,39.22,89.087,,,,,yes,no,11,Image-level viewing geometry exists; per-candidate latitude/longitude requires camera/SPICE mapping.
2001-01-10,N1357790440,co-iss-n1357790440,2001-01-10T03:47:48.257,data/metadata/co-iss-n1357790440.json,yes,-3.04,279.284,3.289,27.196,14079745.834,84.6958,108.004,124.07,162.569,39.831,89.571,,,,,yes,no,11,Image-level viewing geometry exists; per-candidate latitude/longitude requires camera/SPICE mapping.
2001-01-10,N1357790830,co-iss-n1357790830,2001-01-10T03:54:18.254,data/metadata/co-iss-n1357790830.json,yes,-3.041,283.201,3.288,31.125,14078396.187,84.7142,108.016,128.897,179.214,33.412,88.941,,,,,yes,no,11,Image-level viewing geometry exists; per-candidate latitude/longitude requires camera/SPICE mapping.
2001-01-10,N1357791190,co-iss-n1357791190,2001-01-10T04:00:18.252,data/metadata/co-iss-n1357791190.json,yes,-3.041,286.816,3.288,34.751,14085381.389,84.73119,108.028,118.938,158.978,39.59,89.206,,,,,yes,no,11,Image-level viewing geometry exists; per-candidate latitude/longitude requires camera/SPICE mapping.
2001-01-10,N1357797164,co-iss-n1357797164,2001-01-10T05:39:52.210,data/metadata/co-iss-n1357797164.json,yes,-3.051,346.812,3.288,94.935,14133035.371,85.01354,108.215,124.086,162.075,40.175,88.65,,,,,yes,no,11,Image-level viewing geometry exists; per-candidate latitude/longitude requires camera/SPICE mapping.
2001-01-10,N1357797554,co-iss-n1357797554,2001-01-10T05:46:22.208,data/metadata/co-iss-n1357797554.json,yes,-3.052,350.729,3.288,98.864,14131197.838,85.03201,108.228,128.632,179.692,33.063,89.161,,,,,yes,no,11,Image-level viewing geometry exists; per-candidate latitude/longitude requires camera/SPICE mapping.
2001-01-10,N1357797914,co-iss-n1357797914,2001-01-10T05:52:22.205,data/metadata/co-iss-n1357797914.json,yes,-3.053,354.345,3.288,102.491,14138253.248,85.04905,108.239,119.369,158.36,39.401,88.941,,,,,yes,no,11,Image-level viewing geometry exists; per-candidate latitude/longitude requires camera/SPICE mapping.
2001-01-10,N1357801636,co-iss-n1357801636,2001-01-10T06:54:24.179,data/metadata/co-iss-n1357801636.json,yes,-3.059,31.725,3.288,139.987,14168177.737,85.22545,108.355,123.323,162.283,39.888,89.367,,,,,yes,no,11,Image-level viewing geometry exists; per-candidate latitude/longitude requires camera/SPICE mapping.
2001-01-10,N1357802026,co-iss-n1357802026,2001-01-10T07:00:54.177,data/metadata/co-iss-n1357802026.json,yes,-3.059,35.642,3.288,143.916,14166674.641,85.24395,108.367,128.854,179.241,33.217,89.548,,,,,yes,no,11,Image-level viewing geometry exists; per-candidate latitude/longitude requires camera/SPICE mapping.
2001-01-10,N1357802386,co-iss-n1357802386,2001-01-10T07:06:54.174,data/metadata/co-iss-n1357802386.json,yes,-3.06,39.257,3.288,147.543,14167886.276,85.26103,108.379,112.785,161.697,31.235,88.635,,,,,yes,no,11,Image-level viewing geometry exists; per-candidate latitude/longitude requires camera/SPICE mapping.
2001-01-10,N1357806108,co-iss-n1357806108,2001-01-10T08:08:56.148,data/metadata/co-iss-n1357806108.json,yes,-3.066,76.638,3.288,185.04,14203977.559,85.43781,108.494,123.818,162.292,40.33,89.51,,,,,yes,no,11,Image-level viewing geometry exists; per-candidate latitude/longitude requires camera/SPICE mapping.
2001-01-10,N1357806498,co-iss-n1357806498,2001-01-10T08:15:26.146,data/metadata/co-iss-n1357806498.json,yes,-3.067,80.555,3.288,188.969,14202442.949,85.45635,108.506,129.07,179.108,33.684,89.558,,,,,yes,no,11,Image-level viewing geometry exists; per-candidate latitude/longitude requires camera/SPICE mapping.
2001-01-10,N1357806858,co-iss-n1357806858,2001-01-10T08:21:26.143,data/metadata/co-iss-n1357806858.json,yes,-3.067,84.171,3.288,192.595,14209501.463,85.47347,108.517,119.509,158.4,39.921,89.079,,,,,yes,no,11,Image-level viewing geometry exists; per-candidate latitude/longitude requires camera/SPICE mapping.
2001-01-10,N1357810580,co-iss-n1357810580,2001-01-10T09:23:28.118,data/metadata/co-iss-n1357810580.json,yes,-3.074,121.552,3.288,230.092,14239691.606,85.65063,108.632,124.319,162.38,40.567,89.294,,,,,yes,no,11,Image-level viewing geometry exists; per-candidate latitude/longitude requires camera/SPICE mapping.
2001-01-10,N1357810970,co-iss-n1357810970,2001-01-10T09:29:58.115,data/metadata/co-iss-n1357810970.json,yes,-3.074,125.469,3.288,234.021,14237840.104,85.66921,108.644,129.072,179.314,33.499,89.322,,,,,yes,no,11,Image-level viewing geometry exists; per-candidate latitude/longitude requires camera/SPICE mapping.
2001-01-10,N1357811330,co-iss-n1357811330,2001-01-10T09:35:58.112,data/metadata/co-iss-n1357811330.json,yes,-3.075,129.085,3.288,237.648,14244815.955,85.68636,108.656,118.23,158.563,39.644,88.976,,,,,yes,no,11,Image-level viewing geometry exists; per-candidate latitude/longitude requires camera/SPICE mapping.
2001-01-10,N1357862637,co-iss-n1357862637,2001-01-10T23:51:04.757,data/metadata/co-iss-n1357862637.json,yes,-3.156,284.43,3.287,34.529,14659977.747,88.1602,110.191,124.568,161.667,42.342,88.623,,,,,yes,no,11,Image-level viewing geometry exists; per-candidate latitude/longitude requires camera/SPICE mapping.
2001-01-10,N1357863027,co-iss-n1357863027,2001-01-10T23:57:34.754,data/metadata/co-iss-n1357863027.json,yes,-3.156,288.348,3.287,38.458,14657625.6,88.17922,110.202,128.831,179.425,34.765,88.918,,,,,yes,no,11,Image-level viewing geometry exists; per-candidate latitude/longitude requires camera/SPICE mapping.
2001-01-11,N1357863387,co-iss-n1357863387,2001-01-11T00:03:34.752,data/metadata/co-iss-n1357863387.json,yes,-3.157,291.964,3.287,42.085,14664853.585,88.19678,110.213,120.076,158.59,40.972,89.342,,,,,yes,no,11,Image-level viewing geometry exists; per-candidate latitude/longitude requires camera/SPICE mapping.
2001-01-11,N1357867109,co-iss-n1357867109,2001-01-11T01:05:36.726,data/metadata/co-iss-n1357867109.json,yes,-3.163,329.353,3.287,79.581,14695874.437,88.37847,110.321,125.124,162.001,41.695,88.68,,,,,yes,no,11,Image-level viewing geometry exists; per-candidate latitude/longitude requires camera/SPICE mapping.
2001-01-11,N1357867499,co-iss-n1357867499,2001-01-11T01:12:06.723,data/metadata/co-iss-n1357867499.json,yes,-3.163,333.271,3.287,83.51,14694333.591,88.39753,110.332,129.4,179.774,35.15,89.54,,,,,yes,no,11,Image-level viewing geometry exists; per-candidate latitude/longitude requires camera/SPICE mapping.
2001-01-11,N1357867859,co-iss-n1357867859,2001-01-11T01:18:06.721,data/metadata/co-iss-n1357867859.json,yes,-3.164,336.887,3.287,87.137,14701698.002,88.41512,110.342,120.823,158.337,41.477,88.136,,,,,yes,no,11,Image-level viewing geometry exists; per-candidate latitude/longitude requires camera/SPICE mapping.
2001-01-11,N1357871581,co-iss-n1357871581,2001-01-11T02:20:08.695,data/metadata/co-iss-n1357871581.json,yes,-3.169,14.276,3.287,124.633,14732735.694,88.59716,110.45,124.828,161.322,42.156,89.454,,,,,yes,no,11,Image-level viewing geometry exists; per-candidate latitude/longitude requires camera/SPICE mapping.
2001-01-11,N1357871971,co-iss-n1357871971,2001-01-11T02:26:38.692,data/metadata/co-iss-n1357871971.json,yes,-3.17,18.194,3.286,128.562,14730624.927,88.61625,110.461,129.294,179.683,34.852,88.851,,,,,yes,no,11,Image-level viewing geometry exists; per-candidate latitude/longitude requires camera/SPICE mapping.
2001-01-11,N1357872331,co-iss-n1357872331,2001-01-11T02:32:38.690,data/metadata/co-iss-n1357872331.json,yes,-3.17,21.81,3.286,132.189,14738514.289,88.63388,110.471,121.623,158.065,41.86,89.318,,,,,yes,no,11,Image-level viewing geometry exists; per-candidate latitude/longitude requires camera/SPICE mapping.
2001-01-11,N1357876053,co-iss-n1357876053,2001-01-11T03:34:40.664,data/metadata/co-iss-n1357876053.json,yes,-3.176,59.2,3.286,169.686,14769781.785,88.81626,110.578,125.125,160.988,42.736,88.976,,,,,yes,no,11,Image-level viewing geometry exists; per-candidate latitude/longitude requires camera/SPICE mapping.
2001-01-11,N1357876443,co-iss-n1357876443,2001-01-11T03:41:10.661,data/metadata/co-iss-n1357876443.json,yes,-3.176,63.118,3.286,173.615,14767226.598,88.83539,110.589,129.062,179.686,34.895,89.15,,,,,yes,no,11,Image-level viewing geometry exists; per-candidate latitude/longitude requires camera/SPICE mapping.
2001-01-11,N1357876803,co-iss-n1357876803,2001-01-11T03:47:10.659,data/metadata/co-iss-n1357876803.json,yes,-3.177,66.734,3.286,177.241,14775229.853,88.85305,110.599,119.908,157.797,42.04,89.433,,,,,yes,no,11,Image-level viewing geometry exists; per-candidate latitude/longitude requires camera/SPICE mapping.
2001-01-11,N1357880525,co-iss-n1357880525,2001-01-11T04:49:12.633,data/metadata/co-iss-n1357880525.json,yes,-3.182,104.125,3.286,214.738,14806243.007,89.03577,110.705,124.023,161.177,42.524,89.349,,,,,yes,no,11,Image-level viewing geometry exists; per-candidate latitude/longitude requires camera/SPICE mapping.
2001-01-11,N1357880915,co-iss-n1357880915,2001-01-11T04:55:42.630,data/metadata/co-iss-n1357880915.json,yes,-3.183,108.043,3.286,218.667,14804468.401,89.05493,110.717,129.139,179.245,35.731,89.419,,,,,yes,no,11,Image-level viewing geometry exists; per-candidate latitude/longitude requires camera/SPICE mapping.
2001-01-11,N1357881275,co-iss-n1357881275,2001-01-11T05:01:42.628,data/metadata/co-iss-n1357881275.json,yes,-3.184,111.659,3.286,222.293,14811940.473,89.07262,110.727,119.894,157.999,42.108,89.085,,,,,yes,no,11,Image-level viewing geometry exists; per-candidate latitude/longitude requires camera/SPICE mapping.
2001-01-11,N1357884997,co-iss-n1357884997,2001-01-11T06:03:44.602,data/metadata/co-iss-n1357884997.json,yes,-3.189,149.05,3.286,259.79,14842626.994,89.25568,110.832,124.022,161.395,42.139,89.166,,,,,yes,no,11,Image-level viewing geometry exists; per-candidate latitude/longitude requires camera/SPICE mapping.
2001-01-11,N1357885387,co-iss-n1357885387,2001-01-11T06:10:14.599,data/metadata/co-iss-n1357885387.json,yes,-3.19,152.968,3.286,263.719,14841156.557,89.27488,110.843,128.824,179.264,35.705,89.236,,,,,yes,no,11,Image-level viewing geometry exists; per-candidate latitude/longitude requires camera/SPICE mapping.
2001-01-11,N1357885747,co-iss-n1357885747,2001-01-11T06:16:14.597,data/metadata/co-iss-n1357885747.json,yes,-3.19,156.584,3.286,267.346,14848590.118,89.2926,110.854,120.359,157.688,42.048,89.34,,,,,yes,no,11,Image-level viewing geometry exists; per-candidate latitude/longitude requires camera/SPICE mapping.
2001-01-11,N1357889469,co-iss-n1357889469,2001-01-11T07:18:16.571,data/metadata/co-iss-n1357889469.json,yes,-3.195,193.976,3.286,304.842,14880236.6,89.476,110.959,125.897,160.897,43.146,89.305,,,,,yes,no,11,Image-level viewing geometry exists; per-candidate latitude/longitude requires camera/SPICE mapping.
2001-01-11,N1357889859,co-iss-n1357889859,2001-01-11T07:24:46.569,data/metadata/co-iss-n1357889859.json,yes,-3.196,197.894,3.286,308.771,14877943.343,89.49523,110.97,129.067,179.486,35.721,89.124,,,,,yes,no,11,Image-level viewing geometry exists; per-candidate latitude/longitude requires camera/SPICE mapping.
2001-01-11,N1357890219,co-iss-n1357890219,2001-01-11T07:30:46.566,data/metadata/co-iss-n1357890219.json,yes,-3.197,201.51,3.286,312.398,14885777.118,89.51299,110.98,121.749,158.075,42.514,89.342,,,,,yes,no,11,Image-level viewing geometry exists; per-candidate latitude/longitude requires camera/SPICE mapping.
2001-01-11,N1357893941,co-iss-n1357893941,2001-01-11T08:32:48.540,data/metadata/co-iss-n1357893941.json,yes,-3.202,238.902,3.286,349.894,14916501.001,89.69671,111.084,124.369,161.1,42.468,89.794,,,,,yes,no,11,Image-level viewing geometry exists; per-candidate latitude/longitude requires camera/SPICE mapping.
2001-01-11,N1357894331,co-iss-n1357894331,2001-01-11T08:39:18.538,data/metadata/co-iss-n1357894331.json,yes,-3.202,242.82,3.286,353.823,14914484.875,89.71598,111.095,128.958,179.452,35.305,89.356,,,,,yes,no,11,Image-level viewing geometry exists; per-candidate latitude/longitude requires camera/SPICE mapping.
2001-01-11,N1357894691,co-iss-n1357894691,2001-01-11T08:45:18.535,data/metadata/co-iss-n1357894691.json,yes,-3.203,246.437,3.286,357.45,14922879.118,89.73377,111.105,121.647,157.4,42.848,89.59,,,,,yes,no,11,Image-level viewing geometry exists; per-candidate latitude/longitude requires camera/SPICE mapping.
2001-01-11,N1357900665,co-iss-n1357900665,2001-01-11T10:24:52.494,data/metadata/co-iss-n1357900665.json,yes,-3.211,306.454,3.286,57.634,14972823.299,90.02933,111.272,123.725,160.828,43.426,89.77,,,,,yes,no,11,Image-level viewing geometry exists; per-candidate latitude/longitude requires camera/SPICE mapping.
2001-01-11,N1357901055,co-iss-n1357901055,2001-01-11T10:31:22.491,data/metadata/co-iss-n1357901055.json,yes,-3.212,310.372,3.286,61.563,14970349.901,90.04864,111.283,129.013,179.608,35.783,89.464,,,,,yes,no,11,Image-level viewing geometry exists; per-candidate latitude/longitude requires camera/SPICE mapping.
2001-01-11,N1357901415,co-iss-n1357901415,2001-01-11T10:37:22.488,data/metadata/co-iss-n1357901415.json,yes,-3.213,313.989,3.286,65.19,14978107.181,90.06648,111.293,120.88,158.014,42.465,89.704,,,,,yes,no,11,Image-level viewing geometry exists; per-candidate latitude/longitude requires camera/SPICE mapping.
2001-01-11,N1357905137,co-iss-n1357905137,2001-01-11T11:39:24.463,data/metadata/co-iss-n1357905137.json,yes,-3.218,351.382,3.286,102.686,15009669.148,90.25103,111.396,124.702,160.911,43.243,89.542,,,,,yes,no,11,Image-level viewing geometry exists; per-candidate latitude/longitude requires camera/SPICE mapping.
2001-01-11,N1357905527,co-iss-n1357905527,2001-01-11T11:45:54.460,data/metadata/co-iss-n1357905527.json,yes,-3.218,355.3,3.286,106.615,15007498.51,90.27038,111.407,129.325,179.445,35.979,89.477,,,,,yes,no,11,Image-level viewing geometry exists; per-candidate latitude/longitude requires camera/SPICE mapping.
2001-01-11,N1357905887,co-iss-n1357905887,2001-01-11T11:51:54.458,data/metadata/co-iss-n1357905887.json,yes,-3.219,358.917,3.286,110.242,15015362.679,90.28825,111.417,121.791,157.698,42.77,89.205,,,,,yes,no,11,Image-level viewing geometry exists; per-candidate latitude/longitude requires camera/SPICE mapping.
2001-01-11,N1357909609,co-iss-n1357909609,2001-01-11T12:53:56.432,data/metadata/co-iss-n1357909609.json,yes,-3.224,36.311,3.286,147.738,15046976.367,90.47312,111.52,125.445,160.453,43.54,88.89,,,,,yes,no,11,Image-level viewing geometry exists; per-candidate latitude/longitude requires camera/SPICE mapping.
2001-01-11,N1357909999,co-iss-n1357909999,2001-01-11T13:00:26.429,data/metadata/co-iss-n1357909999.json,yes,-3.225,40.229,3.286,151.667,15044302.561,90.49251,111.53,128.295,179.428,35.61,89.747,,,,,yes,no,11,Image-level viewing geometry exists; per-candidate latitude/longitude requires camera/SPICE mapping.
2001-01-11,N1357910359,co-iss-n1357910359,2001-01-11T13:06:26.427,data/metadata/co-iss-n1357910359.json,yes,-3.225,43.846,3.286,155.294,15052264.489,90.51041,111.54,121.6,158.039,42.547,89.28,,,,,yes,no,11,Image-level viewing geometry exists; per-candidate latitude/longitude requires camera/SPICE mapping.
2001-01-13,N1358061096,co-iss-n1358061096,2001-01-13T06:59:18.433,data/metadata/co-iss-n1358061096.json,yes,-3.411,118.778,3.282,234.041,16318907.68,98.20517,115.353,50.419,160.872,8.818,88.749,7.133,83.056,129.914,203.306,yes,yes,15,"OPUS image-level latitude/longitude bounds exist, but per-candidate mapping still needs camera geometry."
2001-01-13,N1358063118,co-iss-n1358063118,2001-01-13T07:32:24.388,data/metadata/co-iss-n1358063118.json,yes,-3.413,138.92,3.282,254.23,16336396.932,98.30992,115.4,69.797,171.417,8.861,89.032,7.22,83.569,146.312,212.411,yes,yes,15,"OPUS image-level latitude/longitude bounds exist, but per-candidate mapping still needs camera geometry."
2001-01-13,N1358063287,co-iss-n1358063287,2001-01-13T07:34:41.395,data/metadata/co-iss-n1358063287.json,yes,-3.413,140.458,3.282,255.771,16337677.439,98.31792,115.403,67.515,171.735,8.526,89.18,6.866,85.778,136.4,220.607,yes,yes,15,"OPUS image-level latitude/longitude bounds exist, but per-candidate mapping still needs camera geometry."
2001-01-13,N1358063796,co-iss-n1358063796,2001-01-13T07:44:18.415,data/metadata/co-iss-n1358063796.json,yes,-3.414,145.916,3.282,261.242,16342525.892,98.34631,115.416,68.783,171.107,9.181,89.364,7.506,85.483,147.035,220.339,yes,yes,15,"OPUS image-level latitude/longitude bounds exist, but per-candidate mapping still needs camera geometry."
2001-01-13,N1358065818,co-iss-n1358065818,2001-01-13T08:17:24.370,data/metadata/co-iss-n1358065818.json,yes,-3.416,166.058,3.282,281.43,16361164.86,98.45115,115.462,101.727,171.114,13.77,89.445,,,,,yes,no,11,Image-level viewing geometry exists; per-candidate latitude/longitude requires camera/SPICE mapping.
2001-01-13,N1358065987,co-iss-n1358065987,2001-01-13T08:19:41.376,data/metadata/co-iss-n1358065987.json,yes,-3.416,167.596,3.282,282.972,16362491.965,98.45915,115.466,101.058,170.867,13.76,89.334,,,,,yes,no,11,Image-level viewing geometry exists; per-candidate latitude/longitude requires camera/SPICE mapping.
2001-01-13,N1358069418,co-iss-n1358069418,2001-01-13T09:17:24.345,data/metadata/co-iss-n1358069418.json,yes,-3.42,202.243,3.282,317.698,16391445.758,98.63962,115.545,52.014,160.732,9.005,89.825,7.344,85.511,200.228,284.928,yes,yes,15,"OPUS image-level latitude/longitude bounds exist, but per-candidate mapping still needs camera geometry."
2001-01-13,N1358069587,co-iss-n1358069587,2001-01-13T09:19:41.351,data/metadata/co-iss-n1358069587.json,yes,-3.42,203.781,3.282,319.239,16392804.098,98.64763,115.549,49.864,161.137,9.128,89.169,7.443,82.467,213.988,289.235,yes,yes,15,"OPUS image-level latitude/longitude bounds exist, but per-candidate mapping still needs camera geometry."
2001-01-13,N1358099796,co-iss-n1358099796,2001-01-13T17:44:18.165,data/metadata/co-iss-n1358099796.json,yes,-3.452,147.772,3.281,263.915,16658195.343,100.23837,116.233,68.845,171.727,8.584,89.48,6.914,83.322,157.755,220.197,yes,yes,15,"OPUS image-level latitude/longitude bounds exist, but per-candidate mapping still needs camera geometry."
2001-01-13,N1358101818,co-iss-n1358101818,2001-01-13T18:17:24.120,data/metadata/co-iss-n1358101818.json,yes,-3.454,167.916,3.281,284.104,16677162.938,100.34423,116.277,101.614,171.272,13.952,88.895,,,,,yes,no,11,Image-level viewing geometry exists; per-candidate latitude/longitude requires camera/SPICE mapping.
2001-01-13,N1358101987,co-iss-n1358101987,2001-01-13T18:19:41.127,data/metadata/co-iss-n1358101987.json,yes,-3.454,169.454,3.281,285.645,16678352.629,100.35232,116.281,99.872,171.625,13.383,89.08,,,,,yes,no,11,Image-level viewing geometry exists; per-candidate latitude/longitude requires camera/SPICE mapping.
2001-01-13,N1358105418,co-iss-n1358105418,2001-01-13T19:17:24.095,data/metadata/co-iss-n1358105418.json,yes,-3.458,204.104,3.281,320.371,16707641.889,100.53454,116.357,51.96,163.232,8.703,89.674,7.056,84.878,204.166,288.532,yes,yes,15,"OPUS image-level latitude/longitude bounds exist, but per-candidate mapping still needs camera geometry."
2001-01-13,N1358105587,co-iss-n1358105587,2001-01-13T19:19:41.102,data/metadata/co-iss-n1358105587.json,yes,-3.458,205.642,3.281,321.912,16709038.752,100.54263,116.361,51.719,162.717,8.978,89.746,7.303,82.402,218.237,290.71,yes,yes,15,"OPUS image-level latitude/longitude bounds exist, but per-candidate mapping still needs camera geometry."
2001-01-13,N1358106096,co-iss-n1358106096,2001-01-13T19:29:18.122,data/metadata/co-iss-n1358106096.json,yes,-3.458,211.1,3.281,327.383,16713841.286,100.57135,116.373,51.142,162.14,9.034,88.996,7.391,83.362,223.158,295.545,yes,yes,15,"OPUS image-level latitude/longitude bounds exist, but per-candidate mapping still needs camera geometry."
2001-01-13,N1358108118,co-iss-n1358108118,2001-01-13T20:02:24.077,data/metadata/co-iss-n1358108118.json,yes,-3.46,231.245,3.281,347.571,16731523.262,100.67738,116.417,68.522,171.342,8.954,89.616,7.323,82.887,243.407,307.599,yes,yes,15,"OPUS image-level latitude/longitude bounds exist, but per-candidate mapping still needs camera geometry."
2001-01-13,N1358108287,co-iss-n1358108287,2001-01-13T20:04:41.083,data/metadata/co-iss-n1358108287.json,yes,-3.46,232.783,3.281,349.113,16732908.867,100.68548,116.42,68.691,171.145,9.153,89.635,7.524,83.398,242.913,306.84,yes,yes,15,"OPUS image-level latitude/longitude bounds exist, but per-candidate mapping still needs camera geometry."
2001-01-13,N1358108796,co-iss-n1358108796,2001-01-13T20:14:18.103,data/metadata/co-iss-n1358108796.json,yes,-3.461,238.241,3.281,354.583,16737713.791,100.71422,116.432,69.457,171.117,9.199,89.257,7.548,84.123,246.718,314.198,yes,yes,15,"OPUS image-level latitude/longitude bounds exist, but per-candidate mapping still needs camera geometry."
2001-01-13,N1358110818,co-iss-n1358110818,2001-01-13T20:47:24.058,data/metadata/co-iss-n1358110818.json,yes,-3.463,258.386,3.281,14.772,16756528.254,100.82032,116.476,100.558,171.27,13.647,89.113,,,,,yes,no,11,Image-level viewing geometry exists; per-candidate latitude/longitude requires camera/SPICE mapping.
2001-01-13,N1358110987,co-iss-n1358110987,2001-01-13T20:49:41.065,data/metadata/co-iss-n1358110987.json,yes,-3.463,259.924,3.281,16.313,16757968.875,100.82843,116.48,99.646,171.146,13.954,88.888,,,,,yes,no,11,Image-level viewing geometry exists; per-candidate latitude/longitude requires camera/SPICE mapping.
2001-01-13,N1358114418,co-iss-n1358114418,2001-01-13T21:47:24.033,data/metadata/co-iss-n1358114418.json,yes,-3.467,294.574,3.281,51.039,16787536.664,101.01106,116.555,50.754,161.942,10.668,89.361,-85.215,-10.599,321.793,39.113,yes,yes,15,"OPUS image-level latitude/longitude bounds exist, but per-candidate mapping still needs camera geometry."
2001-01-13,N1358114587,co-iss-n1358114587,2001-01-13T21:49:41.040,data/metadata/co-iss-n1358114587.json,yes,-3.467,296.112,3.28,52.581,16788862.067,101.01918,116.559,48.837,162.267,10.53,88.889,-84.435,-10.49,323.39,35.467,yes,yes,15,"OPUS image-level latitude/longitude bounds exist, but per-candidate mapping still needs camera geometry."
2001-01-13,N1358115096,co-iss-n1358115096,2001-01-13T21:59:18.060,data/metadata/co-iss-n1358115096.json,yes,-3.467,301.571,3.28,58.051,16793538.9,101.04796,116.57,49.63,162.741,9.875,89.294,-84.894,-9.858,328.838,45.686,yes,yes,15,"OPUS image-level latitude/longitude bounds exist, but per-candidate mapping still needs camera geometry."
2001-01-13,N1358117118,co-iss-n1358117118,2001-01-13T22:32:24.014,data/metadata/co-iss-n1358117118.json,yes,-3.469,321.715,3.28,78.24,16811381.087,101.15423,116.614,69.042,169.259,10.424,88.847,-84.29,-11.907,349.066,56.509,yes,yes,15,"OPUS image-level latitude/longitude bounds exist, but per-candidate mapping still needs camera geometry."
2001-01-13,N1358117287,co-iss-n1358117287,2001-01-13T22:34:41.021,data/metadata/co-iss-n1358117287.json,yes,-3.469,323.253,3.28,79.781,16812710.127,101.16235,116.618,68.399,169.393,10.296,89.062,-83.573,-11.751,350.549,56.438,yes,yes,15,"OPUS image-level latitude/longitude bounds exist, but per-candidate mapping still needs camera geometry."
2001-01-13,N1358117796,co-iss-n1358117796,2001-01-13T22:44:18.041,data/metadata/co-iss-n1358117796.json,yes,-3.47,328.712,3.28,85.252,16817417.305,101.19116,116.629,69.596,169.914,9.77,89.657,-84.893,-11.277,355.946,76.447,yes,yes,15,"OPUS image-level latitude/longitude bounds exist, but per-candidate mapping still needs camera geometry."
