run_date,image_id,opus_id,calibrated_image_exists,calibrated_label_exists,metadata_exists,image_lines,line_samples,image_dimensions_ready,label_fields_present,pds_timing_ready,image_mid_time,spacecraft_clock_start,instrument_id,filter_name,opus_geometry_fields_present,image_level_geometry_ready,subobserver_lon_w,subsolar_lon_w,center_resolution_km_px,camera_model_ready,local_spice_kernels_found,spice_ready,projection_input_status,blocking_inputs
2000-12-31,N1356976983,co-iss-n1356976983,yes,yes,yes,1024,1024,yes,11,yes,2000-366T17:51:08.890,1356976951.118,ISSNA,"(""HAL"",""CL2"")",11,yes,44.478,112.302,59.16949,no,0,no,blocked,missing_documented_iss_camera_model|missing_local_spice_kernels
2000-12-31,N1356977373,co-iss-n1356977373,yes,yes,yes,1024,1024,yes,11,yes,2000-366T17:57:38.887,1356977341.118,ISSNA,"(""HAL"",""CL2"")",11,yes,48.381,116.231,59.17279,no,0,no,blocked,missing_documented_iss_camera_model|missing_local_spice_kernels
2000-12-31,N1356977733,co-iss-n1356977733,yes,yes,yes,1024,1024,yes,11,yes,2000-366T18:03:38.885,1356977701.118,ISSNA,"(""HAL"",""CL2"")",11,yes,51.984,119.857,59.17584,no,0,no,blocked,missing_documented_iss_camera_model|missing_local_spice_kernels
2000-12-31,N1356981455,co-iss-n1356981455,yes,yes,yes,1024,1024,yes,11,yes,2000-366T19:05:40.859,1356981423.118,ISSNA,"(""HAL"",""CL2"")",11,yes,89.238,157.355,59.20797,no,0,no,blocked,missing_documented_iss_camera_model|missing_local_spice_kernels
2000-12-31,N1356981845,co-iss-n1356981845,yes,yes,yes,1024,1024,yes,11,yes,2000-366T19:12:10.857,1356981813.118,ISSNA,"(""HAL"",""CL2"")",11,yes,93.141,161.284,59.21139,no,0,no,blocked,missing_documented_iss_camera_model|missing_local_spice_kernels
2000-12-31,N1356982205,co-iss-n1356982205,yes,yes,yes,1024,1024,yes,11,yes,2000-366T19:18:10.854,1356982173.118,ISSNA,"(""HAL"",""CL2"")",11,yes,96.744,164.911,59.21457,no,0,no,blocked,missing_documented_iss_camera_model|missing_local_spice_kernels
2000-12-31,N1356985927,co-iss-n1356985927,yes,yes,yes,1024,1024,yes,11,yes,2000-366T20:20:12.828,1356985895.118,ISSNA,"(""HAL"",""CL2"")",11,yes,133.998,202.408,59.2479,no,0,no,blocked,missing_documented_iss_camera_model|missing_local_spice_kernels
2000-12-31,N1356986317,co-iss-n1356986317,yes,yes,yes,1024,1024,yes,11,yes,2000-366T20:26:42.826,1356986285.118,ISSNA,"(""HAL"",""CL2"")",11,yes,137.902,206.337,59.25145,no,0,no,blocked,missing_documented_iss_camera_model|missing_local_spice_kernels
2000-12-31,N1356986677,co-iss-n1356986677,yes,yes,yes,1024,1024,yes,11,yes,2000-366T20:32:42.823,1356986645.118,ISSNA,"(""HAL"",""CL2"")",11,yes,141.505,209.964,59.25474,no,0,no,blocked,missing_documented_iss_camera_model|missing_local_spice_kernels
2000-12-31,N1356990399,co-iss-n1356990399,yes,yes,yes,1024,1024,yes,11,yes,2000-366T21:34:44.797,1356990367.118,ISSNA,"(""HAL"",""CL2"")",11,yes,178.759,247.461,59.28928,no,0,no,blocked,missing_documented_iss_camera_model|missing_local_spice_kernels
2000-12-31,N1356990789,co-iss-n1356990789,yes,yes,yes,1024,1024,yes,11,yes,2000-366T21:41:14.795,1356990757.118,ISSNA,"(""HAL"",""CL2"")",11,yes,182.663,251.39,59.29296,no,0,no,blocked,missing_documented_iss_camera_model|missing_local_spice_kernels
2000-12-31,N1356991149,co-iss-n1356991149,yes,yes,yes,1024,1024,yes,11,yes,2000-366T21:47:14.792,1356991117.118,ISSNA,"(""HAL"",""CL2"")",11,yes,186.266,255.017,59.29636,no,0,no,blocked,missing_documented_iss_camera_model|missing_local_spice_kernels
2001-01-01,N1357008677,co-iss-n1357008677,yes,yes,yes,1024,1024,yes,11,yes,2001-001T02:39:22.671,1357008645.118,ISSNA,"(""HAL"",""CL2"")",11,yes,1.71,71.603,59.47335,no,0,no,blocked,missing_documented_iss_camera_model|missing_local_spice_kernels
2001-01-01,N1357009037,co-iss-n1357009037,yes,yes,yes,1024,1024,yes,11,yes,2001-001T02:45:22.668,1357009005.118,ISSNA,"(""HAL"",""CL2"")",11,yes,5.314,75.23,59.47722,no,0,no,blocked,missing_documented_iss_camera_model|missing_local_spice_kernels
2001-01-01,N1357015011,co-iss-n1357015011,yes,yes,yes,1024,1024,yes,11,yes,2001-001T04:24:56.627,1357014979.118,ISSNA,"(""HAL"",""CL2"")",11,yes,65.112,135.415,59.54271,no,0,no,blocked,missing_documented_iss_camera_model|missing_local_spice_kernels
2001-01-01,N1357015401,co-iss-n1357015401,yes,yes,yes,1024,1024,yes,11,yes,2001-001T04:31:26.624,1357015369.118,ISSNA,"(""HAL"",""CL2"")",11,yes,69.015,139.344,59.54708,no,0,no,blocked,missing_documented_iss_camera_model|missing_local_spice_kernels
2001-01-01,N1357015761,co-iss-n1357015761,yes,yes,yes,1024,1024,yes,11,yes,2001-001T04:37:26.622,1357015729.118,ISSNA,"(""HAL"",""CL2"")",11,yes,72.619,142.971,59.55111,no,0,no,blocked,missing_documented_iss_camera_model|missing_local_spice_kernels
2001-01-01,N1357019483,co-iss-n1357019483,yes,yes,yes,1024,1024,yes,11,yes,2001-001T05:39:28.596,1357019451.118,ISSNA,"(""HAL"",""CL2"")",11,yes,109.875,180.468,59.5934,no,0,no,blocked,missing_documented_iss_camera_model|missing_local_spice_kernels
2001-01-01,N1357019873,co-iss-n1357019873,yes,yes,yes,1024,1024,yes,11,yes,2001-001T05:45:58.593,1357019841.118,ISSNA,"(""HAL"",""CL2"")",11,yes,113.779,184.397,59.59788,no,0,no,blocked,missing_documented_iss_camera_model|missing_local_spice_kernels
2001-01-01,N1357020233,co-iss-n1357020233,yes,yes,yes,1024,1024,yes,11,yes,2001-001T05:51:58.591,1357020201.118,ISSNA,"(""HAL"",""CL2"")",11,yes,117.383,188.024,59.60204,no,0,no,blocked,missing_documented_iss_camera_model|missing_local_spice_kernels
2001-01-01,N1357023955,co-iss-n1357023955,yes,yes,yes,1024,1024,yes,11,yes,2001-001T06:54:00.565,1357023923.118,ISSNA,"(""HAL"",""CL2"")",11,yes,154.64,225.521,59.6455,no,0,no,blocked,missing_documented_iss_camera_model|missing_local_spice_kernels
2001-01-01,N1357024345,co-iss-n1357024345,yes,yes,yes,1024,1024,yes,11,yes,2001-001T07:00:30.562,1357024313.118,ISSNA,"(""HAL"",""CL2"")",11,yes,158.543,229.45,59.65011,no,0,no,blocked,missing_documented_iss_camera_model|missing_local_spice_kernels
2001-01-01,N1357024705,co-iss-n1357024705,yes,yes,yes,1024,1024,yes,11,yes,2001-001T07:06:30.560,1357024673.118,ISSNA,"(""HAL"",""CL2"")",11,yes,162.147,233.077,59.65437,no,0,no,blocked,missing_documented_iss_camera_model|missing_local_spice_kernels
2001-01-01,N1357028427,co-iss-n1357028427,yes,yes,yes,1024,1024,yes,11,yes,2001-001T08:08:32.534,1357028395.118,ISSNA,"(""HAL"",""CL2"")",11,yes,199.404,270.574,59.69901,no,0,no,blocked,missing_documented_iss_camera_model|missing_local_spice_kernels
2001-01-01,N1357028817,co-iss-n1357028817,yes,yes,yes,1024,1024,yes,11,yes,2001-001T08:15:02.531,1357028785.118,ISSNA,"(""HAL"",""CL2"")",11,yes,203.308,274.503,59.70374,no,0,no,blocked,missing_documented_iss_camera_model|missing_local_spice_kernels
2001-01-01,N1357029177,co-iss-n1357029177,yes,yes,yes,1024,1024,yes,11,yes,2001-001T08:21:02.529,1357029145.118,ISSNA,"(""HAL"",""CL2"")",11,yes,206.912,278.13,59.70812,no,0,no,blocked,missing_documented_iss_camera_model|missing_local_spice_kernels
2001-01-01,N1357032899,co-iss-n1357032899,yes,yes,yes,1024,1024,yes,11,yes,2001-001T09:23:04.503,1357032867.118,ISSNA,"(""HAL"",""CL2"")",11,yes,244.17,315.627,59.75393,no,0,no,blocked,missing_documented_iss_camera_model|missing_local_spice_kernels
2001-01-01,N1357033289,co-iss-n1357033289,yes,yes,yes,1024,1024,yes,11,yes,2001-001T09:29:34.500,1357033257.118,ISSNA,"(""HAL"",""CL2"")",11,yes,248.074,319.556,59.75878,no,0,no,blocked,missing_documented_iss_camera_model|missing_local_spice_kernels
2001-01-01,N1357033649,co-iss-n1357033649,yes,yes,yes,1024,1024,yes,11,yes,2001-001T09:35:34.498,1357033617.118,ISSNA,"(""HAL"",""CL2"")",11,yes,251.677,323.183,59.76328,no,0,no,blocked,missing_documented_iss_camera_model|missing_local_spice_kernels
2001-01-01,N1357037371,co-iss-n1357037371,yes,yes,yes,1024,1024,yes,11,yes,2001-001T10:37:36.472,1357037339.118,ISSNA,"(""HAL"",""CL2"")",11,yes,288.935,0.68,59.81025,no,0,no,blocked,missing_documented_iss_camera_model|missing_local_spice_kernels
2001-01-01,N1357037761,co-iss-n1357037761,yes,yes,yes,1024,1024,yes,11,yes,2001-001T10:44:06.469,1357037729.118,ISSNA,"(""HAL"",""CL2"")",11,yes,292.839,4.609,59.81523,no,0,no,blocked,missing_documented_iss_camera_model|missing_local_spice_kernels
2001-01-01,N1357038121,co-iss-n1357038121,yes,yes,yes,1024,1024,yes,11,yes,2001-001T10:50:06.467,1357038089.118,ISSNA,"(""HAL"",""CL2"")",11,yes,296.443,8.236,59.81983,no,0,no,blocked,missing_documented_iss_camera_model|missing_local_spice_kernels
2001-01-01,N1357041843,co-iss-n1357041843,yes,yes,yes,1024,1024,yes,11,yes,2001-001T11:52:08.441,1357041811.118,ISSNA,"(""HAL"",""CL2"")",11,yes,333.702,45.733,59.86797,no,0,no,blocked,missing_documented_iss_camera_model|missing_local_spice_kernels
2001-01-01,N1357042233,co-iss-n1357042233,yes,yes,yes,1024,1024,yes,11,yes,2001-001T11:58:38.438,1357042201.118,ISSNA,"(""HAL"",""CL2"")",11,yes,337.606,49.662,59.87307,no,0,no,blocked,missing_documented_iss_camera_model|missing_local_spice_kernels
2001-01-01,N1357042593,co-iss-n1357042593,yes,yes,yes,1024,1024,yes,11,yes,2001-001T12:04:38.436,1357042561.118,ISSNA,"(""HAL"",""CL2"")",11,yes,341.209,53.289,59.87778,no,0,no,blocked,missing_documented_iss_camera_model|missing_local_spice_kernels
2001-01-04,N1357313585,co-iss-n1357313585,yes,yes,yes,1024,1024,yes,11,yes,2001-004T15:21:08.559,1357313553.118,ISSNA,"(""HAL"",""CL2"")",11,yes,175.336,263.38,65.80111,no,0,no,blocked,missing_documented_iss_camera_model|missing_local_spice_kernels
2001-01-04,N1357313975,co-iss-n1357313975,yes,yes,yes,1024,1024,yes,11,yes,2001-004T15:27:38.557,1357313943.118,ISSNA,"(""HAL"",""CL2"")",11,yes,179.245,267.309,65.81273,no,0,no,blocked,missing_documented_iss_camera_model|missing_local_spice_kernels
2001-01-04,N1357314335,co-iss-n1357314335,yes,yes,yes,1024,1024,yes,11,yes,2001-004T15:33:38.554,1357314303.118,ISSNA,"(""HAL"",""CL2"")",11,yes,182.853,270.936,65.82347,no,0,no,blocked,missing_documented_iss_camera_model|missing_local_spice_kernels
2001-01-04,N1357318057,co-iss-n1357318057,yes,yes,yes,1024,1024,yes,11,yes,2001-004T16:35:40.528,1357318025.118,ISSNA,"(""HAL"",""CL2"")",11,yes,220.153,308.433,65.93486,no,0,no,blocked,missing_documented_iss_camera_model|missing_local_spice_kernels
2001-01-04,N1357318447,co-iss-n1357318447,yes,yes,yes,1024,1024,yes,11,yes,2001-004T16:42:10.526,1357318415.118,ISSNA,"(""HAL"",""CL2"")",11,yes,224.062,312.362,65.94658,no,0,no,blocked,missing_documented_iss_camera_model|missing_local_spice_kernels
2001-01-04,N1357327001,co-iss-n1357327001,yes,yes,yes,1024,1024,yes,11,yes,2001-004T19:04:44.466,1357326969.118,ISSNA,"(""HAL"",""CL2"")",11,yes,309.789,38.538,66.20548,no,0,no,blocked,missing_documented_iss_camera_model|missing_local_spice_kernels
2001-01-04,N1357327391,co-iss-n1357327391,yes,yes,yes,1024,1024,yes,11,yes,2001-004T19:11:14.464,1357327359.118,ISSNA,"(""HAL"",""CL2"")",11,yes,313.698,42.467,66.21737,no,0,no,blocked,missing_documented_iss_camera_model|missing_local_spice_kernels
2001-01-04,N1357327751,co-iss-n1357327751,yes,yes,yes,1024,1024,yes,11,yes,2001-004T19:17:14.461,1357327719.118,ISSNA,"(""HAL"",""CL2"")",11,yes,317.306,46.094,66.22836,no,0,no,blocked,missing_documented_iss_camera_model|missing_local_spice_kernels
2001-01-04,N1357331473,co-iss-n1357331473,yes,yes,yes,1024,1024,yes,11,yes,2001-004T20:19:16.435,1357331441.118,ISSNA,"(""HAL"",""CL2"")",11,yes,354.609,83.591,66.34232,no,0,no,blocked,missing_documented_iss_camera_model|missing_local_spice_kernels
2001-01-04,N1357331863,co-iss-n1357331863,yes,yes,yes,1024,1024,yes,11,yes,2001-004T20:25:46.433,1357331831.118,ISSNA,"(""HAL"",""CL2"")",11,yes,358.518,87.52,66.3543,no,0,no,blocked,missing_documented_iss_camera_model|missing_local_spice_kernels
2001-01-04,N1357332223,co-iss-n1357332223,yes,yes,yes,1024,1024,yes,11,yes,2001-004T20:31:46.430,1357332191.118,ISSNA,"(""HAL"",""CL2"")",11,yes,2.126,91.147,66.36537,no,0,no,blocked,missing_documented_iss_camera_model|missing_local_spice_kernels
2001-01-04,N1357335945,co-iss-n1357335945,yes,yes,yes,1024,1024,yes,11,yes,2001-004T21:33:48.404,1357335913.118,ISSNA,"(""HAL"",""CL2"")",11,yes,39.43,128.643,66.48017,no,0,no,blocked,missing_documented_iss_camera_model|missing_local_spice_kernels
2001-01-04,N1357336335,co-iss-n1357336335,yes,yes,yes,1024,1024,yes,11,yes,2001-004T21:40:18.402,1357336303.118,ISSNA,"(""HAL"",""CL2"")",11,yes,43.338,132.572,66.49224,no,0,no,blocked,missing_documented_iss_camera_model|missing_local_spice_kernels
2001-01-04,N1357336695,co-iss-n1357336695,yes,yes,yes,1024,1024,yes,11,yes,2001-004T21:46:18.399,1357336663.118,ISSNA,"(""HAL"",""CL2"")",11,yes,46.947,136.199,66.50339,no,0,no,blocked,missing_documented_iss_camera_model|missing_local_spice_kernels
2001-01-04,N1357340417,co-iss-n1357340417,yes,yes,yes,1024,1024,yes,11,yes,2001-004T22:48:20.373,1357340385.118,ISSNA,"(""HAL"",""CL2"")",11,yes,84.251,173.696,66.61903,no,0,no,blocked,missing_documented_iss_camera_model|missing_local_spice_kernels
2001-01-04,N1357340807,co-iss-n1357340807,yes,yes,yes,1024,1024,yes,11,yes,2001-004T22:54:50.371,1357340775.118,ISSNA,"(""HAL"",""CL2"")",11,yes,88.16,177.625,66.63119,no,0,no,blocked,missing_documented_iss_camera_model|missing_local_spice_kernels
2001-01-04,N1357341167,co-iss-n1357341167,yes,yes,yes,1024,1024,yes,11,yes,2001-004T23:00:50.368,1357341135.118,ISSNA,"(""HAL"",""CL2"")",11,yes,91.768,181.252,66.64242,no,0,no,blocked,missing_documented_iss_camera_model|missing_local_spice_kernels
2001-01-05,N1357344889,co-iss-n1357344889,yes,yes,yes,1024,1024,yes,11,yes,2001-005T00:02:52.342,1357344857.118,ISSNA,"(""HAL"",""CL2"")",11,yes,129.074,218.749,66.75889,no,0,no,blocked,missing_documented_iss_camera_model|missing_local_spice_kernels
2001-01-05,N1357345279,co-iss-n1357345279,yes,yes,yes,1024,1024,yes,11,yes,2001-005T00:09:22.340,1357345247.118,ISSNA,"(""HAL"",""CL2"")",11,yes,132.983,222.678,66.77113,no,0,no,blocked,missing_documented_iss_camera_model|missing_local_spice_kernels
2001-01-05,N1357345639,co-iss-n1357345639,yes,yes,yes,1024,1024,yes,11,yes,2001-005T00:15:22.337,1357345607.118,ISSNA,"(""HAL"",""CL2"")",11,yes,136.591,226.304,66.78244,no,0,no,blocked,missing_documented_iss_camera_model|missing_local_spice_kernels
2001-01-05,N1357351613,co-iss-n1357351613,yes,yes,yes,1024,1024,yes,11,yes,2001-005T01:54:56.296,1357351581.118,ISSNA,"(""HAL"",""CL2"")",11,yes,196.47,286.489,66.97104,no,0,no,blocked,missing_documented_iss_camera_model|missing_local_spice_kernels
2001-01-05,N1357352003,co-iss-n1357352003,yes,yes,yes,1024,1024,yes,11,yes,2001-005T02:01:26.293,1357351971.118,ISSNA,"(""HAL"",""CL2"")",11,yes,200.379,290.418,66.98342,no,0,no,blocked,missing_documented_iss_camera_model|missing_local_spice_kernels
2001-01-05,N1357352363,co-iss-n1357352363,yes,yes,yes,1024,1024,yes,11,yes,2001-005T02:07:26.291,1357352331.118,ISSNA,"(""HAL"",""CL2"")",11,yes,203.987,294.045,66.99485,no,0,no,blocked,missing_documented_iss_camera_model|missing_local_spice_kernels
2001-01-05,N1357356085,co-iss-n1357356085,yes,yes,yes,1024,1024,yes,11,yes,2001-005T03:09:28.265,1357356053.118,ISSNA,"(""HAL"",""CL2"")",11,yes,241.295,331.541,67.11337,no,0,no,blocked,missing_documented_iss_camera_model|missing_local_spice_kernels
2001-01-05,N1357356475,co-iss-n1357356475,yes,yes,yes,1024,1024,yes,11,yes,2001-005T03:15:58.262,1357356443.118,ISSNA,"(""HAL"",""CL2"")",11,yes,245.204,335.47,67.12583,no,0,no,blocked,missing_documented_iss_camera_model|missing_local_spice_kernels
2001-01-05,N1357356835,co-iss-n1357356835,yes,yes,yes,1024,1024,yes,11,yes,2001-005T03:21:58.260,1357356803.118,ISSNA,"(""HAL"",""CL2"")",11,yes,248.812,339.097,67.13734,no,0,no,blocked,missing_documented_iss_camera_model|missing_local_spice_kernels
2001-01-05,N1357361307,co-iss-n1357361307,yes,yes,yes,1024,1024,yes,11,yes,2001-005T04:36:30.229,1357361275.118,ISSNA,"(""HAL"",""CL2"")",11,yes,293.639,24.15,67.28081,no,0,no,blocked,missing_documented_iss_camera_model|missing_local_spice_kernels
2001-01-05,N1357365030,co-iss-n1357365030,yes,yes,yes,1024,1024,yes,11,yes,2001-005T05:38:33.203,1357364998.118,ISSNA,"(""HAL"",""CL2"")",11,yes,330.958,61.657,67.40099,no,0,no,blocked,missing_documented_iss_camera_model|missing_local_spice_kernels
2001-01-05,N1357365420,co-iss-n1357365420,yes,yes,yes,1024,1024,yes,11,yes,2001-005T05:45:03.200,1357365388.118,ISSNA,"(""HAL"",""CL2"")",11,yes,334.867,65.586,67.41362,no,0,no,blocked,missing_documented_iss_camera_model|missing_local_spice_kernels
2001-01-05,N1357365780,co-iss-n1357365780,yes,yes,yes,1024,1024,yes,11,yes,2001-005T05:51:03.198,1357365748.118,ISSNA,"(""HAL"",""CL2"")",11,yes,338.476,69.213,67.42528,no,0,no,blocked,missing_documented_iss_camera_model|missing_local_spice_kernels
2001-01-05,N1357369502,co-iss-n1357369502,yes,yes,yes,1024,1024,yes,11,yes,2001-005T06:53:05.172,1357369470.118,ISSNA,"(""HAL"",""CL2"")",11,yes,15.786,106.709,67.54623,no,0,no,blocked,missing_documented_iss_camera_model|missing_local_spice_kernels
2001-01-05,N1357369892,co-iss-n1357369892,yes,yes,yes,1024,1024,yes,11,yes,2001-005T06:59:35.169,1357369860.118,ISSNA,"(""HAL"",""CL2"")",11,yes,19.695,110.638,67.55894,no,0,no,blocked,missing_documented_iss_camera_model|missing_local_spice_kernels
2001-01-05,N1357370252,co-iss-n1357370252,yes,yes,yes,1024,1024,yes,11,yes,2001-005T07:05:35.167,1357370220.118,ISSNA,"(""HAL"",""CL2"")",11,yes,23.304,114.265,67.57068,no,0,no,blocked,missing_documented_iss_camera_model|missing_local_spice_kernels
2001-01-05,N1357373974,co-iss-n1357373974,yes,yes,yes,1024,1024,yes,11,yes,2001-005T08:07:37.141,1357373942.118,ISSNA,"(""HAL"",""CL2"")",11,yes,60.614,151.762,67.69243,no,0,no,blocked,missing_documented_iss_camera_model|missing_local_spice_kernels
2001-01-05,N1357374364,co-iss-n1357374364,yes,yes,yes,1024,1024,yes,11,yes,2001-005T08:14:07.138,1357374332.118,ISSNA,"(""HAL"",""CL2"")",11,yes,64.524,155.691,67.70522,no,0,no,blocked,missing_documented_iss_camera_model|missing_local_spice_kernels
2001-01-05,N1357374724,co-iss-n1357374724,yes,yes,yes,1024,1024,yes,11,yes,2001-005T08:20:07.136,1357374692.118,ISSNA,"(""HAL"",""CL2"")",11,yes,68.133,159.318,67.71704,no,0,no,blocked,missing_documented_iss_camera_model|missing_local_spice_kernels
2001-01-05,N1357378446,co-iss-n1357378446,yes,yes,yes,1024,1024,yes,11,yes,2001-005T09:22:09.110,1357378414.118,ISSNA,"(""HAL"",""CL2"")",11,yes,105.444,196.815,67.83958,no,0,no,blocked,missing_documented_iss_camera_model|missing_local_spice_kernels
2001-01-05,N1357378836,co-iss-n1357378836,yes,yes,yes,1024,1024,yes,11,yes,2001-005T09:28:39.107,1357378804.118,ISSNA,"(""HAL"",""CL2"")",11,yes,109.354,200.744,67.85246,no,0,no,blocked,missing_documented_iss_camera_model|missing_local_spice_kernels
2001-01-05,N1357379196,co-iss-n1357379196,yes,yes,yes,1024,1024,yes,11,yes,2001-005T09:34:39.105,1357379164.118,ISSNA,"(""HAL"",""CL2"")",11,yes,112.963,204.37,67.86435,no,0,no,blocked,missing_documented_iss_camera_model|missing_local_spice_kernels
2001-01-08,N1357628415,co-iss-n1357628415,yes,yes,yes,1024,1024,yes,11,yes,2001-008T06:47:58.399,1357628347.123,ISSNA,"(""HAL"",""CL2"")",11,yes,92.614,194.907,77.39283,no,0,no,blocked,missing_documented_iss_camera_model|missing_local_spice_kernels
2001-01-08,N1357628584,co-iss-n1357628584,yes,yes,yes,1024,1024,yes,11,yes,2001-008T06:50:31.405,1357628484.125,ISSNA,"(""HAL"",""CL2"")",11,yes,94.15,196.448,77.39938,no,0,no,blocked,missing_documented_iss_camera_model|missing_local_spice_kernels
2001-01-08,N1357629093,co-iss-n1357629093,yes,yes,yes,1024,1024,yes,11,yes,2001-008T06:59:34.425,1357629061.131,ISSNA,"(""HAL"",""CL2"")",11,yes,99.6,201.919,77.42261,no,0,no,blocked,missing_documented_iss_camera_model|missing_local_spice_kernels
2001-01-08,N1357631115,co-iss-n1357631115,yes,yes,yes,1024,1024,yes,11,yes,2001-008T07:32:58.380,1357631047.123,ISSNA,"(""HAL"",""CL2"")",11,yes,119.713,222.107,77.50841,no,0,no,blocked,missing_documented_iss_camera_model|missing_local_spice_kernels
2001-01-08,N1357631284,co-iss-n1357631284,yes,yes,yes,1024,1024,yes,11,yes,2001-008T07:35:31.386,1357631184.125,ISSNA,"(""HAL"",""CL2"")",11,yes,121.248,223.649,77.51497,no,0,no,blocked,missing_documented_iss_camera_model|missing_local_spice_kernels
2001-01-08,N1357631793,co-iss-n1357631793,yes,yes,yes,1024,1024,yes,11,yes,2001-008T07:44:34.406,1357631761.131,ISSNA,"(""HAL"",""CL2"")",11,yes,126.698,229.119,77.53825,no,0,no,blocked,missing_documented_iss_camera_model|missing_local_spice_kernels
2001-01-08,N1357633815,co-iss-n1357633815,yes,yes,yes,1024,1024,yes,11,yes,2001-008T08:17:58.361,1357633747.123,ISSNA,"(""HAL"",""CL2"")",11,yes,146.811,249.308,77.62422,no,0,no,blocked,missing_documented_iss_camera_model|missing_local_spice_kernels
2001-01-08,N1357633984,co-iss-n1357633984,yes,yes,yes,1024,1024,yes,11,yes,2001-008T08:20:31.368,1357633884.125,ISSNA,"(""HAL"",""CL2"")",11,yes,148.347,250.849,77.63079,no,0,no,blocked,missing_documented_iss_camera_model|missing_local_spice_kernels
2001-01-08,N1357637415,co-iss-n1357637415,yes,yes,yes,1024,1024,yes,11,yes,2001-008T09:17:58.336,1357637347.123,ISSNA,"(""HAL"",""CL2"")",11,yes,182.943,285.576,77.77898,no,0,no,blocked,missing_documented_iss_camera_model|missing_local_spice_kernels
2001-01-08,N1357637584,co-iss-n1357637584,yes,yes,yes,1024,1024,yes,11,yes,2001-008T09:20:31.343,1357637484.125,ISSNA,"(""HAL"",""CL2"")",11,yes,184.479,287.117,77.78556,no,0,no,blocked,missing_documented_iss_camera_model|missing_local_spice_kernels
2001-01-08,N1357638093,co-iss-n1357638093,yes,yes,yes,1024,1024,yes,11,yes,2001-008T09:29:34.363,1357638061.131,ISSNA,"(""HAL"",""CL2"")",11,yes,189.929,292.588,77.80895,no,0,no,blocked,missing_documented_iss_camera_model|missing_local_spice_kernels
2001-01-08,N1357640793,co-iss-n1357640793,yes,yes,yes,1024,1024,yes,11,yes,2001-008T10:14:34.344,1357640761.131,ISSNA,"(""HAL"",""CL2"")",11,yes,217.028,319.788,77.92533,no,0,no,blocked,missing_documented_iss_camera_model|missing_local_spice_kernels
2001-01-08,N1357642815,co-iss-n1357642815,yes,yes,yes,1024,1024,yes,11,yes,2001-008T10:47:58.299,1357642747.123,ISSNA,"(""HAL"",""CL2"")",11,yes,237.142,339.977,78.01186,no,0,no,blocked,missing_documented_iss_camera_model|missing_local_spice_kernels
2001-01-08,N1357642984,co-iss-n1357642984,yes,yes,yes,1024,1024,yes,11,yes,2001-008T10:50:31.305,1357642884.125,ISSNA,"(""HAL"",""CL2"")",11,yes,238.678,341.518,78.01847,no,0,no,blocked,missing_documented_iss_camera_model|missing_local_spice_kernels
2001-01-08,N1357646415,co-iss-n1357646415,yes,yes,yes,1024,1024,yes,11,yes,2001-008T11:47:58.274,1357646347.123,ISSNA,"(""HAL"",""CL2"")",11,yes,273.275,16.244,78.16761,no,0,no,blocked,missing_documented_iss_camera_model|missing_local_spice_kernels
2001-01-08,N1357646584,co-iss-n1357646584,yes,yes,yes,1024,1024,yes,11,yes,2001-008T11:50:31.281,1357646484.125,ISSNA,"(""HAL"",""CL2"")",11,yes,274.811,17.786,78.17424,no,0,no,blocked,missing_documented_iss_camera_model|missing_local_spice_kernels
2001-01-08,N1357647093,co-iss-n1357647093,yes,yes,yes,1024,1024,yes,11,yes,2001-008T11:59:34.300,1357647061.131,ISSNA,"(""HAL"",""CL2"")",11,yes,280.261,23.256,78.19777,no,0,no,blocked,missing_documented_iss_camera_model|missing_local_spice_kernels
2001-01-08,N1357649115,co-iss-n1357649115,yes,yes,yes,1024,1024,yes,11,yes,2001-008T12:32:58.255,1357649047.123,ISSNA,"(""HAL"",""CL2"")",11,yes,300.376,43.445,78.28468,no,0,no,blocked,missing_documented_iss_camera_model|missing_local_spice_kernels
2001-01-08,N1357649284,co-iss-n1357649284,yes,yes,yes,1024,1024,yes,11,yes,2001-008T12:35:31.262,1357649184.125,ISSNA,"(""HAL"",""CL2"")",11,yes,301.911,44.986,78.29132,no,0,no,blocked,missing_documented_iss_camera_model|missing_local_spice_kernels
2001-01-08,N1357649793,co-iss-n1357649793,yes,yes,yes,1024,1024,yes,11,yes,2001-008T12:44:34.282,1357649761.131,ISSNA,"(""HAL"",""CL2"")",11,yes,307.362,50.457,78.3149,no,0,no,blocked,missing_documented_iss_camera_model|missing_local_spice_kernels
2001-01-08,N1357651815,co-iss-n1357651815,yes,yes,yes,1024,1024,yes,11,yes,2001-008T13:17:58.236,1357651747.123,ISSNA,"(""HAL"",""CL2"")",11,yes,327.476,70.646,78.40197,no,0,no,blocked,missing_documented_iss_camera_model|missing_local_spice_kernels
2001-01-08,N1357651984,co-iss-n1357651984,yes,yes,yes,1024,1024,yes,11,yes,2001-008T13:20:31.243,1357651884.125,ISSNA,"(""HAL"",""CL2"")",11,yes,329.012,72.187,78.40863,no,0,no,blocked,missing_documented_iss_camera_model|missing_local_spice_kernels
2001-01-08,N1357655415,co-iss-n1357655415,yes,yes,yes,1024,1024,yes,11,yes,2001-008T14:17:58.212,1357655347.123,ISSNA,"(""HAL"",""CL2"")",11,yes,3.611,106.913,78.5587,no,0,no,blocked,missing_documented_iss_camera_model|missing_local_spice_kernels
2001-01-08,N1357655584,co-iss-n1357655584,yes,yes,yes,1024,1024,yes,11,yes,2001-008T14:20:31.218,1357655484.125,ISSNA,"(""HAL"",""CL2"")",11,yes,5.147,108.455,78.56537,no,0,no,blocked,missing_documented_iss_camera_model|missing_local_spice_kernels
2001-01-08,N1357656093,co-iss-n1357656093,yes,yes,yes,1024,1024,yes,11,yes,2001-008T14:29:34.238,1357656061.131,ISSNA,"(""HAL"",""CL2"")",11,yes,10.597,113.925,78.58904,no,0,no,blocked,missing_documented_iss_camera_model|missing_local_spice_kernels
2001-01-08,N1357658115,co-iss-n1357658115,yes,yes,yes,1024,1024,yes,11,yes,2001-008T15:02:58.193,1357658047.123,ISSNA,"(""HAL"",""CL2"")",11,yes,30.712,134.114,78.67649,no,0,no,blocked,missing_documented_iss_camera_model|missing_local_spice_kernels
2001-01-08,N1357658284,co-iss-n1357658284,yes,yes,yes,1024,1024,yes,11,yes,2001-008T15:05:31.200,1357658184.125,ISSNA,"(""HAL"",""CL2"")",11,yes,32.248,135.655,78.68317,no,0,no,blocked,missing_documented_iss_camera_model|missing_local_spice_kernels
2001-01-08,N1357658793,co-iss-n1357658793,yes,yes,yes,1024,1024,yes,11,yes,2001-008T15:14:34.219,1357658761.131,ISSNA,"(""HAL"",""CL2"")",11,yes,37.699,141.126,78.70689,no,0,no,blocked,missing_documented_iss_camera_model|missing_local_spice_kernels
2001-01-08,N1357660815,co-iss-n1357660815,yes,yes,yes,1024,1024,yes,11,yes,2001-008T15:47:58.174,1357660747.123,ISSNA,"(""HAL"",""CL2"")",11,yes,57.814,161.314,78.7945,no,0,no,blocked,missing_documented_iss_camera_model|missing_local_spice_kernels
2001-01-08,N1357660984,co-iss-n1357660984,yes,yes,yes,1024,1024,yes,11,yes,2001-008T15:50:31.181,1357660884.125,ISSNA,"(""HAL"",""CL2"")",11,yes,59.35,162.856,78.8012,no,0,no,blocked,missing_documented_iss_camera_model|missing_local_spice_kernels
2001-01-08,N1357664415,co-iss-n1357664415,yes,yes,yes,1024,1024,yes,11,yes,2001-008T16:47:58.149,1357664347.123,ISSNA,"(""HAL"",""CL2"")",11,yes,93.95,197.582,78.95219,no,0,no,blocked,missing_documented_iss_camera_model|missing_local_spice_kernels
2001-01-08,N1357664584,co-iss-n1357664584,yes,yes,yes,1024,1024,yes,11,yes,2001-008T16:50:31.156,1357664484.125,ISSNA,"(""HAL"",""CL2"")",11,yes,95.486,199.123,78.9589,no,0,no,blocked,missing_documented_iss_camera_model|missing_local_spice_kernels
2001-01-08,N1357665093,co-iss-n1357665093,yes,yes,yes,1024,1024,yes,11,yes,2001-008T16:59:34.176,1357665061.131,ISSNA,"(""HAL"",""CL2"")",11,yes,100.936,204.594,78.98272,no,0,no,blocked,missing_documented_iss_camera_model|missing_local_spice_kernels
2001-01-08,N1357667116,co-iss-n1357667116,yes,yes,yes,1024,1024,yes,11,yes,2001-008T17:32:59.131,1357667048.123,ISSNA,"(""HAL"",""CL2"")",11,yes,121.062,224.793,79.07074,no,0,no,blocked,missing_documented_iss_camera_model|missing_local_spice_kernels
2001-01-08,N1357667285,co-iss-n1357667285,yes,yes,yes,1024,1024,yes,11,yes,2001-008T17:35:32.137,1357667185.125,ISSNA,"(""HAL"",""CL2"")",11,yes,122.598,226.334,79.07746,no,0,no,blocked,missing_documented_iss_camera_model|missing_local_spice_kernels
2001-01-08,N1357667794,co-iss-n1357667794,yes,yes,yes,1024,1024,yes,11,yes,2001-008T17:44:35.157,1357667762.131,ISSNA,"(""HAL"",""CL2"")",11,yes,128.049,231.805,79.10133,no,0,no,blocked,missing_documented_iss_camera_model|missing_local_spice_kernels
2001-01-08,N1357669816,co-iss-n1357669816,yes,yes,yes,1024,1024,yes,11,yes,2001-008T18:17:59.112,1357669748.123,ISSNA,"(""HAL"",""CL2"")",11,yes,148.165,251.993,79.18946,no,0,no,blocked,missing_documented_iss_camera_model|missing_local_spice_kernels
2001-01-08,N1357669985,co-iss-n1357669985,yes,yes,yes,1024,1024,yes,11,yes,2001-008T18:20:32.118,1357669885.125,ISSNA,"(""HAL"",""CL2"")",11,yes,149.701,253.535,79.1962,no,0,no,blocked,missing_documented_iss_camera_model|missing_local_spice_kernels
2001-01-08,N1357673416,co-iss-n1357673416,yes,yes,yes,1024,1024,yes,11,yes,2001-008T19:17:59.087,1357673348.123,ISSNA,"(""HAL"",""CL2"")",11,yes,184.302,288.261,79.34809,no,0,no,blocked,missing_documented_iss_camera_model|missing_local_spice_kernels
2001-01-08,N1357673585,co-iss-n1357673585,yes,yes,yes,1024,1024,yes,11,yes,2001-008T19:20:32.094,1357673485.125,ISSNA,"(""HAL"",""CL2"")",11,yes,185.838,289.802,79.35484,no,0,no,blocked,missing_documented_iss_camera_model|missing_local_spice_kernels
2001-01-08,N1357674094,co-iss-n1357674094,yes,yes,yes,1024,1024,yes,11,yes,2001-008T19:29:35.113,1357674062.131,ISSNA,"(""HAL"",""CL2"")",11,yes,191.289,295.273,79.3788,no,0,no,blocked,missing_documented_iss_camera_model|missing_local_spice_kernels
2001-01-08,N1357676116,co-iss-n1357676116,yes,yes,yes,1024,1024,yes,11,yes,2001-008T20:02:59.068,1357676048.123,ISSNA,"(""HAL"",""CL2"")",11,yes,211.406,315.461,79.4673,no,0,no,blocked,missing_documented_iss_camera_model|missing_local_spice_kernels
2001-01-08,N1357676285,co-iss-n1357676285,yes,yes,yes,1024,1024,yes,11,yes,2001-008T20:05:32.075,1357676185.125,ISSNA,"(""HAL"",""CL2"")",11,yes,212.941,317.003,79.47407,no,0,no,blocked,missing_documented_iss_camera_model|missing_local_spice_kernels
2001-01-08,N1357676794,co-iss-n1357676794,yes,yes,yes,1024,1024,yes,11,yes,2001-008T20:14:35.095,1357676762.131,ISSNA,"(""HAL"",""CL2"")",11,yes,218.393,322.474,79.49807,no,0,no,blocked,missing_documented_iss_camera_model|missing_local_spice_kernels
2001-01-08,N1357678816,co-iss-n1357678816,yes,yes,yes,1024,1024,yes,11,yes,2001-008T20:47:59.050,1357678748.123,ISSNA,"(""HAL"",""CL2"")",11,yes,238.509,342.662,79.58673,no,0,no,blocked,missing_documented_iss_camera_model|missing_local_spice_kernels
2001-01-08,N1357678985,co-iss-n1357678985,yes,yes,yes,1024,1024,yes,11,yes,2001-008T20:50:32.056,1357678885.125,ISSNA,"(""HAL"",""CL2"")",11,yes,240.045,344.204,79.5935,no,0,no,blocked,missing_documented_iss_camera_model|missing_local_spice_kernels
2001-01-08,N1357682416,co-iss-n1357682416,yes,yes,yes,1024,1024,yes,11,yes,2001-008T21:47:59.025,1357682348.123,ISSNA,"(""HAL"",""CL2"")",11,yes,274.648,18.93,79.74628,no,0,no,blocked,missing_documented_iss_camera_model|missing_local_spice_kernels
2001-01-08,N1357682585,co-iss-n1357682585,yes,yes,yes,1024,1024,yes,11,yes,2001-008T21:50:32.031,1357682485.125,ISSNA,"(""HAL"",""CL2"")",11,yes,276.184,20.471,79.75307,no,0,no,blocked,missing_documented_iss_camera_model|missing_local_spice_kernels
2001-01-08,N1357683094,co-iss-n1357683094,yes,yes,yes,1024,1024,yes,11,yes,2001-008T21:59:35.051,1357683062.131,ISSNA,"(""HAL"",""CL2"")",11,yes,281.635,25.942,79.77717,no,0,no,blocked,missing_documented_iss_camera_model|missing_local_spice_kernels
2001-01-08,N1357685116,co-iss-n1357685116,yes,yes,yes,1024,1024,yes,11,yes,2001-008T22:32:59.006,1357685048.123,ISSNA,"(""HAL"",""CL2"")",11,yes,301.752,46.13,79.86619,no,0,no,blocked,missing_documented_iss_camera_model|missing_local_spice_kernels
2001-01-08,N1357685285,co-iss-n1357685285,yes,yes,yes,1024,1024,yes,11,yes,2001-008T22:35:32.013,1357685185.125,ISSNA,"(""HAL"",""CL2"")",11,yes,303.288,47.672,79.87299,no,0,no,blocked,missing_documented_iss_camera_model|missing_local_spice_kernels
2001-01-08,N1357685794,co-iss-n1357685794,yes,yes,yes,1024,1024,yes,11,yes,2001-008T22:44:35.032,1357685762.131,ISSNA,"(""HAL"",""CL2"")",11,yes,308.739,53.142,79.89713,no,0,no,blocked,missing_documented_iss_camera_model|missing_local_spice_kernels
2001-01-08,N1357687816,co-iss-n1357687816,yes,yes,yes,1024,1024,yes,11,yes,2001-008T23:17:58.987,1357687748.123,ISSNA,"(""HAL"",""CL2"")",11,yes,328.857,73.331,79.9863,no,0,no,blocked,missing_documented_iss_camera_model|missing_local_spice_kernels
2001-01-08,N1357687985,co-iss-n1357687985,yes,yes,yes,1024,1024,yes,11,yes,2001-008T23:20:31.994,1357687885.125,ISSNA,"(""HAL"",""CL2"")",11,yes,330.393,74.872,79.99311,no,0,no,blocked,missing_documented_iss_camera_model|missing_local_spice_kernels
2001-01-09,N1357691416,co-iss-n1357691416,yes,yes,yes,1024,1024,yes,11,yes,2001-009T00:17:58.962,1357691348.123,ISSNA,"(""HAL"",""CL2"")",11,yes,4.997,109.598,80.14677,no,0,no,blocked,missing_documented_iss_camera_model|missing_local_spice_kernels
2001-01-09,N1357691585,co-iss-n1357691585,yes,yes,yes,1024,1024,yes,11,yes,2001-009T00:20:31.969,1357691485.125,ISSNA,"(""HAL"",""CL2"")",11,yes,6.533,111.14,80.15359,no,0,no,blocked,missing_documented_iss_camera_model|missing_local_spice_kernels
2001-01-09,N1357763608,co-iss-n1357763608,yes,yes,yes,1024,1024,yes,11,yes,2001-009T20:21:10.443,1357763540.118,ISSNA,"(""HAL"",""CL2"")",11,yes,9.831,116.882,83.43853,no,0,no,blocked,missing_documented_iss_camera_model|missing_local_spice_kernels
2001-01-09,N1357763998,co-iss-n1357763998,yes,yes,yes,1024,1024,yes,11,yes,2001-009T20:27:40.440,1357763930.118,ISSNA,"(""HAL"",""CL2"")",11,yes,13.747,120.811,83.45668,no,0,no,blocked,missing_documented_iss_camera_model|missing_local_spice_kernels
2001-01-09,N1357764358,co-iss-n1357764358,yes,yes,yes,1024,1024,yes,11,yes,2001-009T20:33:40.438,1357764290.118,ISSNA,"(""HAL"",""CL2"")",11,yes,17.362,124.438,83.47343,no,0,no,blocked,missing_documented_iss_camera_model|missing_local_spice_kernels
2001-01-09,N1357768080,co-iss-n1357768080,yes,yes,yes,1024,1024,yes,11,yes,2001-009T21:35:42.412,1357768012.118,ISSNA,"(""HAL"",""CL2"")",11,yes,54.738,161.934,83.64686,no,0,no,blocked,missing_documented_iss_camera_model|missing_local_spice_kernels
2001-01-09,N1357768470,co-iss-n1357768470,yes,yes,yes,1024,1024,yes,11,yes,2001-009T21:42:12.409,1357768402.118,ISSNA,"(""HAL"",""CL2"")",11,yes,58.654,165.863,83.66505,no,0,no,blocked,missing_documented_iss_camera_model|missing_local_spice_kernels
2001-01-09,N1357768830,co-iss-n1357768830,yes,yes,yes,1024,1024,yes,11,yes,2001-009T21:48:12.407,1357768762.118,ISSNA,"(""HAL"",""CL2"")",11,yes,62.269,169.49,83.68185,no,0,no,blocked,missing_documented_iss_camera_model|missing_local_spice_kernels
2001-01-09,N1357772552,co-iss-n1357772552,yes,yes,yes,1024,1024,yes,11,yes,2001-009T22:50:14.381,1357772484.118,ISSNA,"(""HAL"",""CL2"")",11,yes,99.646,206.987,83.85569,no,0,no,blocked,missing_documented_iss_camera_model|missing_local_spice_kernels
2001-01-09,N1357772942,co-iss-n1357772942,yes,yes,yes,1024,1024,yes,11,yes,2001-009T22:56:44.378,1357772874.118,ISSNA,"(""HAL"",""CL2"")",11,yes,103.562,210.916,83.87392,no,0,no,blocked,missing_documented_iss_camera_model|missing_local_spice_kernels
2001-01-09,N1357773302,co-iss-n1357773302,yes,yes,yes,1024,1024,yes,11,yes,2001-009T23:02:44.376,1357773234.118,ISSNA,"(""HAL"",""CL2"")",11,yes,107.177,214.542,83.89076,no,0,no,blocked,missing_documented_iss_camera_model|missing_local_spice_kernels
2001-01-10,N1357777024,co-iss-n1357777024,yes,yes,yes,1024,1024,yes,11,yes,2001-010T00:04:46.350,1357776956.118,ISSNA,"(""HAL"",""CL2"")",11,yes,144.554,252.039,84.065,no,0,no,blocked,missing_documented_iss_camera_model|missing_local_spice_kernels
2001-01-10,N1357777414,co-iss-n1357777414,yes,yes,yes,1024,1024,yes,11,yes,2001-010T00:11:16.347,1357777346.118,ISSNA,"(""HAL"",""CL2"")",11,yes,148.471,255.968,84.08328,no,0,no,blocked,missing_documented_iss_camera_model|missing_local_spice_kernels
2001-01-10,N1357777774,co-iss-n1357777774,yes,yes,yes,1024,1024,yes,11,yes,2001-010T00:17:16.345,1357777706.118,ISSNA,"(""HAL"",""CL2"")",11,yes,152.086,259.595,84.10015,no,0,no,blocked,missing_documented_iss_camera_model|missing_local_spice_kernels
2001-01-10,N1357781496,co-iss-n1357781496,yes,yes,yes,1024,1024,yes,11,yes,2001-010T01:19:18.319,1357781428.118,ISSNA,"(""HAL"",""CL2"")",11,yes,189.464,297.091,84.27479,no,0,no,blocked,missing_documented_iss_camera_model|missing_local_spice_kernels
2001-01-10,N1357781886,co-iss-n1357781886,yes,yes,yes,1024,1024,yes,11,yes,2001-010T01:25:48.316,1357781818.118,ISSNA,"(""HAL"",""CL2"")",11,yes,193.38,301.02,84.29311,no,0,no,blocked,missing_documented_iss_camera_model|missing_local_spice_kernels
2001-01-10,N1357782246,co-iss-n1357782246,yes,yes,yes,1024,1024,yes,11,yes,2001-010T01:31:48.314,1357782178.118,ISSNA,"(""HAL"",""CL2"")",11,yes,196.995,304.647,84.31002,no,0,no,blocked,missing_documented_iss_camera_model|missing_local_spice_kernels
2001-01-10,N1357785968,co-iss-n1357785968,yes,yes,yes,1024,1024,yes,11,yes,2001-010T02:33:50.288,1357785900.118,ISSNA,"(""HAL"",""CL2"")",11,yes,234.374,342.143,84.48506,no,0,no,blocked,missing_documented_iss_camera_model|missing_local_spice_kernels
2001-01-10,N1357786358,co-iss-n1357786358,yes,yes,yes,1024,1024,yes,11,yes,2001-010T02:40:20.285,1357786290.118,ISSNA,"(""HAL"",""CL2"")",11,yes,238.29,346.072,84.50342,no,0,no,blocked,missing_documented_iss_camera_model|missing_local_spice_kernels
2001-01-10,N1357786718,co-iss-n1357786718,yes,yes,yes,1024,1024,yes,11,yes,2001-010T02:46:20.283,1357786650.118,ISSNA,"(""HAL"",""CL2"")",11,yes,241.905,349.699,84.52037,no,0,no,blocked,missing_documented_iss_camera_model|missing_local_spice_kernels
2001-01-10,N1357790440,co-iss-n1357790440,yes,yes,yes,1024,1024,yes,11,yes,2001-010T03:48:22.257,1357790372.118,ISSNA,"(""HAL"",""CL2"")",11,yes,279.284,27.196,84.6958,no,0,no,blocked,missing_documented_iss_camera_model|missing_local_spice_kernels
2001-01-10,N1357790830,co-iss-n1357790830,yes,yes,yes,1024,1024,yes,11,yes,2001-010T03:54:52.254,1357790762.118,ISSNA,"(""HAL"",""CL2"")",11,yes,283.201,31.125,84.7142,no,0,no,blocked,missing_documented_iss_camera_model|missing_local_spice_kernels
2001-01-10,N1357791190,co-iss-n1357791190,yes,yes,yes,1024,1024,yes,11,yes,2001-010T04:00:52.252,1357791122.118,ISSNA,"(""HAL"",""CL2"")",11,yes,286.816,34.751,84.73119,no,0,no,blocked,missing_documented_iss_camera_model|missing_local_spice_kernels
2001-01-10,N1357797164,co-iss-n1357797164,yes,yes,yes,1024,1024,yes,11,yes,2001-010T05:40:26.210,1357797096.118,ISSNA,"(""HAL"",""CL2"")",11,yes,346.812,94.935,85.01354,no,0,no,blocked,missing_documented_iss_camera_model|missing_local_spice_kernels
2001-01-10,N1357797554,co-iss-n1357797554,yes,yes,yes,1024,1024,yes,11,yes,2001-010T05:46:56.208,1357797486.118,ISSNA,"(""HAL"",""CL2"")",11,yes,350.729,98.864,85.03201,no,0,no,blocked,missing_documented_iss_camera_model|missing_local_spice_kernels
2001-01-10,N1357797914,co-iss-n1357797914,yes,yes,yes,1024,1024,yes,11,yes,2001-010T05:52:56.205,1357797846.118,ISSNA,"(""HAL"",""CL2"")",11,yes,354.345,102.491,85.04905,no,0,no,blocked,missing_documented_iss_camera_model|missing_local_spice_kernels
2001-01-10,N1357801636,co-iss-n1357801636,yes,yes,yes,1024,1024,yes,11,yes,2001-010T06:54:58.179,1357801568.118,ISSNA,"(""HAL"",""CL2"")",11,yes,31.725,139.987,85.22545,no,0,no,blocked,missing_documented_iss_camera_model|missing_local_spice_kernels
2001-01-10,N1357802026,co-iss-n1357802026,yes,yes,yes,1024,1024,yes,11,yes,2001-010T07:01:28.177,1357801958.118,ISSNA,"(""HAL"",""CL2"")",11,yes,35.642,143.916,85.24395,no,0,no,blocked,missing_documented_iss_camera_model|missing_local_spice_kernels
2001-01-10,N1357802386,co-iss-n1357802386,yes,yes,yes,1024,1024,yes,11,yes,2001-010T07:07:28.174,1357802318.118,ISSNA,"(""HAL"",""CL2"")",11,yes,39.257,147.543,85.26103,no,0,no,blocked,missing_documented_iss_camera_model|missing_local_spice_kernels
2001-01-10,N1357806108,co-iss-n1357806108,yes,yes,yes,1024,1024,yes,11,yes,2001-010T08:09:30.148,1357806040.118,ISSNA,"(""HAL"",""CL2"")",11,yes,76.638,185.04,85.43781,no,0,no,blocked,missing_documented_iss_camera_model|missing_local_spice_kernels
2001-01-10,N1357806498,co-iss-n1357806498,yes,yes,yes,1024,1024,yes,11,yes,2001-010T08:16:00.146,1357806430.118,ISSNA,"(""HAL"",""CL2"")",11,yes,80.555,188.969,85.45635,no,0,no,blocked,missing_documented_iss_camera_model|missing_local_spice_kernels
2001-01-10,N1357806858,co-iss-n1357806858,yes,yes,yes,1024,1024,yes,11,yes,2001-010T08:22:00.143,1357806790.118,ISSNA,"(""HAL"",""CL2"")",11,yes,84.171,192.595,85.47347,no,0,no,blocked,missing_documented_iss_camera_model|missing_local_spice_kernels
2001-01-10,N1357810580,co-iss-n1357810580,yes,yes,yes,1024,1024,yes,11,yes,2001-010T09:24:02.118,1357810512.118,ISSNA,"(""HAL"",""CL2"")",11,yes,121.552,230.092,85.65063,no,0,no,blocked,missing_documented_iss_camera_model|missing_local_spice_kernels
2001-01-10,N1357810970,co-iss-n1357810970,yes,yes,yes,1024,1024,yes,11,yes,2001-010T09:30:32.115,1357810902.118,ISSNA,"(""HAL"",""CL2"")",11,yes,125.469,234.021,85.66921,no,0,no,blocked,missing_documented_iss_camera_model|missing_local_spice_kernels
2001-01-10,N1357811330,co-iss-n1357811330,yes,yes,yes,1024,1024,yes,11,yes,2001-010T09:36:32.112,1357811262.118,ISSNA,"(""HAL"",""CL2"")",11,yes,129.085,237.648,85.68636,no,0,no,blocked,missing_documented_iss_camera_model|missing_local_spice_kernels
2001-01-10,N1357862637,co-iss-n1357862637,yes,yes,yes,1024,1024,yes,11,yes,2001-010T23:51:38.757,1357862569.118,ISSNA,"(""HAL"",""CL2"")",11,yes,284.43,34.529,88.1602,no,0,no,blocked,missing_documented_iss_camera_model|missing_local_spice_kernels
2001-01-10,N1357863027,co-iss-n1357863027,yes,yes,yes,1024,1024,yes,11,yes,2001-010T23:58:08.754,1357862959.118,ISSNA,"(""HAL"",""CL2"")",11,yes,288.348,38.458,88.17922,no,0,no,blocked,missing_documented_iss_camera_model|missing_local_spice_kernels
2001-01-11,N1357863387,co-iss-n1357863387,yes,yes,yes,1024,1024,yes,11,yes,2001-011T00:04:08.752,1357863319.118,ISSNA,"(""HAL"",""CL2"")",11,yes,291.964,42.085,88.19678,no,0,no,blocked,missing_documented_iss_camera_model|missing_local_spice_kernels
2001-01-11,N1357867109,co-iss-n1357867109,yes,yes,yes,1024,1024,yes,11,yes,2001-011T01:06:10.726,1357867041.118,ISSNA,"(""HAL"",""CL2"")",11,yes,329.353,79.581,88.37847,no,0,no,blocked,missing_documented_iss_camera_model|missing_local_spice_kernels
2001-01-11,N1357867499,co-iss-n1357867499,yes,yes,yes,1024,1024,yes,11,yes,2001-011T01:12:40.723,1357867431.118,ISSNA,"(""HAL"",""CL2"")",11,yes,333.271,83.51,88.39753,no,0,no,blocked,missing_documented_iss_camera_model|missing_local_spice_kernels
2001-01-11,N1357867859,co-iss-n1357867859,yes,yes,yes,1024,1024,yes,11,yes,2001-011T01:18:40.721,1357867791.118,ISSNA,"(""HAL"",""CL2"")",11,yes,336.887,87.137,88.41512,no,0,no,blocked,missing_documented_iss_camera_model|missing_local_spice_kernels
2001-01-11,N1357871581,co-iss-n1357871581,yes,yes,yes,1024,1024,yes,11,yes,2001-011T02:20:42.695,1357871513.118,ISSNA,"(""HAL"",""CL2"")",11,yes,14.276,124.633,88.59716,no,0,no,blocked,missing_documented_iss_camera_model|missing_local_spice_kernels
2001-01-11,N1357871971,co-iss-n1357871971,yes,yes,yes,1024,1024,yes,11,yes,2001-011T02:27:12.692,1357871903.118,ISSNA,"(""HAL"",""CL2"")",11,yes,18.194,128.562,88.61625,no,0,no,blocked,missing_documented_iss_camera_model|missing_local_spice_kernels
2001-01-11,N1357872331,co-iss-n1357872331,yes,yes,yes,1024,1024,yes,11,yes,2001-011T02:33:12.690,1357872263.118,ISSNA,"(""HAL"",""CL2"")",11,yes,21.81,132.189,88.63388,no,0,no,blocked,missing_documented_iss_camera_model|missing_local_spice_kernels
2001-01-11,N1357876053,co-iss-n1357876053,yes,yes,yes,1024,1024,yes,11,yes,2001-011T03:35:14.664,1357875985.118,ISSNA,"(""HAL"",""CL2"")",11,yes,59.2,169.686,88.81626,no,0,no,blocked,missing_documented_iss_camera_model|missing_local_spice_kernels
2001-01-11,N1357876443,co-iss-n1357876443,yes,yes,yes,1024,1024,yes,11,yes,2001-011T03:41:44.661,1357876375.118,ISSNA,"(""HAL"",""CL2"")",11,yes,63.118,173.615,88.83539,no,0,no,blocked,missing_documented_iss_camera_model|missing_local_spice_kernels
2001-01-11,N1357876803,co-iss-n1357876803,yes,yes,yes,1024,1024,yes,11,yes,2001-011T03:47:44.659,1357876735.118,ISSNA,"(""HAL"",""CL2"")",11,yes,66.734,177.241,88.85305,no,0,no,blocked,missing_documented_iss_camera_model|missing_local_spice_kernels
2001-01-11,N1357880525,co-iss-n1357880525,yes,yes,yes,1024,1024,yes,11,yes,2001-011T04:49:46.633,1357880457.118,ISSNA,"(""HAL"",""CL2"")",11,yes,104.125,214.738,89.03577,no,0,no,blocked,missing_documented_iss_camera_model|missing_local_spice_kernels
2001-01-11,N1357880915,co-iss-n1357880915,yes,yes,yes,1024,1024,yes,11,yes,2001-011T04:56:16.630,1357880847.118,ISSNA,"(""HAL"",""CL2"")",11,yes,108.043,218.667,89.05493,no,0,no,blocked,missing_documented_iss_camera_model|missing_local_spice_kernels
2001-01-11,N1357881275,co-iss-n1357881275,yes,yes,yes,1024,1024,yes,11,yes,2001-011T05:02:16.628,1357881207.118,ISSNA,"(""HAL"",""CL2"")",11,yes,111.659,222.293,89.07262,no,0,no,blocked,missing_documented_iss_camera_model|missing_local_spice_kernels
2001-01-11,N1357884997,co-iss-n1357884997,yes,yes,yes,1024,1024,yes,11,yes,2001-011T06:04:18.602,1357884929.118,ISSNA,"(""HAL"",""CL2"")",11,yes,149.05,259.79,89.25568,no,0,no,blocked,missing_documented_iss_camera_model|missing_local_spice_kernels
2001-01-11,N1357885387,co-iss-n1357885387,yes,yes,yes,1024,1024,yes,11,yes,2001-011T06:10:48.599,1357885319.118,ISSNA,"(""HAL"",""CL2"")",11,yes,152.968,263.719,89.27488,no,0,no,blocked,missing_documented_iss_camera_model|missing_local_spice_kernels
2001-01-11,N1357885747,co-iss-n1357885747,yes,yes,yes,1024,1024,yes,11,yes,2001-011T06:16:48.597,1357885679.118,ISSNA,"(""HAL"",""CL2"")",11,yes,156.584,267.346,89.2926,no,0,no,blocked,missing_documented_iss_camera_model|missing_local_spice_kernels
2001-01-11,N1357889469,co-iss-n1357889469,yes,yes,yes,1024,1024,yes,11,yes,2001-011T07:18:50.571,1357889401.118,ISSNA,"(""HAL"",""CL2"")",11,yes,193.976,304.842,89.476,no,0,no,blocked,missing_documented_iss_camera_model|missing_local_spice_kernels
2001-01-11,N1357889859,co-iss-n1357889859,yes,yes,yes,1024,1024,yes,11,yes,2001-011T07:25:20.569,1357889791.118,ISSNA,"(""HAL"",""CL2"")",11,yes,197.894,308.771,89.49523,no,0,no,blocked,missing_documented_iss_camera_model|missing_local_spice_kernels
2001-01-11,N1357890219,co-iss-n1357890219,yes,yes,yes,1024,1024,yes,11,yes,2001-011T07:31:20.566,1357890151.118,ISSNA,"(""HAL"",""CL2"")",11,yes,201.51,312.398,89.51299,no,0,no,blocked,missing_documented_iss_camera_model|missing_local_spice_kernels
2001-01-11,N1357893941,co-iss-n1357893941,yes,yes,yes,1024,1024,yes,11,yes,2001-011T08:33:22.540,1357893873.118,ISSNA,"(""HAL"",""CL2"")",11,yes,238.902,349.894,89.69671,no,0,no,blocked,missing_documented_iss_camera_model|missing_local_spice_kernels
2001-01-11,N1357894331,co-iss-n1357894331,yes,yes,yes,1024,1024,yes,11,yes,2001-011T08:39:52.538,1357894263.118,ISSNA,"(""HAL"",""CL2"")",11,yes,242.82,353.823,89.71598,no,0,no,blocked,missing_documented_iss_camera_model|missing_local_spice_kernels
2001-01-11,N1357894691,co-iss-n1357894691,yes,yes,yes,1024,1024,yes,11,yes,2001-011T08:45:52.535,1357894623.118,ISSNA,"(""HAL"",""CL2"")",11,yes,246.437,357.45,89.73377,no,0,no,blocked,missing_documented_iss_camera_model|missing_local_spice_kernels
2001-01-11,N1357900665,co-iss-n1357900665,yes,yes,yes,1024,1024,yes,11,yes,2001-011T10:25:26.494,1357900597.118,ISSNA,"(""HAL"",""CL2"")",11,yes,306.454,57.634,90.02933,no,0,no,blocked,missing_documented_iss_camera_model|missing_local_spice_kernels
2001-01-11,N1357901055,co-iss-n1357901055,yes,yes,yes,1024,1024,yes,11,yes,2001-011T10:31:56.491,1357900987.118,ISSNA,"(""HAL"",""CL2"")",11,yes,310.372,61.563,90.04864,no,0,no,blocked,missing_documented_iss_camera_model|missing_local_spice_kernels
2001-01-11,N1357901415,co-iss-n1357901415,yes,yes,yes,1024,1024,yes,11,yes,2001-011T10:37:56.488,1357901347.118,ISSNA,"(""HAL"",""CL2"")",11,yes,313.989,65.19,90.06648,no,0,no,blocked,missing_documented_iss_camera_model|missing_local_spice_kernels
2001-01-11,N1357905137,co-iss-n1357905137,yes,yes,yes,1024,1024,yes,11,yes,2001-011T11:39:58.463,1357905069.118,ISSNA,"(""HAL"",""CL2"")",11,yes,351.382,102.686,90.25103,no,0,no,blocked,missing_documented_iss_camera_model|missing_local_spice_kernels
2001-01-11,N1357905527,co-iss-n1357905527,yes,yes,yes,1024,1024,yes,11,yes,2001-011T11:46:28.460,1357905459.118,ISSNA,"(""HAL"",""CL2"")",11,yes,355.3,106.615,90.27038,no,0,no,blocked,missing_documented_iss_camera_model|missing_local_spice_kernels
2001-01-11,N1357905887,co-iss-n1357905887,yes,yes,yes,1024,1024,yes,11,yes,2001-011T11:52:28.458,1357905819.118,ISSNA,"(""HAL"",""CL2"")",11,yes,358.917,110.242,90.28825,no,0,no,blocked,missing_documented_iss_camera_model|missing_local_spice_kernels
2001-01-11,N1357909609,co-iss-n1357909609,yes,yes,yes,1024,1024,yes,11,yes,2001-011T12:54:30.432,1357909541.118,ISSNA,"(""HAL"",""CL2"")",11,yes,36.311,147.738,90.47312,no,0,no,blocked,missing_documented_iss_camera_model|missing_local_spice_kernels
2001-01-11,N1357909999,co-iss-n1357909999,yes,yes,yes,1024,1024,yes,11,yes,2001-011T13:01:00.429,1357909931.118,ISSNA,"(""HAL"",""CL2"")",11,yes,40.229,151.667,90.49251,no,0,no,blocked,missing_documented_iss_camera_model|missing_local_spice_kernels
2001-01-11,N1357910359,co-iss-n1357910359,yes,yes,yes,1024,1024,yes,11,yes,2001-011T13:07:00.427,1357910291.118,ISSNA,"(""HAL"",""CL2"")",11,yes,43.846,155.294,90.51041,no,0,no,blocked,missing_documented_iss_camera_model|missing_local_spice_kernels
2001-01-13,N1358061096,co-iss-n1358061096,yes,yes,yes,1024,1024,yes,11,yes,2001-013T06:59:34.433,1358061064.131,ISSNA,"(""HAL"",""CL2"")",11,yes,118.778,234.041,98.20517,no,0,no,blocked,missing_documented_iss_camera_model|missing_local_spice_kernels
2001-01-13,N1358063118,co-iss-n1358063118,yes,yes,yes,1024,1024,yes,11,yes,2001-013T07:32:58.388,1358063050.123,ISSNA,"(""HAL"",""CL2"")",11,yes,138.92,254.23,98.30992,no,0,no,blocked,missing_documented_iss_camera_model|missing_local_spice_kernels
2001-01-13,N1358063287,co-iss-n1358063287,yes,yes,yes,1024,1024,yes,11,yes,2001-013T07:35:31.395,1358063187.125,ISSNA,"(""HAL"",""CL2"")",11,yes,140.458,255.771,98.31792,no,0,no,blocked,missing_documented_iss_camera_model|missing_local_spice_kernels
2001-01-13,N1358063796,co-iss-n1358063796,yes,yes,yes,1024,1024,yes,11,yes,2001-013T07:44:34.415,1358063764.131,ISSNA,"(""HAL"",""CL2"")",11,yes,145.916,261.242,98.34631,no,0,no,blocked,missing_documented_iss_camera_model|missing_local_spice_kernels
2001-01-13,N1358065818,co-iss-n1358065818,yes,yes,yes,1024,1024,yes,11,yes,2001-013T08:17:58.370,1358065750.123,ISSNA,"(""HAL"",""CL2"")",11,yes,166.058,281.43,98.45115,no,0,no,blocked,missing_documented_iss_camera_model|missing_local_spice_kernels
2001-01-13,N1358065987,co-iss-n1358065987,yes,yes,yes,1024,1024,yes,11,yes,2001-013T08:20:31.376,1358065887.125,ISSNA,"(""HAL"",""CL2"")",11,yes,167.596,282.972,98.45915,no,0,no,blocked,missing_documented_iss_camera_model|missing_local_spice_kernels
2001-01-13,N1358069418,co-iss-n1358069418,yes,yes,yes,1024,1024,yes,11,yes,2001-013T09:17:58.345,1358069350.123,ISSNA,"(""HAL"",""CL2"")",11,yes,202.243,317.698,98.63962,no,0,no,blocked,missing_documented_iss_camera_model|missing_local_spice_kernels
2001-01-13,N1358069587,co-iss-n1358069587,yes,yes,yes,1024,1024,yes,11,yes,2001-013T09:20:31.351,1358069487.125,ISSNA,"(""HAL"",""CL2"")",11,yes,203.781,319.239,98.64763,no,0,no,blocked,missing_documented_iss_camera_model|missing_local_spice_kernels
2001-01-13,N1358099796,co-iss-n1358099796,yes,yes,yes,1024,1024,yes,11,yes,2001-013T17:44:34.165,1358099764.131,ISSNA,"(""HAL"",""CL2"")",11,yes,147.772,263.915,100.23837,no,0,no,blocked,missing_documented_iss_camera_model|missing_local_spice_kernels
2001-01-13,N1358101818,co-iss-n1358101818,yes,yes,yes,1024,1024,yes,11,yes,2001-013T18:17:58.120,1358101750.123,ISSNA,"(""HAL"",""CL2"")",11,yes,167.916,284.104,100.34423,no,0,no,blocked,missing_documented_iss_camera_model|missing_local_spice_kernels
2001-01-13,N1358101987,co-iss-n1358101987,yes,yes,yes,1024,1024,yes,11,yes,2001-013T18:20:31.127,1358101887.125,ISSNA,"(""HAL"",""CL2"")",11,yes,169.454,285.645,100.35232,no,0,no,blocked,missing_documented_iss_camera_model|missing_local_spice_kernels
2001-01-13,N1358105418,co-iss-n1358105418,yes,yes,yes,1024,1024,yes,11,yes,2001-013T19:17:58.095,1358105350.123,ISSNA,"(""HAL"",""CL2"")",11,yes,204.104,320.371,100.53454,no,0,no,blocked,missing_documented_iss_camera_model|missing_local_spice_kernels
2001-01-13,N1358105587,co-iss-n1358105587,yes,yes,yes,1024,1024,yes,11,yes,2001-013T19:20:31.102,1358105487.125,ISSNA,"(""HAL"",""CL2"")",11,yes,205.642,321.912,100.54263,no,0,no,blocked,missing_documented_iss_camera_model|missing_local_spice_kernels
2001-01-13,N1358106096,co-iss-n1358106096,yes,yes,yes,1024,1024,yes,11,yes,2001-013T19:29:34.122,1358106064.131,ISSNA,"(""HAL"",""CL2"")",11,yes,211.1,327.383,100.57135,no,0,no,blocked,missing_documented_iss_camera_model|missing_local_spice_kernels
2001-01-13,N1358108118,co-iss-n1358108118,yes,yes,yes,1024,1024,yes,11,yes,2001-013T20:02:58.077,1358108050.123,ISSNA,"(""HAL"",""CL2"")",11,yes,231.245,347.571,100.67738,no,0,no,blocked,missing_documented_iss_camera_model|missing_local_spice_kernels
2001-01-13,N1358108287,co-iss-n1358108287,yes,yes,yes,1024,1024,yes,11,yes,2001-013T20:05:31.083,1358108187.125,ISSNA,"(""HAL"",""CL2"")",11,yes,232.783,349.113,100.68548,no,0,no,blocked,missing_documented_iss_camera_model|missing_local_spice_kernels
2001-01-13,N1358108796,co-iss-n1358108796,yes,yes,yes,1024,1024,yes,11,yes,2001-013T20:14:34.103,1358108764.131,ISSNA,"(""HAL"",""CL2"")",11,yes,238.241,354.583,100.71422,no,0,no,blocked,missing_documented_iss_camera_model|missing_local_spice_kernels
2001-01-13,N1358110818,co-iss-n1358110818,yes,yes,yes,1024,1024,yes,11,yes,2001-013T20:47:58.058,1358110750.123,ISSNA,"(""HAL"",""CL2"")",11,yes,258.386,14.772,100.82032,no,0,no,blocked,missing_documented_iss_camera_model|missing_local_spice_kernels
2001-01-13,N1358110987,co-iss-n1358110987,yes,yes,yes,1024,1024,yes,11,yes,2001-013T20:50:31.065,1358110887.125,ISSNA,"(""HAL"",""CL2"")",11,yes,259.924,16.313,100.82843,no,0,no,blocked,missing_documented_iss_camera_model|missing_local_spice_kernels
2001-01-13,N1358114418,co-iss-n1358114418,yes,yes,yes,1024,1024,yes,11,yes,2001-013T21:47:58.033,1358114350.123,ISSNA,"(""HAL"",""CL2"")",11,yes,294.574,51.039,101.01106,no,0,no,blocked,missing_documented_iss_camera_model|missing_local_spice_kernels
2001-01-13,N1358114587,co-iss-n1358114587,yes,yes,yes,1024,1024,yes,11,yes,2001-013T21:50:31.040,1358114487.125,ISSNA,"(""HAL"",""CL2"")",11,yes,296.112,52.581,101.01918,no,0,no,blocked,missing_documented_iss_camera_model|missing_local_spice_kernels
2001-01-13,N1358115096,co-iss-n1358115096,yes,yes,yes,1024,1024,yes,11,yes,2001-013T21:59:34.060,1358115064.131,ISSNA,"(""HAL"",""CL2"")",11,yes,301.571,58.051,101.04796,no,0,no,blocked,missing_documented_iss_camera_model|missing_local_spice_kernels
2001-01-13,N1358117118,co-iss-n1358117118,yes,yes,yes,1024,1024,yes,11,yes,2001-013T22:32:58.014,1358117050.123,ISSNA,"(""HAL"",""CL2"")",11,yes,321.715,78.24,101.15423,no,0,no,blocked,missing_documented_iss_camera_model|missing_local_spice_kernels
2001-01-13,N1358117287,co-iss-n1358117287,yes,yes,yes,1024,1024,yes,11,yes,2001-013T22:35:31.021,1358117187.125,ISSNA,"(""HAL"",""CL2"")",11,yes,323.253,79.781,101.16235,no,0,no,blocked,missing_documented_iss_camera_model|missing_local_spice_kernels
2001-01-13,N1358117796,co-iss-n1358117796,yes,yes,yes,1024,1024,yes,11,yes,2001-013T22:44:34.041,1358117764.131,ISSNA,"(""HAL"",""CL2"")",11,yes,328.712,85.252,101.19116,no,0,no,blocked,missing_documented_iss_camera_model|missing_local_spice_kernels
