review_category,candidate_id,image_id,image_number,run_date,track_id,track_length,x,y,snr,blob_size,artifact_score,artifact_flags,candidate_score,time,review_reason
published_match,1357029177-0148,N1357029177,1357029177,2001-01-01,T0488,2,731.37,212.49,27.55,75,0.00,,0.6277,2001-01-01T08:20:46.529,Nearest detector candidate to published mark; offset 1.54 px.
published_match,1357029177-0219,N1357029177,1357029177,2001-01-01,T0534,1,847.00,402.23,24.75,13,0.00,,0.4360,2001-01-01T08:20:46.529,Nearest detector candidate to published mark; offset 5.32 px.
published_match,1357810970-0228,N1357810970,1357810970,2001-01-10,T0364,1,951.80,333.08,8.14,15,0.00,,0.3364,2001-01-10T09:29:58.115,Nearest detector candidate to published mark; offset 3.18 px.
published_match,1357810970-0239,N1357810970,1357810970,2001-01-10,U022,1,955.53,354.96,7.92,87,0.00,,0.0000,2001-01-10T09:29:58.115,Nearest detector candidate to published mark; offset 2.11 px.
published_match,1357885387-0203,N1357885387,1357885387,2001-01-11,U014,1,776.00,318.00,7.50,1,0.85,single_pixel|too_small,0.0000,2001-01-11T06:10:14.599,Nearest detector candidate to published mark; offset 2.24 px.
published_match,1357885387-0218,N1357885387,1357885387,2001-01-11,U014,1,769.65,339.50,7.06,14,0.00,,0.0000,2001-01-11T06:10:14.599,Nearest detector candidate to published mark; offset 5.56 px.
top_unmatched_temporal_track,1356990399-0202,N1356990399,1356990399,2000-12-31,T0353,3,402.62,656.20,41.20,5,0.00,,0.7672,2000-12-31T21:34:28.797,"3 linked frames; net motion 21.37, -75.84 px."
top_unmatched_temporal_track,1356976983-0161,N1356976983,1356976983,2000-12-31,T0019,3,62.82,480.68,31.42,4,0.00,,0.7556,2000-12-31T17:50:52.890,"3 linked frames; net motion 18.51, -18.89 px."
top_unmatched_temporal_track,1356990399-0080,N1356990399,1356990399,2000-12-31,T0339,3,900.63,316.07,30.93,6,0.00,,0.7438,2000-12-31T21:34:28.797,"3 linked frames; net motion 26.45, 116.02 px."
top_unmatched_temporal_track,1356985927-0141,N1356985927,1356985927,2000-12-31,T0231,3,730.33,432.12,36.45,4,0.00,,0.7429,2000-12-31T20:19:56.828,"3 linked frames; net motion -9.65, -118.41 px."
top_unmatched_temporal_track,1356985927-0245,N1356985927,1356985927,2000-12-31,T0254,3,612.58,709.56,23.17,4,0.00,,0.7424,2000-12-31T20:19:56.828,"3 linked frames; net motion 18.93, 105.22 px."
top_unmatched_temporal_track,1356985927-0162,N1356985927,1356985927,2000-12-31,T0234,3,835.23,498.82,24.92,3,0.00,,0.7383,2000-12-31T20:19:56.828,"3 linked frames; net motion 46.24, -84.31 px."
top_unmatched_temporal_track,1356990399-0013,N1356990399,1356990399,2000-12-31,T0328,3,626.28,57.49,31.06,3,0.00,,0.7344,2000-12-31T21:34:28.797,"3 linked frames; net motion -35.99, 31.64 px."
top_unmatched_temporal_track,1356985927-0123,N1356985927,1356985927,2000-12-31,T0228,3,515.70,403.81,42.51,4,0.00,,0.7323,2000-12-31T20:19:56.828,"3 linked frames; net motion 84.11, -115.97 px."
top_unmatched_temporal_track,1356990399-0030,N1356990399,1356990399,2000-12-31,T0332,3,445.85,114.86,46.63,3,0.00,,0.7305,2000-12-31T21:34:28.797,"3 linked frames; net motion 81.55, -76.74 px."
top_unmatched_temporal_track,1356976983-0147,N1356976983,1356976983,2000-12-31,T0018,3,718.12,439.44,39.54,4,0.00,,0.7305,2000-12-31T17:50:52.890,"3 linked frames; net motion -89.06, -46.94 px."
top_unmatched_temporal_track,1356990399-0193,N1356990399,1356990399,2000-12-31,T0352,3,744.43,625.61,30.54,5,0.00,,0.7268,2000-12-31T21:34:28.797,"3 linked frames; net motion 107.34, -72.44 px."
top_unmatched_temporal_track,1356990399-0086,N1356990399,1356990399,2000-12-31,T0340,3,647.43,332.24,18.02,3,0.00,,0.7190,2000-12-31T21:34:28.797,"3 linked frames; net motion -2.39, 86.79 px."
top_unmatched_temporal_track,1356990399-0056,N1356990399,1356990399,2000-12-31,T0334,3,218.44,234.51,46.05,4,0.00,,0.7166,2000-12-31T21:34:28.797,"3 linked frames; net motion 62.29, -58.06 px."
top_unmatched_temporal_track,1356985927-0197,N1356985927,1356985927,2000-12-31,T0244,3,116.23,575.74,47.55,5,0.00,,0.7160,2000-12-31T20:19:56.828,"3 linked frames; net motion -8.10, -56.17 px."
top_unmatched_temporal_track,1356985927-0308,N1356985927,1356985927,2000-12-31,T0264,3,922.55,771.33,16.06,3,0.00,,0.7097,2000-12-31T20:19:56.828,"3 linked frames; net motion -33.27, 44.29 px."
top_unmatched_temporal_track,1356990399-0348,N1356990399,1356990399,2000-12-31,T0366,3,734.98,945.68,8.34,3,0.00,,0.7089,2000-12-31T21:34:28.797,"3 linked frames; net motion -2.84, -36.77 px."
top_unmatched_temporal_track,1356990399-0263,N1356990399,1356990399,2000-12-31,T0359,3,382.48,864.12,43.14,3,0.00,,0.7018,2000-12-31T21:34:28.797,"3 linked frames; net motion 40.61, 76.42 px."
top_unmatched_temporal_track,1356990399-0279,N1356990399,1356990399,2000-12-31,T0362,3,859.48,919.10,16.78,6,0.00,,0.6985,2000-12-31T21:34:28.797,"3 linked frames; net motion -37.93, -78.01 px."
top_unmatched_temporal_track,1356981455-0275,N1356981455,1356981455,2000-12-31,T0155,3,343.62,791.13,38.33,10,0.00,,0.6962,2000-12-31T19:05:24.859,"3 linked frames; net motion 25.60, -28.53 px."
top_unmatched_temporal_track,1356981455-0109,N1356981455,1356981455,2000-12-31,T0131,3,909.59,321.38,14.01,3,0.00,,0.6950,2000-12-31T19:05:24.859,"3 linked frames; net motion -84.40, -75.89 px."
top_unmatched_temporal_track,1356985927-0012,N1356985927,1356985927,2000-12-31,T0211,3,493.50,54.00,11.67,4,0.15,,0.6917,2000-12-31T20:19:56.828,"3 linked frames; net motion -143.96, -48.50 px."
top_unmatched_temporal_track,1356985927-0189,N1356985927,1356985927,2000-12-31,T0243,3,752.72,567.15,33.22,9,0.00,,0.6904,2000-12-31T20:19:56.828,"3 linked frames; net motion -47.05, -23.84 px."
top_unmatched_temporal_track,1356985927-0173,N1356985927,1356985927,2000-12-31,T0237,3,180.25,527.56,12.51,3,0.00,,0.6868,2000-12-31T20:19:56.828,"3 linked frames; net motion 58.14, -30.68 px."
top_unmatched_temporal_track,1356985927-0354,N1356985927,1356985927,2000-12-31,T0271,3,558.34,822.42,14.54,5,0.00,,0.6866,2000-12-31T20:19:56.828,"3 linked frames; net motion 1.03, -35.46 px."
top_unmatched_temporal_track,1356976983-0402,N1356976983,1356976983,2000-12-31,T0044,3,713.50,944.42,8.78,13,0.00,,0.6862,2000-12-31T17:50:52.890,"3 linked frames; net motion 19.79, -60.08 px."
top_unmatched_temporal_track,1356985927-0074,N1356985927,1356985927,2000-12-31,T0222,3,905.42,252.21,35.64,3,0.00,,0.6822,2000-12-31T20:19:56.828,"3 linked frames; net motion 18.88, -18.89 px."
top_unmatched_temporal_track,1356985927-0055,N1356985927,1356985927,2000-12-31,T0220,3,451.71,196.90,44.99,3,0.00,,0.6815,2000-12-31T20:19:56.828,"3 linked frames; net motion -4.35, -46.68 px."
top_unmatched_temporal_track,1356976983-0095,N1356976983,1356976983,2000-12-31,T0015,3,389.49,311.88,19.69,4,0.00,,0.6753,2000-12-31T17:50:52.890,"3 linked frames; net motion 3.54, 74.61 px."
top_unmatched_temporal_track,1356985927-0198,N1356985927,1356985927,2000-12-31,T0245,3,433.66,575.91,41.70,3,0.00,,0.6735,2000-12-31T20:19:56.828,"3 linked frames; net motion -77.88, -36.40 px."
top_unmatched_temporal_track,1356976983-0286,N1356976983,1356976983,2000-12-31,T0033,3,349.71,798.22,44.32,5,0.00,,0.6687,2000-12-31T17:50:52.890,"3 linked frames; net motion 68.61, -6.47 px."
strong_single_frame_candidate,1357352003-0272,N1357352003,1357352003,2001-01-05,T0114,1,626.87,751.47,564.80,11,0.15,,0.4375,2001-01-05T02:01:10.293,"Bright and reviewable, but not temporally linked yet."
strong_single_frame_candidate,1357811330-0180,N1357811330,1357811330,2001-01-10,T0372,1,637.48,276.04,434.10,9,0.15,,0.4375,2001-01-10T09:35:58.112,"Bright and reviewable, but not temporally linked yet."
strong_single_frame_candidate,1357811330-0399,N1357811330,1357811330,2001-01-10,T0394,1,807.98,614.96,428.93,34,0.00,,0.4375,2001-01-10T09:35:58.112,"Bright and reviewable, but not temporally linked yet."
strong_single_frame_candidate,1358099796-0108,N1358099796,1358099796,2001-01-13,T0814,1,812.74,818.98,371.83,10,0.15,,0.4375,2001-01-13T17:44:18.165,"Bright and reviewable, but not temporally linked yet."
strong_single_frame_candidate,1357658284-0195,N1357658284,1357658284,2001-01-08,T2799,1,713.61,689.45,370.72,16,0.00,,0.4375,2001-01-08T15:04:41.200,"Bright and reviewable, but not temporally linked yet."
strong_single_frame_candidate,1358105418-1483,N1358105418,1358105418,2001-01-13,T1082,1,28.87,888.11,363.68,17,0.00,,0.4375,2001-01-13T19:17:24.095,"Bright and reviewable, but not temporally linked yet."
strong_single_frame_candidate,1357667285-0063,N1357667285,1357667285,2001-01-08,T3460,1,164.06,271.23,363.49,9,0.15,,0.4375,2001-01-08T17:34:42.137,"Bright and reviewable, but not temporally linked yet."
strong_single_frame_candidate,1357646415-0076,N1357646415,1357646415,2001-01-08,T1411,1,689.56,470.36,305.50,8,0.00,,0.4375,2001-01-08T11:47:24.274,"Bright and reviewable, but not temporally linked yet."
strong_single_frame_candidate,1358114587-0079,N1358114587,1358114587,2001-01-13,T1725,1,259.57,429.91,229.84,9,0.15,,0.4375,2001-01-13T21:49:41.040,"Bright and reviewable, but not temporally linked yet."
strong_single_frame_candidate,1357628584-0070,N1357628584,1357628584,2001-01-08,T0108,1,939.70,418.53,223.82,11,0.00,,0.4375,2001-01-08T06:49:41.405,"Bright and reviewable, but not temporally linked yet."
strong_single_frame_candidate,1357352003-0194,N1357352003,1357352003,2001-01-05,T0102,1,380.15,543.48,164.61,8,0.00,,0.4375,2001-01-05T02:01:10.293,"Bright and reviewable, but not temporally linked yet."
strong_single_frame_candidate,1357637415-0069,N1357637415,1357637415,2001-01-08,T0712,1,95.74,471.57,284.94,7,0.00,,0.4125,2001-01-08T09:17:24.336,"Bright and reviewable, but not temporally linked yet."
strong_single_frame_candidate,1357665093-0016,N1357665093,1357665093,2001-01-08,T3039,1,807.46,164.30,395.79,6,0.00,,0.3875,2001-01-08T16:59:18.176,"Bright and reviewable, but not temporally linked yet."
strong_single_frame_candidate,1357685285-0112,N1357685285,1357685285,2001-01-08,T4953,1,474.82,382.50,379.47,6,0.00,,0.3875,2001-01-08T22:34:42.013,"Bright and reviewable, but not temporally linked yet."
strong_single_frame_candidate,1357682416-0008,N1357682416,1357682416,2001-01-08,T4326,1,428.07,73.69,317.53,6,0.15,,0.3875,2001-01-08T21:47:25.025,"Bright and reviewable, but not temporally linked yet."
strong_single_frame_candidate,1357685285-0093,N1357685285,1357685285,2001-01-08,T4951,1,504.70,306.29,162.69,6,0.00,,0.3875,2001-01-08T22:34:42.013,"Bright and reviewable, but not temporally linked yet."
strong_single_frame_candidate,1357352003-0192,N1357352003,1357352003,2001-01-05,T0101,1,823.83,535.84,564.80,5,0.15,,0.3625,2001-01-05T02:01:10.293,"Bright and reviewable, but not temporally linked yet."
strong_single_frame_candidate,1357667116-1600,N1357667116,1357667116,2001-01-08,T3427,1,367.96,1009.04,402.78,5,0.15,,0.3625,2001-01-08T17:32:25.131,"Bright and reviewable, but not temporally linked yet."
strong_single_frame_candidate,1357674094-0052,N1357674094,1357674094,2001-01-08,T3757,1,316.82,479.90,203.84,5,0.15,,0.3625,2001-01-08T19:29:19.113,"Bright and reviewable, but not temporally linked yet."
strong_single_frame_candidate,1357638093-0061,N1357638093,1357638093,2001-01-08,T0828,1,717.61,548.63,173.37,5,0.00,,0.3625,2001-01-08T09:29:18.363,"Bright and reviewable, but not temporally linked yet."
strong_single_frame_candidate,1357667285-0006,N1357667285,1357667285,2001-01-08,T3458,1,164.95,31.31,287.36,4,0.00,,0.3375,2001-01-08T17:34:42.137,"Bright and reviewable, but not temporally linked yet."
strong_single_frame_candidate,1357667794-0108,N1357667794,1357667794,2001-01-08,T3479,1,895.25,681.83,270.60,4,0.00,,0.3375,2001-01-08T17:44:19.157,"Bright and reviewable, but not temporally linked yet."
strong_single_frame_candidate,1357685285-0055,N1357685285,1357685285,2001-01-08,T4944,1,906.18,154.87,255.45,4,0.15,,0.3375,2001-01-08T22:34:42.013,"Bright and reviewable, but not temporally linked yet."
strong_single_frame_candidate,1357664584-0715,N1357664584,1357664584,2001-01-08,T3034,1,153.93,752.40,243.76,4,0.00,,0.3375,2001-01-08T16:49:41.156,"Bright and reviewable, but not temporally linked yet."
strong_single_frame_candidate,1358117118-0033,N1358117118,1358117118,2001-01-13,T1951,1,979.81,140.15,184.23,4,0.00,,0.3375,2001-01-13T22:32:24.014,"Bright and reviewable, but not temporally linked yet."
strong_single_frame_candidate,1357673416-1543,N1357673416,1357673416,2001-01-08,T3690,1,158.93,814.90,178.46,4,0.15,,0.3375,2001-01-08T19:17:25.087,"Bright and reviewable, but not temporally linked yet."
strong_single_frame_candidate,1357673585-0019,N1357673585,1357673585,2001-01-08,T3745,1,98.12,89.79,250.98,3,0.00,,0.3125,2001-01-08T19:19:42.094,"Bright and reviewable, but not temporally linked yet."
strong_single_frame_candidate,1357685285-0071,N1357685285,1357685285,2001-01-08,T4947,1,587.04,220.95,205.82,3,0.00,,0.3125,2001-01-08T22:34:42.013,"Bright and reviewable, but not temporally linked yet."
strong_single_frame_candidate,1357646584-0889,N1357646584,1357646584,2001-01-08,T1519,1,616.14,779.43,205.13,3,0.00,,0.3125,2001-01-08T11:49:41.281,"Bright and reviewable, but not temporally linked yet."
strong_single_frame_candidate,1358114587-0121,N1358114587,1358114587,2001-01-13,T1729,1,622.86,585.04,178.89,3,0.00,,0.3125,2001-01-13T21:49:41.040,"Bright and reviewable, but not temporally linked yet."
likely_artifact,1357685116-0026,N1357685116,1357685116,2001-01-08,U049,1,715.00,96.00,366.52,1,0.85,single_pixel|too_small,0.0000,2001-01-08T22:32:25.006,Artifact flags: single_pixel|too_small.
likely_artifact,1357806858-0398,N1357806858,1357806858,2001-01-10,U020,1,402.00,601.00,296.12,1,0.85,single_pixel|too_small,0.0000,2001-01-10T08:21:26.143,Artifact flags: single_pixel|too_small.
likely_artifact,1357811330-0392,N1357811330,1357811330,2001-01-10,U023,1,402.00,601.00,292.83,1,0.85,single_pixel|too_small,0.0000,2001-01-10T09:35:58.112,Artifact flags: single_pixel|too_small.
likely_artifact,1358063118-0224,N1358063118,1358063118,2001-01-13,U001,1,988.00,902.00,200.02,1,0.85,single_pixel|too_small,0.0000,2001-01-13T07:32:24.388,Artifact flags: single_pixel|too_small.
likely_artifact,1357352003-0215,N1357352003,1357352003,2001-01-05,U004,1,402.00,601.00,191.47,1,0.85,single_pixel|too_small,0.0000,2001-01-05T02:01:10.293,Artifact flags: single_pixel|too_small.
likely_artifact,1357691416-0701,N1357691416,1357691416,2001-01-09,U000,1,522.00,747.00,176.83,1,0.85,single_pixel|too_small,0.0000,2001-01-09T00:17:24.962,Artifact flags: single_pixel|too_small.
likely_artifact,1358117118-0283,N1358117118,1358117118,2001-01-13,U022,1,318.00,946.00,172.49,1,0.85,single_pixel|too_small,0.0000,2001-01-13T22:32:24.014,Artifact flags: single_pixel|too_small.
likely_artifact,1357806858-0226,N1357806858,1357806858,2001-01-10,U020,1,623.00,335.00,152.87,1,0.85,single_pixel|too_small,0.0000,2001-01-10T08:21:26.143,Artifact flags: single_pixel|too_small.
likely_artifact,1358108287-0180,N1358108287,1358108287,2001-01-13,U015,1,402.00,601.00,151.10,1,0.85,single_pixel|too_small,0.0000,2001-01-13T20:04:41.083,Artifact flags: single_pixel|too_small.
likely_artifact,1357352003-0267,N1357352003,1357352003,2001-01-05,U004,1,731.00,735.00,150.99,1,0.85,single_pixel|too_small,0.0000,2001-01-05T02:01:10.293,Artifact flags: single_pixel|too_small.
likely_artifact,1357811330-0216,N1357811330,1357811330,2001-01-10,U023,1,623.00,335.00,150.48,1,0.85,single_pixel|too_small,0.0000,2001-01-10T09:35:58.112,Artifact flags: single_pixel|too_small.
likely_artifact,1358117287-0194,N1358117287,1358117287,2001-01-13,U023,1,402.00,601.00,150.02,1,0.85,single_pixel|too_small,0.0000,2001-01-13T22:34:41.021,Artifact flags: single_pixel|too_small.
likely_artifact,1358063287-0194,N1358063287,1358063287,2001-01-13,U002,1,402.00,601.00,148.97,1,0.85,single_pixel|too_small,0.0000,2001-01-13T07:34:41.395,Artifact flags: single_pixel|too_small.
likely_artifact,1357685285-0182,N1357685285,1357685285,2001-01-08,U050,1,402.00,601.00,147.11,1,0.85,single_pixel|too_small,0.0000,2001-01-08T22:34:42.013,Artifact flags: single_pixel|too_small.
likely_artifact,1357658284-0162,N1357658284,1357658284,2001-01-08,U026,1,402.00,601.00,144.03,1,0.85,single_pixel|too_small,0.0000,2001-01-08T15:04:41.200,Artifact flags: single_pixel|too_small.
likely_artifact,1357676285-0173,N1357676285,1357676285,2001-01-08,U042,1,402.00,601.00,143.75,1,0.85,single_pixel|too_small,0.0000,2001-01-08T20:04:42.075,Artifact flags: single_pixel|too_small.
likely_artifact,1357649284-0160,N1357649284,1357649284,2001-01-08,U018,1,402.00,601.00,143.46,1,0.85,single_pixel|too_small,0.0000,2001-01-08T12:34:41.262,Artifact flags: single_pixel|too_small.
likely_artifact,1357667285-0154,N1357667285,1357667285,2001-01-08,U034,1,402.00,601.00,141.09,1,0.85,single_pixel|too_small,0.0000,2001-01-08T17:34:42.137,Artifact flags: single_pixel|too_small.
likely_artifact,1358063287-0001,N1358063287,1358063287,2001-01-13,U002,1,492.00,4.00,139.15,1,0.85,single_pixel|too_small,0.0000,2001-01-13T07:34:41.395,Artifact flags: single_pixel|too_small.
likely_artifact,1357631284-0168,N1357631284,1357631284,2001-01-08,U004,1,402.00,601.00,137.63,1,0.85,single_pixel|too_small,0.0000,2001-01-08T07:34:41.386,Artifact flags: single_pixel|too_small.
likely_artifact,1358117287-0242,N1358117287,1358117287,2001-01-13,U023,1,731.00,735.00,132.23,1,0.85,single_pixel|too_small,0.0000,2001-01-13T22:34:41.021,Artifact flags: single_pixel|too_small.
likely_artifact,1358108118-0149,N1358108118,1358108118,2001-01-13,U014,1,402.00,601.00,131.08,1,0.85,single_pixel|too_small,0.0000,2001-01-13T20:02:24.077,Artifact flags: single_pixel|too_small.
likely_artifact,1358108287-0236,N1358108287,1358108287,2001-01-13,U015,1,731.00,735.00,129.94,1,0.85,single_pixel|too_small,0.0000,2001-01-13T20:04:41.083,Artifact flags: single_pixel|too_small.
likely_artifact,1357685285-0216,N1357685285,1357685285,2001-01-08,U050,1,731.00,735.00,129.72,1,0.85,single_pixel|too_small,0.0000,2001-01-08T22:34:42.013,Artifact flags: single_pixel|too_small.
likely_artifact,1358063118-0152,N1358063118,1358063118,2001-01-13,U001,1,402.00,601.00,129.67,1,0.85,single_pixel|too_small,0.0000,2001-01-13T07:32:24.388,Artifact flags: single_pixel|too_small.
likely_artifact,1357685116-0155,N1357685116,1357685116,2001-01-08,U049,1,402.00,601.00,128.88,1,0.85,single_pixel|too_small,0.0000,2001-01-08T22:32:25.006,Artifact flags: single_pixel|too_small.
likely_artifact,1358063287-0234,N1358063287,1358063287,2001-01-13,U002,1,731.00,735.00,128.50,1,0.85,single_pixel|too_small,0.0000,2001-01-13T07:34:41.395,Artifact flags: single_pixel|too_small.
likely_artifact,1356981845-0194,N1356981845,1356981845,2000-12-31,U004,1,402.00,601.00,128.17,1,0.85,single_pixel|too_small,0.0000,2000-12-31T19:11:54.857,Artifact flags: single_pixel|too_small.
likely_artifact,1357649284-0201,N1357649284,1357649284,2001-01-08,U018,1,731.00,735.00,127.78,1,0.85,single_pixel|too_small,0.0000,2001-01-08T12:34:41.262,Artifact flags: single_pixel|too_small.
likely_artifact,1357658284-0216,N1357658284,1357658284,2001-01-08,U026,1,731.00,735.00,126.73,1,0.85,single_pixel|too_small,0.0000,2001-01-08T15:04:41.200,Artifact flags: single_pixel|too_small.
likely_artifact,1358117118-0135,N1358117118,1358117118,2001-01-13,U022,1,402.00,601.00,125.33,1,0.85,single_pixel|too_small,0.0000,2001-01-13T22:32:24.014,Artifact flags: single_pixel|too_small.
likely_artifact,1357658115-0139,N1357658115,1357658115,2001-01-08,U025,1,402.00,601.00,123.82,1,0.85,single_pixel|too_small,0.0000,2001-01-08T15:02:24.193,Artifact flags: single_pixel|too_small.
likely_artifact,1357667116-0147,N1357667116,1357667116,2001-01-08,U033,1,402.00,601.00,122.69,1,0.85,single_pixel|too_small,0.0000,2001-01-08T17:32:25.131,Artifact flags: single_pixel|too_small.
likely_artifact,1357649115-0135,N1357649115,1357649115,2001-01-08,U017,1,402.00,601.00,121.56,1,0.85,single_pixel|too_small,0.0000,2001-01-08T12:32:24.255,Artifact flags: single_pixel|too_small.
likely_artifact,1357676116-0127,N1357676116,1357676116,2001-01-08,U041,1,402.00,601.00,121.05,1,0.85,single_pixel|too_small,0.0000,2001-01-08T20:02:25.068,Artifact flags: single_pixel|too_small.
likely_artifact,1357676285-0213,N1357676285,1357676285,2001-01-08,U042,1,731.00,735.00,121.05,1,0.85,single_pixel|too_small,0.0000,2001-01-08T20:04:42.075,Artifact flags: single_pixel|too_small.
likely_artifact,1357676116-0023,N1357676116,1357676116,2001-01-08,U041,1,133.00,117.00,120.42,1,0.85,single_pixel|too_small,0.0000,2001-01-08T20:02:25.068,Artifact flags: single_pixel|too_small.
likely_artifact,1358063287-0081,N1358063287,1358063287,2001-01-13,U002,1,399.00,299.00,120.21,1,0.85,single_pixel|too_small,0.0000,2001-01-13T07:34:41.395,Artifact flags: single_pixel|too_small.
likely_artifact,1357667285-0194,N1357667285,1357667285,2001-01-08,U034,1,731.00,735.00,118.79,1,0.85,single_pixel|too_small,0.0000,2001-01-08T17:34:42.137,Artifact flags: single_pixel|too_small.
likely_artifact,1356977373-0211,N1356977373,1356977373,2000-12-31,U001,1,402.00,601.00,118.77,1,0.85,single_pixel|too_small,0.0000,2000-12-31T17:57:22.887,Artifact flags: single_pixel|too_small.
