run_date,run_label,snr_threshold,min_blob_size,candidate_count,review_candidate_count,artifact_flagged_count,published_matches,unmatched_review_candidates
2000-12-31,"December 31, 2000 NAC/H-alpha",7.0,1,5035,652,4383,0,652
2000-12-31,"December 31, 2000 NAC/H-alpha",7.0,3,787,652,135,0,652
2000-12-31,"December 31, 2000 NAC/H-alpha",7.0,5,267,235,32,0,235
2000-12-31,"December 31, 2000 NAC/H-alpha",7.0,8,89,75,14,0,75
2000-12-31,"December 31, 2000 NAC/H-alpha",8.0,1,3882,609,3273,0,609
2000-12-31,"December 31, 2000 NAC/H-alpha",8.0,3,741,609,132,0,609
2000-12-31,"December 31, 2000 NAC/H-alpha",8.0,5,257,225,32,0,225
2000-12-31,"December 31, 2000 NAC/H-alpha",8.0,8,88,74,14,0,74
2000-12-31,"December 31, 2000 NAC/H-alpha",10.0,1,2888,539,2349,0,539
2000-12-31,"December 31, 2000 NAC/H-alpha",10.0,3,663,539,124,0,539
2000-12-31,"December 31, 2000 NAC/H-alpha",10.0,5,223,191,32,0,191
2000-12-31,"December 31, 2000 NAC/H-alpha",10.0,8,73,59,14,0,59
2000-12-31,"December 31, 2000 NAC/H-alpha",12.0,1,2338,498,1840,0,498
2000-12-31,"December 31, 2000 NAC/H-alpha",12.0,3,607,498,109,0,498
2000-12-31,"December 31, 2000 NAC/H-alpha",12.0,5,216,187,29,0,187
2000-12-31,"December 31, 2000 NAC/H-alpha",12.0,8,70,57,13,0,57
2000-12-31,"December 31, 2000 NAC/H-alpha",15.0,1,1763,461,1302,0,461
2000-12-31,"December 31, 2000 NAC/H-alpha",15.0,3,544,461,83,0,461
2000-12-31,"December 31, 2000 NAC/H-alpha",15.0,5,204,179,25,0,179
2000-12-31,"December 31, 2000 NAC/H-alpha",15.0,8,67,54,13,0,54
2000-12-31,"December 31, 2000 NAC/H-alpha",20.0,1,1234,390,844,0,390
2000-12-31,"December 31, 2000 NAC/H-alpha",20.0,3,446,390,56,0,390
2000-12-31,"December 31, 2000 NAC/H-alpha",20.0,5,178,161,17,0,161
2000-12-31,"December 31, 2000 NAC/H-alpha",20.0,8,62,52,10,0,52
2001-01-01,"January 1, 2001 NAC/H-alpha",7.0,1,9447,1264,8183,2,1262
2001-01-01,"January 1, 2001 NAC/H-alpha",7.0,3,1520,1264,256,2,1262
2001-01-01,"January 1, 2001 NAC/H-alpha",7.0,5,541,481,60,2,479
2001-01-01,"January 1, 2001 NAC/H-alpha",7.0,8,200,168,32,2,166
2001-01-01,"January 1, 2001 NAC/H-alpha",8.0,1,7396,1175,6221,2,1173
2001-01-01,"January 1, 2001 NAC/H-alpha",8.0,3,1416,1175,241,2,1173
2001-01-01,"January 1, 2001 NAC/H-alpha",8.0,5,512,453,59,2,451
2001-01-01,"January 1, 2001 NAC/H-alpha",8.0,8,194,163,31,2,161
2001-01-01,"January 1, 2001 NAC/H-alpha",10.0,1,5519,1001,4518,2,999
2001-01-01,"January 1, 2001 NAC/H-alpha",10.0,3,1217,1001,216,2,999
2001-01-01,"January 1, 2001 NAC/H-alpha",10.0,5,429,370,59,2,368
2001-01-01,"January 1, 2001 NAC/H-alpha",10.0,8,142,111,31,2,109
2001-01-01,"January 1, 2001 NAC/H-alpha",12.0,1,4528,933,3595,2,931
2001-01-01,"January 1, 2001 NAC/H-alpha",12.0,3,1134,933,201,2,931
2001-01-01,"January 1, 2001 NAC/H-alpha",12.0,5,403,348,55,2,346
2001-01-01,"January 1, 2001 NAC/H-alpha",12.0,8,128,100,28,2,98
2001-01-01,"January 1, 2001 NAC/H-alpha",15.0,1,3432,832,2600,2,830
2001-01-01,"January 1, 2001 NAC/H-alpha",15.0,3,1001,832,169,2,830
2001-01-01,"January 1, 2001 NAC/H-alpha",15.0,5,378,327,51,2,325
2001-01-01,"January 1, 2001 NAC/H-alpha",15.0,8,118,91,27,2,89
2001-01-01,"January 1, 2001 NAC/H-alpha",20.0,1,2240,666,1574,2,664
2001-01-01,"January 1, 2001 NAC/H-alpha",20.0,3,773,666,107,2,664
2001-01-01,"January 1, 2001 NAC/H-alpha",20.0,5,312,278,34,2,276
2001-01-01,"January 1, 2001 NAC/H-alpha",20.0,8,99,77,22,2,75
2001-01-04,"January 4, 2001 NAC/H-alpha",7.0,1,3888,684,3204,0,684
2001-01-04,"January 4, 2001 NAC/H-alpha",7.0,3,845,684,161,0,684
2001-01-04,"January 4, 2001 NAC/H-alpha",7.0,5,333,275,58,0,275
2001-01-04,"January 4, 2001 NAC/H-alpha",7.0,8,111,78,33,0,78
2001-01-04,"January 4, 2001 NAC/H-alpha",8.0,1,3052,578,2474,0,578
2001-01-04,"January 4, 2001 NAC/H-alpha",8.0,3,711,578,133,0,578
2001-01-04,"January 4, 2001 NAC/H-alpha",8.0,5,276,229,47,0,229
2001-01-04,"January 4, 2001 NAC/H-alpha",8.0,8,90,66,24,0,66
2001-01-04,"January 4, 2001 NAC/H-alpha",10.0,1,1907,392,1515,0,392
2001-01-04,"January 4, 2001 NAC/H-alpha",10.0,3,483,392,91,0,392
2001-01-04,"January 4, 2001 NAC/H-alpha",10.0,5,194,159,35,0,159
2001-01-04,"January 4, 2001 NAC/H-alpha",10.0,8,61,45,16,0,45
2001-01-04,"January 4, 2001 NAC/H-alpha",12.0,1,1054,243,811,0,243
2001-01-04,"January 4, 2001 NAC/H-alpha",12.0,3,297,243,54,0,243
2001-01-04,"January 4, 2001 NAC/H-alpha",12.0,5,118,97,21,0,97
2001-01-04,"January 4, 2001 NAC/H-alpha",12.0,8,35,28,7,0,28
2001-01-04,"January 4, 2001 NAC/H-alpha",15.0,1,225,48,177,0,48
2001-01-04,"January 4, 2001 NAC/H-alpha",15.0,3,64,48,16,0,48
2001-01-04,"January 4, 2001 NAC/H-alpha",15.0,5,18,14,4,0,14
2001-01-04,"January 4, 2001 NAC/H-alpha",15.0,8,6,4,2,0,4
2001-01-04,"January 4, 2001 NAC/H-alpha",20.0,1,0,0,0,0,0
2001-01-04,"January 4, 2001 NAC/H-alpha",20.0,3,0,0,0,0,0
2001-01-04,"January 4, 2001 NAC/H-alpha",20.0,5,0,0,0,0,0
2001-01-04,"January 4, 2001 NAC/H-alpha",20.0,8,0,0,0,0,0
2001-01-05,"January 5, 2001 NAC/H-alpha",7.0,1,4784,827,3957,0,827
2001-01-05,"January 5, 2001 NAC/H-alpha",7.0,3,1012,827,185,0,827
2001-01-05,"January 5, 2001 NAC/H-alpha",7.0,5,356,301,55,0,301
2001-01-05,"January 5, 2001 NAC/H-alpha",7.0,8,118,88,30,0,88
2001-01-05,"January 5, 2001 NAC/H-alpha",8.0,1,3764,683,3081,0,683
2001-01-05,"January 5, 2001 NAC/H-alpha",8.0,3,843,683,160,0,683
2001-01-05,"January 5, 2001 NAC/H-alpha",8.0,5,294,248,46,0,248
2001-01-05,"January 5, 2001 NAC/H-alpha",8.0,8,100,77,23,0,77
2001-01-05,"January 5, 2001 NAC/H-alpha",10.0,1,2304,424,1880,0,424
2001-01-05,"January 5, 2001 NAC/H-alpha",10.0,3,539,424,115,0,424
2001-01-05,"January 5, 2001 NAC/H-alpha",10.0,5,188,159,29,0,159
2001-01-05,"January 5, 2001 NAC/H-alpha",10.0,8,62,46,16,0,46
2001-01-05,"January 5, 2001 NAC/H-alpha",12.0,1,1291,259,1032,0,259
2001-01-05,"January 5, 2001 NAC/H-alpha",12.0,3,334,259,75,0,259
2001-01-05,"January 5, 2001 NAC/H-alpha",12.0,5,116,96,20,0,96
2001-01-05,"January 5, 2001 NAC/H-alpha",12.0,8,40,28,12,0,28
2001-01-05,"January 5, 2001 NAC/H-alpha",15.0,1,295,68,227,0,68
2001-01-05,"January 5, 2001 NAC/H-alpha",15.0,3,86,68,18,0,68
2001-01-05,"January 5, 2001 NAC/H-alpha",15.0,5,28,23,5,0,23
2001-01-05,"January 5, 2001 NAC/H-alpha",15.0,8,10,7,3,0,7
2001-01-05,"January 5, 2001 NAC/H-alpha",20.0,1,102,29,73,0,29
2001-01-05,"January 5, 2001 NAC/H-alpha",20.0,3,40,29,11,0,29
2001-01-05,"January 5, 2001 NAC/H-alpha",20.0,5,12,9,3,0,9
2001-01-05,"January 5, 2001 NAC/H-alpha",20.0,8,6,4,2,0,4
2001-01-08,"January 8, 2001 NAC/H-alpha",7.0,1,115644,8425,107219,0,8425
2001-01-08,"January 8, 2001 NAC/H-alpha",7.0,3,9541,8425,1116,0,8425
2001-01-08,"January 8, 2001 NAC/H-alpha",7.0,5,2344,2274,70,0,2274
2001-01-08,"January 8, 2001 NAC/H-alpha",7.0,8,595,569,26,0,569
2001-01-08,"January 8, 2001 NAC/H-alpha",8.0,1,72810,7988,64822,0,7988
2001-01-08,"January 8, 2001 NAC/H-alpha",8.0,3,9020,7988,1032,0,7988
2001-01-08,"January 8, 2001 NAC/H-alpha",8.0,5,2300,2236,64,0,2236
2001-01-08,"January 8, 2001 NAC/H-alpha",8.0,8,590,564,26,0,564
2001-01-08,"January 8, 2001 NAC/H-alpha",10.0,1,26272,4952,21320,0,4952
2001-01-08,"January 8, 2001 NAC/H-alpha",10.0,3,5549,4952,597,0,4952
2001-01-08,"January 8, 2001 NAC/H-alpha",10.0,5,1723,1673,50,0,1673
2001-01-08,"January 8, 2001 NAC/H-alpha",10.0,8,496,471,25,0,471
2001-01-08,"January 8, 2001 NAC/H-alpha",12.0,1,10596,2311,8285,0,2311
2001-01-08,"January 8, 2001 NAC/H-alpha",12.0,3,2577,2311,266,0,2311
2001-01-08,"January 8, 2001 NAC/H-alpha",12.0,5,899,863,36,0,863
2001-01-08,"January 8, 2001 NAC/H-alpha",12.0,8,295,271,24,0,271
2001-01-08,"January 8, 2001 NAC/H-alpha",15.0,1,5684,1214,4470,0,1214
2001-01-08,"January 8, 2001 NAC/H-alpha",15.0,3,1362,1214,148,0,1214
2001-01-08,"January 8, 2001 NAC/H-alpha",15.0,5,436,406,30,0,406
2001-01-08,"January 8, 2001 NAC/H-alpha",15.0,8,146,124,22,0,124
2001-01-08,"January 8, 2001 NAC/H-alpha",20.0,1,3227,765,2462,0,765
2001-01-08,"January 8, 2001 NAC/H-alpha",20.0,3,854,765,89,0,765
2001-01-08,"January 8, 2001 NAC/H-alpha",20.0,5,282,260,22,0,260
2001-01-08,"January 8, 2001 NAC/H-alpha",20.0,8,99,81,18,0,81
2001-01-09,"January 9, 2001 NAC/H-alpha",7.0,1,7491,524,6967,0,524
2001-01-09,"January 9, 2001 NAC/H-alpha",7.0,3,636,524,112,0,524
2001-01-09,"January 9, 2001 NAC/H-alpha",7.0,5,169,152,17,0,152
2001-01-09,"January 9, 2001 NAC/H-alpha",7.0,8,48,42,6,0,42
2001-01-09,"January 9, 2001 NAC/H-alpha",8.0,1,4491,462,4029,0,462
2001-01-09,"January 9, 2001 NAC/H-alpha",8.0,3,552,462,90,0,462
2001-01-09,"January 9, 2001 NAC/H-alpha",8.0,5,149,136,13,0,136
2001-01-09,"January 9, 2001 NAC/H-alpha",8.0,8,39,35,4,0,35
2001-01-09,"January 9, 2001 NAC/H-alpha",10.0,1,1237,237,1000,0,237
2001-01-09,"January 9, 2001 NAC/H-alpha",10.0,3,279,237,42,0,237
2001-01-09,"January 9, 2001 NAC/H-alpha",10.0,5,87,80,7,0,80
2001-01-09,"January 9, 2001 NAC/H-alpha",10.0,8,25,23,2,0,23
2001-01-09,"January 9, 2001 NAC/H-alpha",12.0,1,549,120,429,0,120
2001-01-09,"January 9, 2001 NAC/H-alpha",12.0,3,137,120,17,0,120
2001-01-09,"January 9, 2001 NAC/H-alpha",12.0,5,40,38,2,0,38
2001-01-09,"January 9, 2001 NAC/H-alpha",12.0,8,18,17,1,0,17
2001-01-09,"January 9, 2001 NAC/H-alpha",15.0,1,298,63,235,0,63
2001-01-09,"January 9, 2001 NAC/H-alpha",15.0,3,72,63,9,0,63
2001-01-09,"January 9, 2001 NAC/H-alpha",15.0,5,22,21,1,0,21
2001-01-09,"January 9, 2001 NAC/H-alpha",15.0,8,11,10,1,0,10
2001-01-09,"January 9, 2001 NAC/H-alpha",20.0,1,209,51,158,0,51
2001-01-09,"January 9, 2001 NAC/H-alpha",20.0,3,55,51,4,0,51
2001-01-09,"January 9, 2001 NAC/H-alpha",20.0,5,17,17,0,0,17
2001-01-09,"January 9, 2001 NAC/H-alpha",20.0,8,10,10,0,0,10
2001-01-10,"January 10, 2001 NAC/H-alpha",7.0,1,5880,740,5140,2,738
2001-01-10,"January 10, 2001 NAC/H-alpha",7.0,3,895,740,155,2,738
2001-01-10,"January 10, 2001 NAC/H-alpha",7.0,5,289,248,41,2,246
2001-01-10,"January 10, 2001 NAC/H-alpha",7.0,8,87,63,24,2,61
2001-01-10,"January 10, 2001 NAC/H-alpha",8.0,1,4208,602,3606,1,601
2001-01-10,"January 10, 2001 NAC/H-alpha",8.0,3,736,602,134,1,601
2001-01-10,"January 10, 2001 NAC/H-alpha",8.0,5,233,198,35,1,197
2001-01-10,"January 10, 2001 NAC/H-alpha",8.0,8,70,49,21,1,48
2001-01-10,"January 10, 2001 NAC/H-alpha",10.0,1,1961,339,1622,0,339
2001-01-10,"January 10, 2001 NAC/H-alpha",10.0,3,415,339,76,0,339
2001-01-10,"January 10, 2001 NAC/H-alpha",10.0,5,146,121,25,0,121
2001-01-10,"January 10, 2001 NAC/H-alpha",10.0,8,42,28,14,0,28
2001-01-10,"January 10, 2001 NAC/H-alpha",12.0,1,896,173,723,0,173
2001-01-10,"January 10, 2001 NAC/H-alpha",12.0,3,211,173,38,0,173
2001-01-10,"January 10, 2001 NAC/H-alpha",12.0,5,78,66,12,0,66
2001-01-10,"January 10, 2001 NAC/H-alpha",12.0,8,22,15,7,0,15
2001-01-10,"January 10, 2001 NAC/H-alpha",15.0,1,500,111,389,0,111
2001-01-10,"January 10, 2001 NAC/H-alpha",15.0,3,140,111,29,0,111
2001-01-10,"January 10, 2001 NAC/H-alpha",15.0,5,58,47,11,0,47
2001-01-10,"January 10, 2001 NAC/H-alpha",15.0,8,17,10,7,0,10
2001-01-10,"January 10, 2001 NAC/H-alpha",20.0,1,269,72,197,0,72
2001-01-10,"January 10, 2001 NAC/H-alpha",20.0,3,89,72,17,0,72
2001-01-10,"January 10, 2001 NAC/H-alpha",20.0,5,37,32,5,0,32
2001-01-10,"January 10, 2001 NAC/H-alpha",20.0,8,9,6,3,0,6
2001-01-11,"January 11, 2001 NAC/H-alpha",7.0,1,6737,780,5957,1,779
2001-01-11,"January 11, 2001 NAC/H-alpha",7.0,3,991,780,211,1,779
2001-01-11,"January 11, 2001 NAC/H-alpha",7.0,5,279,235,44,1,234
2001-01-11,"January 11, 2001 NAC/H-alpha",7.0,8,84,66,18,1,65
2001-01-11,"January 11, 2001 NAC/H-alpha",8.0,1,4491,579,3912,0,579
2001-01-11,"January 11, 2001 NAC/H-alpha",8.0,3,729,579,150,0,579
2001-01-11,"January 11, 2001 NAC/H-alpha",8.0,5,204,172,32,0,172
2001-01-11,"January 11, 2001 NAC/H-alpha",8.0,8,59,48,11,0,48
2001-01-11,"January 11, 2001 NAC/H-alpha",10.0,1,1691,263,1428,0,263
2001-01-11,"January 11, 2001 NAC/H-alpha",10.0,3,314,263,51,0,263
2001-01-11,"January 11, 2001 NAC/H-alpha",10.0,5,87,79,8,0,79
2001-01-11,"January 11, 2001 NAC/H-alpha",10.0,8,29,27,2,0,27
2001-01-11,"January 11, 2001 NAC/H-alpha",12.0,1,563,96,467,0,96
2001-01-11,"January 11, 2001 NAC/H-alpha",12.0,3,117,96,21,0,96
2001-01-11,"January 11, 2001 NAC/H-alpha",12.0,5,31,26,5,0,26
2001-01-11,"January 11, 2001 NAC/H-alpha",12.0,8,6,5,1,0,5
2001-01-11,"January 11, 2001 NAC/H-alpha",15.0,1,194,36,158,0,36
2001-01-11,"January 11, 2001 NAC/H-alpha",15.0,3,42,36,6,0,36
2001-01-11,"January 11, 2001 NAC/H-alpha",15.0,5,10,9,1,0,9
2001-01-11,"January 11, 2001 NAC/H-alpha",15.0,8,2,2,0,0,2
2001-01-11,"January 11, 2001 NAC/H-alpha",20.0,1,133,25,108,0,25
2001-01-11,"January 11, 2001 NAC/H-alpha",20.0,3,28,25,3,0,25
2001-01-11,"January 11, 2001 NAC/H-alpha",20.0,5,8,8,0,0,8
2001-01-11,"January 11, 2001 NAC/H-alpha",20.0,8,2,2,0,0,2
2001-01-13,"January 13, 2001 NAC/H-alpha",7.0,1,37327,3375,33952,0,3375
2001-01-13,"January 13, 2001 NAC/H-alpha",7.0,3,3840,3375,465,0,3375
2001-01-13,"January 13, 2001 NAC/H-alpha",7.0,5,1037,996,41,0,996
2001-01-13,"January 13, 2001 NAC/H-alpha",7.0,8,263,246,17,0,246
2001-01-13,"January 13, 2001 NAC/H-alpha",8.0,1,23114,3024,20090,0,3024
2001-01-13,"January 13, 2001 NAC/H-alpha",8.0,3,3454,3024,430,0,3024
2001-01-13,"January 13, 2001 NAC/H-alpha",8.0,5,962,922,40,0,922
2001-01-13,"January 13, 2001 NAC/H-alpha",8.0,8,254,237,17,0,237
2001-01-13,"January 13, 2001 NAC/H-alpha",10.0,1,9205,1780,7425,0,1780
2001-01-13,"January 13, 2001 NAC/H-alpha",10.0,3,2019,1780,239,0,1780
2001-01-13,"January 13, 2001 NAC/H-alpha",10.0,5,672,638,34,0,638
2001-01-13,"January 13, 2001 NAC/H-alpha",10.0,8,199,182,17,0,182
2001-01-13,"January 13, 2001 NAC/H-alpha",12.0,1,4602,985,3617,0,985
2001-01-13,"January 13, 2001 NAC/H-alpha",12.0,3,1131,985,146,0,985
2001-01-13,"January 13, 2001 NAC/H-alpha",12.0,5,403,373,30,0,373
2001-01-13,"January 13, 2001 NAC/H-alpha",12.0,8,134,119,15,0,119
2001-01-13,"January 13, 2001 NAC/H-alpha",15.0,1,2583,545,2038,0,545
2001-01-13,"January 13, 2001 NAC/H-alpha",15.0,3,634,545,89,0,545
2001-01-13,"January 13, 2001 NAC/H-alpha",15.0,5,211,189,22,0,189
2001-01-13,"January 13, 2001 NAC/H-alpha",15.0,8,76,62,14,0,62
2001-01-13,"January 13, 2001 NAC/H-alpha",20.0,1,1011,222,789,0,222
2001-01-13,"January 13, 2001 NAC/H-alpha",20.0,3,254,222,32,0,222
2001-01-13,"January 13, 2001 NAC/H-alpha",20.0,5,88,78,10,0,78
2001-01-13,"January 13, 2001 NAC/H-alpha",20.0,8,38,30,8,0,30
