image_id,track_id,candidate_id,confidence,track_length,frame_index,opus_id,image_number,time,x,y,brightness,blob_size,artifact_score,area_px,peak_snr,mean_snr,integrated_snr,sharpness,elongation,flags,reason
N1357900665,T0279,1357900665-0027,0.7248,3,22,co-iss-n1357900665,1357900665,2001-01-11T10:24:52.494,85.67,45.00,10.57,3,0.00,3,10.57,10.53,31.58,1.00,4.39,,"3 frame(s); median area 6.0 px; net motion dx=-27.3, dy=39.2; flags: none"
N1357901055,T0279,1357901055-0021,0.7248,3,23,co-iss-n1357901055,1357901055,2001-01-11T10:31:22.491,26.74,34.02,13.60,15,0.00,15,13.60,12.46,186.93,1.09,1.96,,"3 frame(s); median area 6.0 px; net motion dx=-27.3, dy=39.2; flags: none"
N1357901415,T0279,1357901415-0050,0.7248,3,24,co-iss-n1357901415,1357901415,2001-01-11T10:37:22.488,58.36,84.17,10.61,6,0.00,6,10.61,10.40,62.39,1.02,1.15,,"3 frame(s); median area 6.0 px; net motion dx=-27.3, dy=39.2; flags: none"
N1357889469,T0194,1357889469-0015,0.7090,3,16,co-iss-n1357889469,1357889469,2001-01-11T07:18:16.571,174.86,31.46,10.32,6,0.00,6,10.32,9.05,54.30,1.14,2.18,,"3 frame(s); median area 6.0 px; net motion dx=-13.4, dy=36.0; flags: none"
N1357889859,T0194,1357889859-0034,0.7090,3,17,co-iss-n1357889859,1357889859,2001-01-11T07:24:46.569,215.25,57.62,13.06,3,0.00,3,13.06,11.57,34.72,1.13,1.73,,"3 frame(s); median area 6.0 px; net motion dx=-13.4, dy=36.0; flags: none"
N1357890219,T0194,1357890219-0039,0.7090,3,18,co-iss-n1357890219,1357890219,2001-01-11T07:30:46.566,161.46,67.47,10.41,8,0.00,8,10.41,9.85,78.79,1.06,2.24,,"3 frame(s); median area 6.0 px; net motion dx=-13.4, dy=36.0; flags: none"
N1357909609,T0353,1357909609-0040,0.7021,3,28,co-iss-n1357909609,1357909609,2001-01-11T12:53:56.432,244.76,53.69,10.35,7,0.00,7,10.35,10.04,70.28,1.03,2.00,,"3 frame(s); median area 5.0 px; net motion dx=-57.5, dy=-8.0; flags: none"
N1357909999,T0353,1357909999-0088,0.7021,3,29,co-iss-n1357909999,1357909999,2001-01-11T13:00:26.429,207.47,109.79,31.98,5,0.00,5,31.98,17.53,87.63,1.82,5.83,,"3 frame(s); median area 5.0 px; net motion dx=-57.5, dy=-8.0; flags: none"
N1357910359,T0353,1357910359-0029,0.7021,3,30,co-iss-n1357910359,1357910359,2001-01-11T13:06:26.427,187.27,45.66,10.80,3,0.00,3,10.80,9.35,28.04,1.16,1.73,,"3 frame(s); median area 5.0 px; net motion dx=-57.5, dy=-8.0; flags: none"
N1357909609,T0348,1357909609-0001,0.6664,3,28,co-iss-n1357909609,1357909609,2001-01-11T12:53:56.432,715.94,4.71,9.44,3,0.00,3,9.44,8.59,25.78,1.10,4.39,,"3 frame(s); median area 5.0 px; net motion dx=-27.1, dy=79.9; flags: none"
N1357909999,T0348,1357909999-0029,0.6664,3,29,co-iss-n1357909999,1357909999,2001-01-11T13:00:26.429,656.26,39.82,80.82,6,0.00,6,80.82,36.50,219.00,2.21,1.63,,"3 frame(s); median area 5.0 px; net motion dx=-27.1, dy=79.9; flags: none"
N1357910359,T0348,1357910359-0063,0.6664,3,30,co-iss-n1357910359,1357910359,2001-01-11T13:06:26.427,688.83,84.62,9.02,5,0.00,5,9.02,8.70,43.49,1.04,1.73,,"3 frame(s); median area 5.0 px; net motion dx=-27.1, dy=79.9; flags: none"
N1357889469,T0193,1357889469-0014,0.6644,3,16,co-iss-n1357889469,1357889469,2001-01-11T07:18:16.571,451.52,30.03,10.19,4,0.00,4,10.19,9.85,39.39,1.03,2.62,,"3 frame(s); median area 4.0 px; net motion dx=-21.8, dy=9.8; flags: none"
N1357889859,T0193,1357889859-0041,0.6644,3,17,co-iss-n1357889859,1357889859,2001-01-11T07:24:46.569,449.65,63.67,12.61,3,0.00,3,12.61,12.18,36.53,1.04,1.73,,"3 frame(s); median area 4.0 px; net motion dx=-21.8, dy=9.8; flags: none"
N1357890219,T0193,1357890219-0024,0.6644,3,18,co-iss-n1357890219,1357890219,2001-01-11T07:30:46.566,429.70,39.82,10.32,7,0.00,7,10.32,9.95,69.66,1.04,1.45,,"3 frame(s); median area 4.0 px; net motion dx=-21.8, dy=9.8; flags: none"
N1357884997,T0161,1357884997-0019,0.6585,3,13,co-iss-n1357884997,1357884997,2001-01-11T06:03:44.602,67.60,44.81,10.62,5,0.00,5,10.62,10.55,52.77,1.01,1.73,,"3 frame(s); median area 5.0 px; net motion dx=105.1, dy=10.2; flags: none"
N1357885387,T0161,1357885387-0014,0.6585,3,14,co-iss-n1357885387,1357885387,2001-01-11T06:10:14.599,111.60,25.79,13.04,5,0.00,5,13.04,12.87,64.34,1.01,1.73,,"3 frame(s); median area 5.0 px; net motion dx=105.1, dy=10.2; flags: none"
N1357885747,T0161,1357885747-0028,0.6585,3,15,co-iss-n1357885747,1357885747,2001-01-11T06:16:14.597,172.69,55.00,10.33,6,0.00,6,10.33,9.85,59.07,1.05,2.45,,"3 frame(s); median area 5.0 px; net motion dx=105.1, dy=10.2; flags: none"
N1357867109,T0011,1357867109-0054,0.6533,3,1,co-iss-n1357867109,1357867109,2001-01-11T01:05:36.726,355.85,75.97,9.56,5,0.00,5,9.56,8.22,41.08,1.16,3.84,,"3 frame(s); median area 4.0 px; net motion dx=70.8, dy=-71.6; flags: none"
N1357867499,T0011,1357867499-0010,0.6533,3,2,co-iss-n1357867499,1357867499,2001-01-11T01:12:06.723,362.79,19.00,12.36,4,0.00,4,12.36,8.91,35.64,1.39,3.60,,"3 frame(s); median area 4.0 px; net motion dx=70.8, dy=-71.6; flags: none"
N1357867859,T0011,1357867859-0001,0.6533,3,3,co-iss-n1357867859,1357867859,2001-01-11T01:18:06.721,426.67,4.33,9.25,3,0.00,3,9.25,9.25,27.75,1.00,1.73,,"3 frame(s); median area 4.0 px; net motion dx=70.8, dy=-71.6; flags: none"
N1357893941,T0226,1357893941-0021,0.6495,3,19,co-iss-n1357893941,1357893941,2001-01-11T08:32:48.540,268.31,30.66,10.53,3,0.00,3,10.53,10.19,30.57,1.03,1.73,,"3 frame(s); median area 3.0 px; net motion dx=2.7, dy=-4.3; flags: none"
N1357894331,T0226,1357894331-0067,0.6495,3,20,co-iss-n1357894331,1357894331,2001-01-11T08:39:18.538,331.73,81.73,12.49,3,0.00,3,12.49,9.04,27.11,1.38,1.73,,"3 frame(s); median area 3.0 px; net motion dx=2.7, dy=-4.3; flags: none"
N1357894691,T0226,1357894691-0020,0.6495,3,21,co-iss-n1357894691,1357894691,2001-01-11T08:45:18.535,271.00,26.33,10.36,3,0.00,3,10.36,10.33,30.98,1.00,4.39,,"3 frame(s); median area 3.0 px; net motion dx=2.7, dy=-4.3; flags: none"
N1357871581,T0045,1357871581-0099,0.6476,3,4,co-iss-n1357871581,1357871581,2001-01-11T02:20:08.695,340.76,146.00,8.50,4,0.00,4,8.50,8.39,33.57,1.01,1.63,,"3 frame(s); median area 4.0 px; net motion dx=14.6, dy=8.4; flags: none"
N1357871971,T0045,1357871971-0092,0.6476,3,5,co-iss-n1357871971,1357871971,2001-01-11T02:26:38.692,352.12,140.37,11.11,3,0.00,3,11.11,9.91,29.73,1.12,4.39,,"3 frame(s); median area 4.0 px; net motion dx=14.6, dy=8.4; flags: none"
N1357872331,T0045,1357872331-0109,0.6476,3,6,co-iss-n1357872331,1357872331,2001-01-11T02:32:38.690,355.40,154.40,8.48,5,0.00,5,8.48,8.46,42.30,1.00,3.40,,"3 frame(s); median area 4.0 px; net motion dx=14.6, dy=8.4; flags: none"
N1357893941,T0227,1357893941-0029,0.6470,3,19,co-iss-n1357893941,1357893941,2001-01-11T08:32:48.540,315.87,45.41,10.48,13,0.00,13,10.48,10.20,132.60,1.03,2.12,,"3 frame(s); median area 12.0 px; net motion dx=29.8, dy=-33.9; flags: none"
N1357894331,T0227,1357894331-0036,0.6470,3,20,co-iss-n1357894331,1357894331,2001-01-11T08:39:18.538,328.56,48.09,13.04,5,0.00,5,13.04,10.97,54.87,1.19,4.39,,"3 frame(s); median area 12.0 px; net motion dx=29.8, dy=-33.9; flags: none"
N1357894691,T0227,1357894691-0007,0.6470,3,21,co-iss-n1357894691,1357894691,2001-01-11T08:45:18.535,345.69,11.53,9.65,12,0.15,12,9.65,9.23,110.72,1.05,7.21,,"3 frame(s); median area 12.0 px; net motion dx=29.8, dy=-33.9; flags: none"
N1357884997,T0164,1357884997-0053,0.6442,3,13,co-iss-n1357884997,1357884997,2001-01-11T06:03:44.602,658.50,91.25,9.10,4,0.00,4,9.10,9.08,36.31,1.00,1.82,,"3 frame(s); median area 4.0 px; net motion dx=74.0, dy=-5.7; flags: none"
N1357885387,T0164,1357885387-0071,0.6442,3,14,co-iss-n1357885387,1357885387,2001-01-11T06:10:14.599,702.25,112.25,10.90,4,0.00,4,10.90,10.90,43.61,1.00,2.45,,"3 frame(s); median area 4.0 px; net motion dx=74.0, dy=-5.7; flags: none"
N1357885747,T0164,1357885747-0054,0.6442,3,15,co-iss-n1357885747,1357885747,2001-01-11T06:16:14.597,732.50,85.50,8.50,4,0.00,4,8.50,8.50,34.01,1.00,1.00,,"3 frame(s); median area 4.0 px; net motion dx=74.0, dy=-5.7; flags: none"
N1357909609,T0349,1357909609-0008,0.6437,3,28,co-iss-n1357909609,1357909609,2001-01-11T12:53:56.432,582.00,12.64,9.71,3,0.00,3,9.71,8.93,26.79,1.09,4.39,,"3 frame(s); median area 4.0 px; net motion dx=5.0, dy=82.9; flags: none"
N1357909999,T0349,1357909999-0046,0.6437,3,29,co-iss-n1357909999,1357909999,2001-01-11T13:00:26.429,616.64,59.33,11.28,4,0.15,4,11.28,9.23,36.93,1.22,6.17,,"3 frame(s); median area 4.0 px; net motion dx=5.0, dy=82.9; flags: none"
N1357910359,T0349,1357910359-0072,0.6437,3,30,co-iss-n1357910359,1357910359,2001-01-11T13:06:26.427,587.00,95.49,9.06,6,0.00,6,9.06,8.96,53.76,1.01,1.63,,"3 frame(s); median area 4.0 px; net motion dx=5.0, dy=82.9; flags: none"
N1357871581,T0042,1357871581-0047,0.6426,3,4,co-iss-n1357871581,1357871581,2001-01-11T02:20:08.695,397.59,75.70,9.89,7,0.00,7,9.89,9.50,66.51,1.04,2.18,,"3 frame(s); median area 3.0 px; net motion dx=-123.2, dy=-60.0; flags: none"
N1357871971,T0042,1357871971-0002,0.6426,3,5,co-iss-n1357871971,1357871971,2001-01-11T02:26:38.692,357.36,6.64,11.99,3,0.00,3,11.99,10.99,32.97,1.09,1.73,,"3 frame(s); median area 3.0 px; net motion dx=-123.2, dy=-60.0; flags: none"
N1357872331,T0042,1357872331-0006,0.6426,3,6,co-iss-n1357872331,1357872331,2001-01-11T02:32:38.690,274.35,15.69,10.10,3,0.00,3,10.10,9.74,29.22,1.04,1.73,,"3 frame(s); median area 3.0 px; net motion dx=-123.2, dy=-60.0; flags: none"
N1357876053,T0086,1357876053-0108,0.6424,3,7,co-iss-n1357876053,1357876053,2001-01-11T03:34:40.664,794.34,148.69,8.00,3,0.00,3,8.00,7.77,23.30,1.03,1.73,,"3 frame(s); median area 6.0 px; net motion dx=-90.5, dy=-76.0; flags: none"
N1357876443,T0086,1357876443-0061,0.6424,3,8,co-iss-n1357876443,1357876443,2001-01-11T03:41:10.661,730.47,105.29,10.98,6,0.00,6,10.98,10.32,61.94,1.06,2.37,,"3 frame(s); median area 6.0 px; net motion dx=-90.5, dy=-76.0; flags: none"
N1357876803,T0086,1357876803-0051,0.6424,3,9,co-iss-n1357876803,1357876803,2001-01-11T03:47:10.659,703.86,72.68,8.92,6,0.00,6,8.92,8.75,52.48,1.02,4.26,,"3 frame(s); median area 6.0 px; net motion dx=-90.5, dy=-76.0; flags: none"
N1357889469,T0199,1357889469-0071,0.6421,3,16,co-iss-n1357889469,1357889469,2001-01-11T07:18:16.571,797.00,95.50,8.72,4,0.00,4,8.72,8.72,34.86,1.00,2.62,,"3 frame(s); median area 4.0 px; net motion dx=-122.6, dy=18.2; flags: none"
N1357889859,T0199,1357889859-0082,0.6421,3,17,co-iss-n1357889859,1357889859,2001-01-11T07:24:46.569,732.00,120.50,10.88,4,0.00,4,10.88,10.88,43.51,1.00,2.62,,"3 frame(s); median area 4.0 px; net motion dx=-122.6, dy=18.2; flags: none"
N1357890219,T0199,1357890219-0065,0.6421,3,18,co-iss-n1357890219,1357890219,2001-01-11T07:30:46.566,674.35,113.70,8.41,3,0.00,3,8.41,7.91,23.72,1.06,1.73,,"3 frame(s); median area 4.0 px; net motion dx=-122.6, dy=18.2; flags: none"
N1357893941,T0229,1357893941-0051,0.6393,3,19,co-iss-n1357893941,1357893941,2001-01-11T08:32:48.540,419.67,75.33,9.89,3,0.00,3,9.89,9.89,29.68,1.00,1.73,,"3 frame(s); median area 3.0 px; net motion dx=11.0, dy=5.7; flags: none"
N1357894331,T0229,1357894331-0023,0.6393,3,20,co-iss-n1357894331,1357894331,2001-01-11T08:39:18.538,436.33,31.33,12.82,3,0.00,3,12.82,12.82,38.47,1.00,1.73,,"3 frame(s); median area 3.0 px; net motion dx=11.0, dy=5.7; flags: none"
N1357894691,T0229,1357894691-0064,0.6393,3,21,co-iss-n1357894691,1357894691,2001-01-11T08:45:18.535,430.67,81.00,9.60,3,0.00,3,9.60,9.57,28.71,1.00,4.39,,"3 frame(s); median area 3.0 px; net motion dx=11.0, dy=5.7; flags: none"
N1357876053,T0083,1357876053-0092,0.6280,3,7,co-iss-n1357876053,1357876053,2001-01-11T03:34:40.664,108.33,126.67,9.48,3,0.00,3,9.48,9.48,28.45,1.00,1.73,,"3 frame(s); median area 5.0 px; net motion dx=45.5, dy=-115.5; flags: none"
N1357876443,T0083,1357876443-0028,0.6280,3,8,co-iss-n1357876443,1357876443,2001-01-11T03:41:10.661,142.31,54.84,13.07,5,0.00,5,13.07,11.30,56.52,1.16,1.73,,"3 frame(s); median area 5.0 px; net motion dx=45.5, dy=-115.5; flags: none"
N1357876803,T0083,1357876803-0004,0.6280,3,9,co-iss-n1357876803,1357876803,2001-01-11T03:47:10.659,153.79,11.19,9.90,5,0.00,5,9.90,9.45,47.23,1.05,4.24,,"3 frame(s); median area 5.0 px; net motion dx=45.5, dy=-115.5; flags: none"
N1357893941,T0224,1357893941-0011,0.6268,3,19,co-iss-n1357893941,1357893941,2001-01-11T08:32:48.540,734.43,11.79,9.58,4,0.15,4,9.58,9.14,36.57,1.05,6.17,,"3 frame(s); median area 4.0 px; net motion dx=66.2, dy=38.9; flags: none"
N1357894331,T0224,1357894331-0071,0.6268,3,20,co-iss-n1357894331,1357894331,2001-01-11T08:39:18.538,758.50,84.50,11.38,4,0.00,4,11.38,11.38,45.50,1.00,1.00,,"3 frame(s); median area 4.0 px; net motion dx=66.2, dy=38.9; flags: none"
N1357894691,T0224,1357894691-0032,0.6268,3,21,co-iss-n1357894691,1357894691,2001-01-11T08:45:18.535,800.66,50.68,8.76,3,0.00,3,8.76,8.56,25.69,1.02,1.73,,"3 frame(s); median area 4.0 px; net motion dx=66.2, dy=38.9; flags: none"
N1357909609,T0359,1357909609-0133,0.6221,3,28,co-iss-n1357909609,1357909609,2001-01-11T12:53:56.432,142.67,210.00,8.04,3,0.00,3,8.04,8.01,24.03,1.00,4.39,,"3 frame(s); median area 3.0 px; net motion dx=97.9, dy=-86.5; flags: none"
N1357909999,T0359,1357909999-0115,0.6221,3,29,co-iss-n1357909999,1357909999,2001-01-11T13:00:26.429,176.45,158.80,19.47,3,0.00,3,19.47,11.83,35.50,1.65,1.73,,"3 frame(s); median area 3.0 px; net motion dx=97.9, dy=-86.5; flags: none"
N1357910359,T0359,1357910359-0089,0.6221,3,30,co-iss-n1357910359,1357910359,2001-01-11T13:06:26.427,240.55,123.49,9.43,4,0.00,4,9.43,8.52,34.06,1.11,1.00,,"3 frame(s); median area 3.0 px; net motion dx=97.9, dy=-86.5; flags: none"
N1357876053,T0078,1357876053-0056,0.6108,3,7,co-iss-n1357876053,1357876053,2001-01-11T03:34:40.664,649.50,80.46,9.21,4,0.00,4,9.21,8.57,34.30,1.07,1.00,,"3 frame(s); median area 4.0 px; net motion dx=-14.1, dy=46.1; flags: none"
N1357876443,T0078,1357876443-0039,0.6108,3,8,co-iss-n1357876443,1357876443,2001-01-11T03:41:10.661,612.73,70.32,11.69,3,0.00,3,11.69,9.64,28.93,1.21,1.73,,"3 frame(s); median area 4.0 px; net motion dx=-14.1, dy=46.1; flags: none"
N1357876803,T0078,1357876803-0087,0.6108,3,9,co-iss-n1357876803,1357876803,2001-01-11T03:47:10.659,635.40,126.60,8.16,5,0.00,5,8.16,8.14,40.70,1.00,3.40,,"3 frame(s); median area 4.0 px; net motion dx=-14.1, dy=46.1; flags: none"
N1357893941,T0230,1357893941-0073,0.6088,3,19,co-iss-n1357893941,1357893941,2001-01-11T08:32:48.540,459.25,106.00,9.35,4,0.00,4,9.35,9.34,37.35,1.00,3.60,,"3 frame(s); median area 4.0 px; net motion dx=-64.7, dy=-13.7; flags: none"
N1357894331,T0230,1357894331-0098,0.6088,3,20,co-iss-n1357894331,1357894331,2001-01-11T08:39:18.538,383.50,142.50,11.26,4,0.00,4,11.26,11.24,44.95,1.00,1.00,,"3 frame(s); median area 4.0 px; net motion dx=-64.7, dy=-13.7; flags: none"
N1357894691,T0230,1357894691-0077,0.6088,3,21,co-iss-n1357894691,1357894691,2001-01-11T08:45:18.535,394.59,92.29,9.42,7,0.00,7,9.42,9.29,65.05,1.01,3.63,,"3 frame(s); median area 4.0 px; net motion dx=-64.7, dy=-13.7; flags: none"
N1357909609,T0350,1357909609-0031,0.6064,3,28,co-iss-n1357909609,1357909609,2001-01-11T12:53:56.432,745.62,43.66,10.03,3,0.00,3,10.03,8.73,26.18,1.15,1.73,,"3 frame(s); median area 3.0 px; net motion dx=12.0, dy=-16.9; flags: none"
N1357909999,T0350,1357909999-0072,0.6064,3,29,co-iss-n1357909999,1357909999,2001-01-11T13:00:26.429,725.70,91.31,11.96,3,0.00,3,11.96,10.19,30.58,1.17,1.73,,"3 frame(s); median area 3.0 px; net motion dx=12.0, dy=-16.9; flags: none"
N1357910359,T0350,1357910359-0015,0.6064,3,30,co-iss-n1357910359,1357910359,2001-01-11T13:06:26.427,757.64,26.72,9.52,3,0.00,3,9.52,8.80,26.39,1.08,1.73,,"3 frame(s); median area 3.0 px; net motion dx=12.0, dy=-16.9; flags: none"
N1357893941,T0233,1357893941-0095,0.5984,3,19,co-iss-n1357893941,1357893941,2001-01-11T08:32:48.540,648.50,137.50,8.49,4,0.00,4,8.49,8.49,33.96,1.00,1.00,,"3 frame(s); median area 3.0 px; net motion dx=-24.8, dy=-16.2; flags: none"
N1357894331,T0233,1357894331-0070,0.5984,3,20,co-iss-n1357894331,1357894331,2001-01-11T08:39:18.538,636.09,82.27,11.54,3,0.00,3,11.54,10.54,31.63,1.09,4.39,,"3 frame(s); median area 3.0 px; net motion dx=-24.8, dy=-16.2; flags: none"
N1357894691,T0233,1357894691-0093,0.5984,3,21,co-iss-n1357894691,1357894691,2001-01-11T08:45:18.535,623.67,121.33,8.27,3,0.00,3,8.27,8.25,24.75,1.00,1.73,,"3 frame(s); median area 3.0 px; net motion dx=-24.8, dy=-16.2; flags: none"
N1357900665,T0277,1357900665-0011,0.5982,3,22,co-iss-n1357900665,1357900665,2001-01-11T10:24:52.494,361.30,22.71,10.17,3,0.00,3,10.17,8.37,25.12,1.21,1.73,,"3 frame(s); median area 3.0 px; net motion dx=53.4, dy=55.0; flags: none"
N1357901055,T0277,1357901055-0018,0.5982,3,23,co-iss-n1357901055,1357901055,2001-01-11T10:31:22.491,437.50,32.00,12.88,4,0.00,4,12.88,12.84,51.36,1.00,2.62,,"3 frame(s); median area 3.0 px; net motion dx=53.4, dy=55.0; flags: none"
N1357901415,T0277,1357901415-0045,0.5982,3,24,co-iss-n1357901415,1357901415,2001-01-11T10:37:22.488,414.67,77.67,9.80,3,0.00,3,9.80,9.80,29.40,1.00,1.73,,"3 frame(s); median area 3.0 px; net motion dx=53.4, dy=55.0; flags: none"
N1357876053,T0085,1357876053-0095,0.5979,3,7,co-iss-n1357876053,1357876053,2001-01-11T03:34:40.664,592.35,128.29,8.54,3,0.00,3,8.54,8.04,24.11,1.06,1.73,,"3 frame(s); median area 4.0 px; net motion dx=-24.9, dy=-4.8; flags: none"
N1357876443,T0085,1357876443-0064,0.5979,3,8,co-iss-n1357876443,1357876443,2001-01-11T03:41:10.661,620.50,114.50,10.87,4,0.00,4,10.87,10.87,43.47,1.00,1.00,,"3 frame(s); median area 4.0 px; net motion dx=-24.9, dy=-4.8; flags: none"
N1357876803,T0085,1357876803-0086,0.5979,3,9,co-iss-n1357876803,1357876803,2001-01-11T03:47:10.659,567.48,123.48,8.38,4,0.00,4,8.38,8.12,32.49,1.03,1.00,,"3 frame(s); median area 4.0 px; net motion dx=-24.9, dy=-4.8; flags: none"
N1357871581,T0043,1357871581-0074,0.5933,3,4,co-iss-n1357871581,1357871581,2001-01-11T02:20:08.695,411.67,107.67,9.30,3,0.00,3,9.30,9.30,27.91,1.00,1.73,,"3 frame(s); median area 4.0 px; net motion dx=-73.8, dy=-70.1; flags: none"
N1357871971,T0043,1357871971-0064,0.5933,3,5,co-iss-n1357871971,1357871971,2001-01-11T02:26:38.692,376.75,97.75,11.88,4,0.00,4,11.88,11.81,47.23,1.01,2.45,,"3 frame(s); median area 4.0 px; net motion dx=-73.8, dy=-70.1; flags: none"
N1357872331,T0043,1357872331-0028,0.5933,3,6,co-iss-n1357872331,1357872331,2001-01-11T02:32:38.690,337.84,37.58,10.45,5,0.00,5,10.45,10.01,50.05,1.04,2.62,,"3 frame(s); median area 4.0 px; net motion dx=-73.8, dy=-70.1; flags: none"
N1357889469,T0201,1357889469-0077,0.5919,3,16,co-iss-n1357889469,1357889469,2001-01-11T07:18:16.571,345.50,104.50,9.29,4,0.00,4,9.29,9.21,36.83,1.01,1.00,,"3 frame(s); median area 6.0 px; net motion dx=34.0, dy=2.6; flags: none"
N1357889859,T0201,1357889859-0069,0.5919,3,17,co-iss-n1357889859,1357889859,2001-01-11T07:24:46.569,345.94,92.53,12.22,6,0.00,6,12.22,11.56,69.35,1.06,1.63,,"3 frame(s); median area 6.0 px; net motion dx=34.0, dy=2.6; flags: none"
N1357890219,T0201,1357890219-0061,0.5919,3,18,co-iss-n1357890219,1357890219,2001-01-11T07:30:46.566,379.55,107.14,9.37,6,0.00,6,9.37,8.65,51.92,1.08,2.29,,"3 frame(s); median area 6.0 px; net motion dx=34.0, dy=2.6; flags: none"
N1357905137,T0318,1357905137-0050,0.5847,3,25,co-iss-n1357905137,1357905137,2001-01-11T11:39:24.463,225.79,99.19,9.61,5,0.00,5,9.61,9.52,47.62,1.01,2.89,,"3 frame(s); median area 4.0 px; net motion dx=-36.8, dy=-31.7; flags: none"
N1357905527,T0318,1357905527-0067,0.5847,3,26,co-iss-n1357905527,1357905527,2001-01-11T11:45:54.460,213.50,89.50,12.28,4,0.00,4,12.28,12.28,49.10,1.00,1.00,,"3 frame(s); median area 4.0 px; net motion dx=-36.8, dy=-31.7; flags: none"
N1357905887,T0318,1357905887-0046,0.5847,3,27,co-iss-n1357905887,1357905887,2001-01-11T11:51:54.458,189.00,67.49,10.18,4,0.00,4,10.18,9.99,39.96,1.02,2.62,,"3 frame(s); median area 4.0 px; net motion dx=-36.8, dy=-31.7; flags: none"
N1357876053,T0080,1357876053-0073,0.5841,3,7,co-iss-n1357876053,1357876053,2001-01-11T03:34:40.664,504.49,101.01,9.21,6,0.00,6,9.21,9.09,54.54,1.01,3.60,,"3 frame(s); median area 3.0 px; net motion dx=30.2, dy=13.3; flags: none"
N1357876443,T0080,1357876443-0033,0.5841,3,8,co-iss-n1357876443,1357876443,2001-01-11T03:41:10.661,474.76,61.33,12.46,3,0.00,3,12.46,9.77,29.31,1.28,1.73,,"3 frame(s); median area 3.0 px; net motion dx=30.2, dy=13.3; flags: none"
N1357876803,T0080,1357876803-0079,0.5841,3,9,co-iss-n1357876803,1357876803,2001-01-11T03:47:10.659,534.67,114.33,8.69,3,0.00,3,8.69,8.69,26.08,1.00,1.73,,"3 frame(s); median area 3.0 px; net motion dx=30.2, dy=13.3; flags: none"
N1357905137,T0320,1357905137-0071,0.5837,3,25,co-iss-n1357905137,1357905137,2001-01-11T11:39:24.463,664.50,139.00,8.36,4,0.00,4,8.36,8.35,33.40,1.00,2.62,,"3 frame(s); median area 4.0 px; net motion dx=44.8, dy=-57.7; flags: none"
N1357905527,T0320,1357905527-0061,0.5837,3,26,co-iss-n1357905527,1357905527,2001-01-11T11:45:54.460,680.91,85.23,11.29,5,0.00,5,11.29,10.03,50.15,1.13,5.21,,"3 frame(s); median area 4.0 px; net motion dx=44.8, dy=-57.7; flags: none"
N1357905887,T0320,1357905887-0060,0.5837,3,27,co-iss-n1357905887,1357905887,2001-01-11T11:51:54.458,709.33,81.33,8.71,3,0.00,3,8.71,8.70,26.09,1.00,1.73,,"3 frame(s); median area 4.0 px; net motion dx=44.8, dy=-57.7; flags: none"
N1357867109,T0013,1357867109-0065,0.5798,3,1,co-iss-n1357867109,1357867109,2001-01-11T01:05:36.726,132.02,84.67,9.76,3,0.00,3,9.76,9.11,27.33,1.07,4.39,,"3 frame(s); median area 3.0 px; net motion dx=-65.4, dy=69.3; flags: none"
N1357867499,T0013,1357867499-0068,0.5798,3,2,co-iss-n1357867499,1357867499,2001-01-11T01:12:06.723,62.40,110.94,12.52,3,0.00,3,12.52,10.53,31.59,1.19,4.39,,"3 frame(s); median area 3.0 px; net motion dx=-65.4, dy=69.3; flags: none"
N1357867859,T0013,1357867859-0097,0.5798,3,3,co-iss-n1357867859,1357867859,2001-01-11T01:18:06.721,66.66,153.97,9.52,3,0.00,3,9.52,9.24,27.71,1.03,4.39,,"3 frame(s); median area 3.0 px; net motion dx=-65.4, dy=69.3; flags: none"
N1357880525,T0130,1357880525-0079,0.5793,3,10,co-iss-n1357880525,1357880525,2001-01-11T04:49:12.633,358.50,120.00,9.02,6,0.00,6,9.02,9.01,54.05,1.00,1.63,,"3 frame(s); median area 4.0 px; net motion dx=-21.6, dy=-58.3; flags: none"
N1357880915,T0130,1357880915-0051,0.5793,3,11,co-iss-n1357880915,1357880915,2001-01-11T04:55:42.630,301.33,65.67,12.78,3,0.00,3,12.78,12.78,38.33,1.00,1.73,,"3 frame(s); median area 4.0 px; net motion dx=-21.6, dy=-58.3; flags: none"
N1357881275,T0130,1357881275-0040,0.5793,3,12,co-iss-n1357881275,1357881275,2001-01-11T05:01:42.628,336.93,61.70,10.12,4,0.00,4,10.12,8.48,33.92,1.19,3.60,,"3 frame(s); median area 4.0 px; net motion dx=-21.6, dy=-58.3; flags: none"
N1357905137,T0321,1357905137-0081,0.5743,3,25,co-iss-n1357905137,1357905137,2001-01-11T11:39:24.463,708.00,152.33,8.18,3,0.00,3,8.18,8.17,24.51,1.00,4.39,,"3 frame(s); median area 4.0 px; net motion dx=15.2, dy=-60.3; flags: none"
N1357905527,T0321,1357905527-0077,0.5743,3,26,co-iss-n1357905527,1357905527,2001-01-11T11:45:54.460,753.55,102.55,10.96,4,0.00,4,10.96,9.99,39.97,1.10,1.00,,"3 frame(s); median area 4.0 px; net motion dx=15.2, dy=-60.3; flags: none"
N1357905887,T0321,1357905887-0064,0.5743,3,27,co-iss-n1357905887,1357905887,2001-01-11T11:51:54.458,723.25,92.00,8.44,4,0.00,4,8.44,8.38,33.54,1.01,1.63,,"3 frame(s); median area 4.0 px; net motion dx=15.2, dy=-60.3; flags: none"
N1357889859,T0205,1357889859-0074,0.5538,2,17,co-iss-n1357889859,1357889859,2001-01-11T07:24:46.569,118.00,106.61,12.61,21,0.15,21,12.61,11.45,240.39,1.10,7.19,,"2 frame(s); median area 16.5 px; net motion dx=-54.5, dy=59.4; flags: none"
N1357890219,T0205,1357890219-0110,0.5538,2,18,co-iss-n1357890219,1357890219,2001-01-11T07:30:46.566,63.54,166.00,9.50,12,0.00,12,9.50,9.24,110.88,1.03,1.37,,"2 frame(s); median area 16.5 px; net motion dx=-54.5, dy=59.4; flags: none"
N1357893941,T0228,1357893941-0036,0.5531,2,19,co-iss-n1357893941,1357893941,2001-01-11T08:32:48.540,605.69,50.34,9.94,3,0.00,3,9.94,9.36,28.07,1.06,1.73,,"2 frame(s); median area 10.5 px; net motion dx=-15.9, dy=7.6; flags: none"
N1357894331,T0228,1357894331-0043,0.5531,2,20,co-iss-n1357894331,1357894331,2001-01-11T08:39:18.538,589.82,57.94,11.93,18,0.00,18,11.93,11.73,211.06,1.02,2.29,,"2 frame(s); median area 10.5 px; net motion dx=-15.9, dy=7.6; flags: none"
N1357880525,T0120,1357880525-0036,0.5526,2,10,co-iss-n1357880525,1357880525,2001-01-11T04:49:12.633,503.33,56.33,9.96,3,0.00,3,9.96,9.96,29.89,1.00,1.73,,"2 frame(s); median area 12.5 px; net motion dx=-39.1, dy=-49.0; flags: none"
N1357880915,T0120,1357880915-0003,0.5526,2,11,co-iss-n1357880915,1357880915,2001-01-11T04:55:42.630,464.20,7.30,11.72,22,0.00,22,11.72,11.44,251.64,1.02,1.92,,"2 frame(s); median area 12.5 px; net motion dx=-39.1, dy=-49.0; flags: none"
N1357876053,T0076,1357876053-0047,0.5497,2,7,co-iss-n1357876053,1357876053,2001-01-11T03:34:40.664,853.00,70.67,9.26,3,0.00,3,9.26,9.26,27.78,1.00,4.39,,"2 frame(s); median area 16.5 px; net motion dx=-3.7, dy=-47.1; flags: none"
N1357876443,T0076,1357876443-0011,0.5497,2,8,co-iss-n1357876443,1357876443,2001-01-11T03:41:10.661,849.29,23.54,11.47,30,0.00,30,11.47,11.15,334.50,1.03,2.12,,"2 frame(s); median area 16.5 px; net motion dx=-3.7, dy=-47.1; flags: none"
N1357893941,T0235,1357893941-0154,0.5440,2,19,co-iss-n1357893941,1357893941,2001-01-11T08:32:48.540,50.27,245.33,8.31,18,0.00,18,8.31,8.25,148.57,1.01,5.06,,"2 frame(s); median area 10.5 px; net motion dx=54.1, dy=-0.7; flags: none"
N1357894331,T0235,1357894331-0188,0.5440,2,20,co-iss-n1357894331,1357894331,2001-01-11T08:39:18.538,104.33,244.67,10.54,3,0.00,3,10.54,10.54,31.62,1.00,1.73,,"2 frame(s); median area 10.5 px; net motion dx=54.1, dy=-0.7; flags: none"
N1357894331,T0241,1357894331-0087,0.5434,2,20,co-iss-n1357894331,1357894331,2001-01-11T08:39:18.538,104.31,124.88,12.49,5,0.00,5,12.49,11.36,56.79,1.10,2.89,,"2 frame(s); median area 7.5 px; net motion dx=-56.5, dy=-17.6; flags: none"
N1357894691,T0241,1357894691-0083,0.5434,2,21,co-iss-n1357894691,1357894691,2001-01-11T08:45:18.535,47.83,107.26,10.31,10,0.15,10,10.31,9.84,98.42,1.05,7.99,,"2 frame(s); median area 7.5 px; net motion dx=-56.5, dy=-17.6; flags: none"
N1357876053,T0081,1357876053-0076,0.5412,3,7,co-iss-n1357876053,1357876053,2001-01-11T03:34:40.664,295.00,105.50,9.39,8,0.00,8,9.39,8.99,71.93,1.04,2.45,,"3 frame(s); median area 5.0 px; net motion dx=0.3, dy=-51.6; flags: none"
N1357876443,T0081,1357876443-0060,0.5412,3,8,co-iss-n1357876443,1357876443,2001-01-11T03:41:10.661,304.57,100.70,12.13,5,0.00,5,12.13,11.19,55.95,1.08,1.73,,"3 frame(s); median area 5.0 px; net motion dx=0.3, dy=-51.6; flags: none"
N1357876803,T0081,1357876803-0037,0.5412,3,9,co-iss-n1357876803,1357876803,2001-01-11T03:47:10.659,295.29,53.93,10.34,3,0.00,3,10.34,9.71,29.12,1.07,4.39,,"3 frame(s); median area 5.0 px; net motion dx=0.3, dy=-51.6; flags: none"
N1357905527,T0330,1357905527-0089,0.5344,2,26,co-iss-n1357905527,1357905527,2001-01-11T11:45:54.460,659.87,117.74,10.74,3,0.00,3,10.74,9.11,27.34,1.18,4.39,,"2 frame(s); median area 7.5 px; net motion dx=-57.5, dy=-49.1; flags: none"
N1357905887,T0330,1357905887-0047,0.5344,2,27,co-iss-n1357905887,1357905887,2001-01-11T11:51:54.458,602.36,68.66,9.07,12,0.00,12,9.07,8.88,106.54,1.02,2.55,,"2 frame(s); median area 7.5 px; net motion dx=-57.5, dy=-49.1; flags: none"
N1357885387,T0172,1357885387-0082,0.5302,2,14,co-iss-n1357885387,1357885387,2001-01-11T06:10:14.599,815.84,130.32,10.24,12,0.00,12,10.24,9.76,117.16,1.05,3.96,,"2 frame(s); median area 7.5 px; net motion dx=-29.5, dy=-46.0; flags: none"
N1357885747,T0172,1357885747-0053,0.5302,2,15,co-iss-n1357885747,1357885747,2001-01-11T06:16:14.597,786.35,84.30,8.15,3,0.00,3,8.15,7.77,23.30,1.05,1.73,,"2 frame(s); median area 7.5 px; net motion dx=-29.5, dy=-46.0; flags: none"
N1357876053,T0087,1357876053-0114,0.5256,3,7,co-iss-n1357876053,1357876053,2001-01-11T03:34:40.664,530.50,153.50,8.27,4,0.00,4,8.27,8.27,33.09,1.00,1.00,,"3 frame(s); median area 4.0 px; net motion dx=15.8, dy=-44.8; flags: none"
N1357876443,T0087,1357876443-0087,0.5256,3,8,co-iss-n1357876443,1357876443,2001-01-11T03:41:10.661,538.67,146.33,10.65,3,0.00,3,10.65,10.64,31.93,1.00,1.73,,"3 frame(s); median area 4.0 px; net motion dx=15.8, dy=-44.8; flags: none"
N1357876803,T0087,1357876803-0075,0.5256,3,9,co-iss-n1357876803,1357876803,2001-01-11T03:47:10.659,546.25,108.75,8.78,4,0.00,4,8.78,8.76,35.04,1.00,2.45,,"3 frame(s); median area 4.0 px; net motion dx=15.8, dy=-44.8; flags: none"
N1357894331,T0238,1357894331-0032,0.5253,2,20,co-iss-n1357894331,1357894331,2001-01-11T08:39:18.538,844.56,45.33,11.82,9,0.00,9,11.82,11.80,106.16,1.00,2.60,,"2 frame(s); median area 7.0 px; net motion dx=75.4, dy=-10.4; flags: none"
N1357894691,T0238,1357894691-0023,0.5253,2,21,co-iss-n1357894691,1357894691,2001-01-11T08:45:18.535,919.93,34.98,9.11,5,0.00,5,9.11,8.53,42.67,1.07,2.62,,"2 frame(s); median area 7.0 px; net motion dx=75.4, dy=-10.4; flags: none"
N1357909609,T0358,1357909609-0098,0.5249,2,28,co-iss-n1357909609,1357909609,2001-01-11T12:53:56.432,723.29,149.46,8.13,11,0.00,11,8.13,8.04,88.45,1.01,3.26,,"2 frame(s); median area 7.0 px; net motion dx=46.3, dy=-1.2; flags: none"
N1357909999,T0358,1357909999-0109,0.5249,2,29,co-iss-n1357909999,1357909999,2001-01-11T13:00:26.429,769.61,148.25,12.68,3,0.00,3,12.68,10.95,32.84,1.16,1.73,,"2 frame(s); median area 7.0 px; net motion dx=46.3, dy=-1.2; flags: none"
N1357900665,T0286,1357900665-0075,0.5244,2,22,co-iss-n1357900665,1357900665,2001-01-11T10:24:52.494,1016.33,123.33,8.91,3,0.00,3,8.91,8.88,26.64,1.00,1.73,,"2 frame(s); median area 7.0 px; net motion dx=-28.2, dy=6.7; flags: none"
N1357901055,T0286,1357901055-0072,0.5244,2,23,co-iss-n1357901055,1357901055,2001-01-11T10:31:22.491,988.09,130.00,11.71,11,0.00,11,11.71,11.71,128.83,1.00,4.26,,"2 frame(s); median area 7.0 px; net motion dx=-28.2, dy=6.7; flags: none"
N1357884997,T0162,1357884997-0020,0.5200,2,13,co-iss-n1357884997,1357884997,2001-01-11T06:03:44.602,282.66,44.44,10.40,9,0.00,9,10.40,9.78,88.02,1.06,3.57,,"2 frame(s); median area 6.5 px; net motion dx=36.2, dy=-15.3; flags: none"
N1357885387,T0162,1357885387-0017,0.5200,2,14,co-iss-n1357885387,1357885387,2001-01-11T06:10:14.599,318.87,29.19,12.93,4,0.00,4,12.93,10.31,41.22,1.25,1.63,,"2 frame(s); median area 6.5 px; net motion dx=36.2, dy=-15.3; flags: none"
N1357905527,T0324,1357905527-0011,0.5178,2,26,co-iss-n1357905527,1357905527,2001-01-11T11:45:54.460,273.00,15.50,12.55,4,0.00,4,12.55,12.52,50.09,1.00,2.62,,"2 frame(s); median area 6.5 px; net motion dx=27.4, dy=52.8; flags: none"
N1357905887,T0324,1357905887-0045,0.5178,2,27,co-iss-n1357905887,1357905887,2001-01-11T11:51:54.458,300.44,68.34,10.05,9,0.00,9,10.05,9.97,89.74,1.01,5.76,,"2 frame(s); median area 6.5 px; net motion dx=27.4, dy=52.8; flags: none"
N1357876053,T0089,1357876053-0133,0.5119,3,7,co-iss-n1357876053,1357876053,2001-01-11T03:34:40.664,417.67,182.67,8.09,3,0.00,3,8.09,8.06,24.19,1.00,1.73,,"3 frame(s); median area 3.0 px; net motion dx=-37.3, dy=-29.0; flags: none"
N1357876443,T0089,1357876443-0076,0.5119,3,8,co-iss-n1357876443,1357876443,2001-01-11T03:41:10.661,370.50,133.50,11.36,4,0.00,4,11.36,11.36,45.45,1.00,1.00,,"3 frame(s); median area 3.0 px; net motion dx=-37.3, dy=-29.0; flags: none"
N1357876803,T0089,1357876803-0107,0.5119,3,9,co-iss-n1357876803,1357876803,2001-01-11T03:47:10.659,380.33,153.67,8.42,3,0.00,3,8.42,8.41,25.23,1.00,1.73,,"3 frame(s); median area 3.0 px; net motion dx=-37.3, dy=-29.0; flags: none"
N1357909999,T0360,1357909999-0068,0.5111,2,29,co-iss-n1357909999,1357909999,2001-01-11T13:00:26.429,352.23,90.57,19.81,4,0.00,4,19.81,14.27,57.06,1.39,2.45,,"2 frame(s); median area 5.5 px; net motion dx=-50.1, dy=56.7; flags: none"
N1357910359,T0360,1357910359-0106,0.5111,2,30,co-iss-n1357910359,1357910359,2001-01-11T13:06:26.427,302.09,147.23,8.88,7,0.00,7,8.88,8.62,60.31,1.03,5.39,,"2 frame(s); median area 5.5 px; net motion dx=-50.1, dy=56.7; flags: none"
N1357867499,T0022,1357867499-0084,0.5054,2,2,co-iss-n1357867499,1357867499,2001-01-11T01:12:06.723,658.38,147.12,10.07,8,0.15,8,10.07,10.07,80.60,1.00,7.29,,"2 frame(s); median area 6.5 px; net motion dx=-38.0, dy=-35.5; flags: none"
N1357867859,T0022,1357867859-0077,0.5054,2,3,co-iss-n1357867859,1357867859,2001-01-11T01:18:06.721,620.40,111.60,8.40,5,0.00,5,8.40,8.37,41.84,1.00,3.40,,"2 frame(s); median area 6.5 px; net motion dx=-38.0, dy=-35.5; flags: none"
N1357880525,T0128,1357880525-0064,0.5053,3,10,co-iss-n1357880525,1357880525,2001-01-11T04:49:12.633,885.67,82.67,8.93,3,0.00,3,8.93,8.93,26.80,1.00,1.73,,"3 frame(s); median area 3.0 px; net motion dx=-48.4, dy=-25.7; flags: none"
N1357880915,T0128,1357880915-0066,0.5053,3,11,co-iss-n1357880915,1357880915,2001-01-11T04:55:42.630,908.04,86.21,11.28,10,0.00,10,11.28,10.77,107.67,1.05,1.79,,"3 frame(s); median area 3.0 px; net motion dx=-48.4, dy=-25.7; flags: none"
N1357881275,T0128,1357881275-0036,0.5053,3,12,co-iss-n1357881275,1357881275,2001-01-11T05:01:42.628,837.31,56.97,8.51,3,0.00,3,8.51,8.23,24.70,1.03,4.39,,"3 frame(s); median area 3.0 px; net motion dx=-48.4, dy=-25.7; flags: none"
N1357880525,T0125,1357880525-0053,0.5030,2,10,co-iss-n1357880525,1357880525,2001-01-11T04:49:12.633,564.25,68.39,9.61,8,0.00,8,9.61,9.47,75.80,1.01,5.59,,"2 frame(s); median area 6.0 px; net motion dx=-66.2, dy=0.1; flags: none"
N1357880915,T0125,1357880915-0054,0.5030,2,11,co-iss-n1357880915,1357880915,2001-01-11T04:55:42.630,498.00,68.50,12.22,4,0.00,4,12.22,12.22,48.89,1.00,2.62,,"2 frame(s); median area 6.0 px; net motion dx=-66.2, dy=0.1; flags: none"
N1357894331,T0254,1357894331-0193,0.4986,2,20,co-iss-n1357894331,1357894331,2001-01-11T08:39:18.538,38.67,249.67,11.26,3,0.00,3,11.26,11.26,33.79,1.00,1.73,,"2 frame(s); median area 6.0 px; net motion dx=26.0, dy=-66.0; flags: none"
N1357894691,T0254,1357894691-0142,0.4986,2,21,co-iss-n1357894691,1357894691,2001-01-11T08:45:18.535,64.66,183.67,9.11,9,0.00,9,9.11,9.08,81.74,1.00,5.32,,"2 frame(s); median area 6.0 px; net motion dx=26.0, dy=-66.0; flags: none"
N1357901055,T0294,1357901055-0069,0.4984,2,23,co-iss-n1357901055,1357901055,2001-01-11T10:31:22.491,511.33,115.33,11.49,3,0.00,3,11.49,11.49,34.47,1.00,1.73,,"2 frame(s); median area 6.0 px; net motion dx=-81.5, dy=17.6; flags: none"
N1357901415,T0294,1357901415-0079,0.4984,2,24,co-iss-n1357901415,1357901415,2001-01-11T10:37:22.488,429.88,132.95,8.81,9,0.00,9,8.81,8.56,77.00,1.03,2.01,,"2 frame(s); median area 6.0 px; net motion dx=-81.5, dy=17.6; flags: none"
N1357880525,T0132,1357880525-0088,0.4971,2,10,co-iss-n1357880525,1357880525,2001-01-11T04:49:12.633,908.80,135.20,8.31,5,0.00,5,8.31,8.28,41.41,1.00,4.24,,"2 frame(s); median area 6.0 px; net motion dx=43.1, dy=-11.1; flags: none"
N1357880915,T0132,1357880915-0099,0.4971,2,11,co-iss-n1357880915,1357880915,2001-01-11T04:55:42.630,951.94,124.05,11.56,7,0.00,7,11.56,10.37,72.61,1.11,1.73,,"2 frame(s); median area 6.0 px; net motion dx=43.1, dy=-11.1; flags: none"
N1357867109,T0012,1357867109-0064,0.4943,2,1,co-iss-n1357867109,1357867109,2001-01-11T01:05:36.726,791.52,83.48,8.88,4,0.00,4,8.88,8.53,34.10,1.04,1.00,,"2 frame(s); median area 6.0 px; net motion dx=54.2, dy=24.0; flags: none"
N1357867499,T0012,1357867499-0063,0.4943,2,2,co-iss-n1357867499,1357867499,2001-01-11T01:12:06.723,845.77,107.46,10.07,8,0.00,8,10.07,9.69,77.53,1.04,4.47,,"2 frame(s); median area 6.0 px; net motion dx=54.2, dy=24.0; flags: none"
N1357900665,T0289,1357900665-0124,0.4869,2,22,co-iss-n1357900665,1357900665,2001-01-11T10:24:52.494,59.69,206.17,8.46,6,0.00,6,8.46,7.93,47.57,1.07,2.64,,"2 frame(s); median area 5.5 px; net motion dx=-32.3, dy=-33.4; flags: none"
N1357901055,T0289,1357901055-0099,0.4869,2,23,co-iss-n1357901055,1357901055,2001-01-11T10:31:22.491,27.39,172.82,12.16,5,0.00,5,12.16,11.89,59.44,1.02,1.73,,"2 frame(s); median area 5.5 px; net motion dx=-32.3, dy=-33.4; flags: none"
N1357893941,T0231,1357893941-0075,0.4864,2,19,co-iss-n1357893941,1357893941,2001-01-11T08:32:48.540,469.28,109.71,9.30,7,0.00,7,9.30,9.28,64.99,1.00,4.04,,"2 frame(s); median area 5.5 px; net motion dx=28.2, dy=27.8; flags: none"
N1357894331,T0231,1357894331-0096,0.4864,2,20,co-iss-n1357894331,1357894331,2001-01-11T08:39:18.538,497.53,137.52,11.15,4,0.00,4,11.15,10.61,42.44,1.05,1.00,,"2 frame(s); median area 5.5 px; net motion dx=28.2, dy=27.8; flags: none"
N1357880915,T0139,1357880915-0022,0.4823,2,11,co-iss-n1357880915,1357880915,2001-01-11T04:55:42.630,309.58,25.73,12.94,5,0.00,5,12.94,12.23,61.16,1.06,1.73,,"2 frame(s); median area 5.0 px; net motion dx=32.5, dy=8.2; flags: none"
N1357881275,T0139,1357881275-0017,0.4823,2,12,co-iss-n1357881275,1357881275,2001-01-11T05:01:42.628,342.06,33.92,10.34,5,0.00,5,10.34,9.56,47.82,1.08,2.62,,"2 frame(s); median area 5.0 px; net motion dx=32.5, dy=8.2; flags: none"
N1357894331,T0242,1357894331-0109,0.4822,2,20,co-iss-n1357894331,1357894331,2001-01-11T08:39:18.538,286.44,164.51,10.93,4,0.00,4,10.93,9.74,38.95,1.12,1.00,,"2 frame(s); median area 5.5 px; net motion dx=66.0, dy=6.5; flags: none"
N1357894691,T0242,1357894691-0135,0.4822,2,21,co-iss-n1357894691,1357894691,2001-01-11T08:45:18.535,352.43,171.00,8.13,7,0.00,7,8.13,8.10,56.71,1.00,3.82,,"2 frame(s); median area 5.5 px; net motion dx=66.0, dy=6.5; flags: none"
N1357871581,T0040,1357871581-0031,0.4805,2,4,co-iss-n1357871581,1357871581,2001-01-11T02:20:08.695,510.77,50.00,10.07,4,0.00,4,10.07,9.73,38.92,1.03,1.63,,"2 frame(s); median area 5.0 px; net motion dx=-77.6, dy=-24.4; flags: none"
N1357871971,T0040,1357871971-0012,0.4805,2,5,co-iss-n1357871971,1357871971,2001-01-11T02:26:38.692,433.13,25.62,12.60,6,0.15,6,12.60,11.95,71.73,1.05,6.19,,"2 frame(s); median area 5.0 px; net motion dx=-77.6, dy=-24.4; flags: none"
N1357905137,T0314,1357905137-0007,0.4786,2,25,co-iss-n1357905137,1357905137,2001-01-11T11:39:24.463,450.89,18.84,9.92,5,0.00,5,9.92,9.39,46.93,1.06,4.24,,"2 frame(s); median area 5.0 px; net motion dx=-28.5, dy=-8.0; flags: none"
N1357905527,T0314,1357905527-0006,0.4786,2,26,co-iss-n1357905527,1357905527,2001-01-11T11:45:54.460,422.38,10.80,12.11,5,0.00,5,12.11,11.65,58.25,1.04,1.73,,"2 frame(s); median area 5.0 px; net motion dx=-28.5, dy=-8.0; flags: none"
N1357880525,T0122,1357880525-0041,0.4736,2,10,co-iss-n1357880525,1357880525,2001-01-11T04:49:12.633,783.22,61.78,9.47,5,0.00,5,9.47,9.31,46.53,1.02,4.24,,"2 frame(s); median area 5.0 px; net motion dx=-17.6, dy=46.8; flags: none"
N1357880915,T0122,1357880915-0088,0.4736,2,11,co-iss-n1357880915,1357880915,2001-01-11T04:55:42.630,765.60,108.57,10.89,5,0.00,5,10.89,10.27,51.34,1.06,2.99,,"2 frame(s); median area 5.0 px; net motion dx=-17.6, dy=46.8; flags: none"
N1357905527,T0325,1357905527-0052,0.4729,2,26,co-iss-n1357905527,1357905527,2001-01-11T11:45:54.460,787.20,79.40,11.23,5,0.00,5,11.23,11.19,55.94,1.00,1.73,,"2 frame(s); median area 5.0 px; net motion dx=-35.0, dy=-19.2; flags: none"
N1357905887,T0325,1357905887-0040,0.4729,2,27,co-iss-n1357905887,1357905887,2001-01-11T11:51:54.458,752.21,60.21,8.89,5,0.00,5,8.89,8.79,43.93,1.01,4.24,,"2 frame(s); median area 5.0 px; net motion dx=-35.0, dy=-19.2; flags: none"
N1357905527,T0335,1357905527-0153,0.4723,2,26,co-iss-n1357905527,1357905527,2001-01-11T11:45:54.460,109.54,213.46,10.68,4,0.00,4,10.68,9.98,39.93,1.07,1.00,,"2 frame(s); median area 5.0 px; net motion dx=-26.5, dy=-45.0; flags: none"
N1357905887,T0335,1357905887-0112,0.4723,2,27,co-iss-n1357905887,1357905887,2001-01-11T11:51:54.458,83.00,168.50,9.25,6,0.00,6,9.25,9.25,55.48,1.00,1.63,,"2 frame(s); median area 5.0 px; net motion dx=-26.5, dy=-45.0; flags: none"
N1357871971,T0048,1357871971-0037,0.4719,2,5,co-iss-n1357871971,1357871971,2001-01-11T02:26:38.692,808.80,60.40,11.44,5,0.00,5,11.44,11.42,57.10,1.00,1.73,,"2 frame(s); median area 5.0 px; net motion dx=23.6, dy=0.4; flags: none"
N1357872331,T0048,1357872331-0044,0.4719,2,6,co-iss-n1357872331,1357872331,2001-01-11T02:32:38.690,832.40,60.80,8.34,5,0.00,5,8.34,8.33,41.67,1.00,1.73,,"2 frame(s); median area 5.0 px; net motion dx=23.6, dy=0.4; flags: none"
N1357889469,T0197,1357889469-0056,0.4698,2,16,co-iss-n1357889469,1357889469,2001-01-11T07:18:16.571,165.64,77.88,9.92,5,0.15,5,9.92,9.35,46.73,1.06,6.31,,"2 frame(s); median area 4.5 px; net motion dx=-80.1, dy=-6.3; flags: none"
N1357889859,T0197,1357889859-0047,0.4698,2,17,co-iss-n1357889859,1357889859,2001-01-11T07:24:46.569,85.54,71.54,13.34,4,0.00,4,13.34,12.25,49.02,1.09,1.00,,"2 frame(s); median area 4.5 px; net motion dx=-80.1, dy=-6.3; flags: none"
N1357905137,T0316,1357905137-0014,0.4696,2,25,co-iss-n1357905137,1357905137,2001-01-11T11:39:24.463,98.29,33.38,10.55,3,0.00,3,10.55,9.31,27.94,1.13,1.73,,"2 frame(s); median area 4.5 px; net motion dx=-30.2, dy=69.1; flags: none"
N1357905527,T0316,1357905527-0076,0.4696,2,26,co-iss-n1357905527,1357905527,2001-01-11T11:45:54.460,68.07,102.46,12.66,6,0.00,6,12.66,11.76,70.54,1.08,1.63,,"2 frame(s); median area 4.5 px; net motion dx=-30.2, dy=69.1; flags: none"
N1357909999,T0362,1357909999-0135,0.4690,2,29,co-iss-n1357909999,1357909999,2001-01-11T13:00:26.429,55.32,188.19,21.09,3,0.00,3,21.09,14.12,42.35,1.49,1.73,,"2 frame(s); median area 3.5 px; net motion dx=-7.8, dy=-52.7; flags: none"
N1357910359,T0362,1357910359-0099,0.4690,2,30,co-iss-n1357910359,1357910359,2001-01-11T13:06:26.427,47.48,135.52,10.25,4,0.00,4,10.25,9.86,39.44,1.04,1.00,,"2 frame(s); median area 3.5 px; net motion dx=-7.8, dy=-52.7; flags: none"
N1357905137,T0322,1357905137-0106,0.4681,2,25,co-iss-n1357905137,1357905137,2001-01-11T11:39:24.463,393.67,176.16,8.23,6,0.00,6,8.23,8.20,49.19,1.00,2.64,,"2 frame(s); median area 5.0 px; net motion dx=77.9, dy=7.9; flags: none"
N1357905527,T0322,1357905527-0121,0.4681,2,26,co-iss-n1357905527,1357905527,2001-01-11T11:45:54.460,471.54,184.07,10.30,4,0.00,4,10.30,9.59,38.35,1.07,2.62,,"2 frame(s); median area 5.0 px; net motion dx=77.9, dy=7.9; flags: none"
N1357905527,T0333,1357905527-0123,0.4680,2,26,co-iss-n1357905527,1357905527,2001-01-11T11:45:54.460,475.18,188.96,10.24,4,0.00,4,10.24,9.32,37.29,1.10,3.60,,"2 frame(s); median area 5.0 px; net motion dx=59.7, dy=-44.5; flags: none"
N1357905887,T0333,1357905887-0093,0.4680,2,27,co-iss-n1357905887,1357905887,2001-01-11T11:51:54.458,534.83,144.50,8.27,6,0.00,6,8.27,8.22,49.33,1.01,4.32,,"2 frame(s); median area 5.0 px; net motion dx=59.7, dy=-44.5; flags: none"
N1357909609,T0357,1357909609-0080,0.4674,2,28,co-iss-n1357909609,1357909609,2001-01-11T12:53:56.432,910.97,122.79,8.54,5,0.00,5,8.54,8.13,40.65,1.05,5.21,,"2 frame(s); median area 5.0 px; net motion dx=17.8, dy=60.2; flags: none"
N1357909999,T0357,1357909999-0132,0.4674,2,29,co-iss-n1357909999,1357909999,2001-01-11T13:00:26.429,928.79,183.04,9.76,5,0.00,5,9.76,8.40,41.98,1.16,1.97,,"2 frame(s); median area 5.0 px; net motion dx=17.8, dy=60.2; flags: none"
N1357900665,T0281,1357900665-0033,0.4660,2,22,co-iss-n1357900665,1357900665,2001-01-11T10:24:52.494,868.47,49.48,9.67,4,0.00,4,9.67,9.12,36.49,1.06,1.00,,"2 frame(s); median area 4.5 px; net motion dx=41.1, dy=-28.0; flags: none"
N1357901055,T0281,1357901055-0011,0.4660,2,23,co-iss-n1357901055,1357901055,2001-01-11T10:31:22.491,909.60,21.45,12.32,5,0.00,5,12.32,10.20,51.01,1.21,3.40,,"2 frame(s); median area 4.5 px; net motion dx=41.1, dy=-28.0; flags: none"
N1357901055,T0293,1357901055-0053,0.4649,2,23,co-iss-n1357901055,1357901055,2001-01-11T10:31:22.491,534.36,90.82,11.82,5,0.00,5,11.82,10.39,51.96,1.14,1.73,,"2 frame(s); median area 4.5 px; net motion dx=0.3, dy=-62.2; flags: none"
N1357901415,T0293,1357901415-0017,0.4649,2,24,co-iss-n1357901415,1357901415,2001-01-11T10:37:22.488,534.70,28.59,9.80,4,0.15,4,9.80,8.46,33.85,1.16,6.17,,"2 frame(s); median area 4.5 px; net motion dx=0.3, dy=-62.2; flags: none"
N1357909609,T0356,1357909609-0079,0.4624,2,28,co-iss-n1357909609,1357909609,2001-01-11T12:53:56.432,931.00,121.50,8.81,4,0.00,4,8.81,8.79,35.15,1.00,2.62,,"2 frame(s); median area 3.5 px; net motion dx=29.6, dy=39.9; flags: none"
N1357909999,T0356,1357909999-0118,0.4624,2,29,co-iss-n1357909999,1357909999,2001-01-11T13:00:26.429,960.64,161.42,20.34,3,0.00,3,20.34,11.74,35.23,1.73,4.39,,"2 frame(s); median area 3.5 px; net motion dx=29.6, dy=39.9; flags: none"
N1357876053,T0079,1357876053-0066,0.4600,2,7,co-iss-n1357876053,1357876053,2001-01-11T03:34:40.664,735.00,91.50,9.03,4,0.00,4,9.03,9.01,36.05,1.00,2.62,,"2 frame(s); median area 4.5 px; net motion dx=53.8, dy=-2.5; flags: none"
N1357876443,T0079,1357876443-0052,0.4600,2,8,co-iss-n1357876443,1357876443,2001-01-11T03:41:10.661,788.77,88.97,10.98,5,0.00,5,10.98,9.70,48.52,1.13,3.52,,"2 frame(s); median area 4.5 px; net motion dx=53.8, dy=-2.5; flags: none"
N1357880525,T0133,1357880525-0095,0.4570,2,10,co-iss-n1357880525,1357880525,2001-01-11T04:49:12.633,645.51,151.03,8.17,4,0.00,4,8.17,7.92,31.70,1.03,2.62,,"2 frame(s); median area 4.5 px; net motion dx=-10.8, dy=-31.5; flags: none"
N1357880915,T0133,1357880915-0097,0.4570,2,11,co-iss-n1357880915,1357880915,2001-01-11T04:55:42.630,634.72,119.57,10.84,5,0.00,5,10.84,10.16,50.82,1.07,1.73,,"2 frame(s); median area 4.5 px; net motion dx=-10.8, dy=-31.5; flags: none"
N1357889469,T0195,1357889469-0017,0.4569,2,16,co-iss-n1357889469,1357889469,2001-01-11T07:18:16.571,275.80,32.80,10.36,4,0.00,4,10.36,9.71,38.83,1.07,2.45,,"2 frame(s); median area 4.0 px; net motion dx=1.3, dy=37.3; flags: none"
N1357889859,T0195,1357889859-0046,0.4569,2,17,co-iss-n1357889859,1357889859,2001-01-11T07:24:46.569,277.11,70.07,12.78,4,0.00,4,12.78,10.72,42.87,1.19,3.60,,"2 frame(s); median area 4.0 px; net motion dx=1.3, dy=37.3; flags: none"
N1357905527,T0331,1357905527-0096,0.4559,2,26,co-iss-n1357905527,1357905527,2001-01-11T11:45:54.460,698.54,137.23,10.46,4,0.15,4,10.46,10.18,40.70,1.03,6.17,,"2 frame(s); median area 4.5 px; net motion dx=34.0, dy=-30.0; flags: none"
N1357905887,T0331,1357905887-0078,0.4559,2,27,co-iss-n1357905887,1357905887,2001-01-11T11:51:54.458,732.59,107.18,8.18,5,0.00,5,8.18,7.98,39.92,1.02,1.73,,"2 frame(s); median area 4.5 px; net motion dx=34.0, dy=-30.0; flags: none"
N1357901055,T0300,1357901055-0132,0.4559,2,23,co-iss-n1357901055,1357901055,2001-01-11T10:31:22.491,329.40,209.40,10.21,5,0.00,5,10.21,10.20,50.99,1.00,3.40,,"2 frame(s); median area 4.5 px; net motion dx=48.4, dy=-50.4; flags: none"
N1357901415,T0300,1357901415-0097,0.4559,2,24,co-iss-n1357901415,1357901415,2001-01-11T10:37:22.488,377.75,159.00,8.41,4,0.00,4,8.41,8.40,33.59,1.00,3.60,,"2 frame(s); median area 4.5 px; net motion dx=48.4, dy=-50.4; flags: none"
N1357876053,T0075,1357876053-0042,0.4554,2,7,co-iss-n1357876053,1357876053,2001-01-11T03:34:40.664,226.20,64.40,10.06,5,0.00,5,10.06,10.06,50.32,1.00,1.73,,"2 frame(s); median area 4.0 px; net motion dx=2.5, dy=15.2; flags: none"
N1357876443,T0075,1357876443-0042,0.4554,2,8,co-iss-n1357876443,1357876443,2001-01-11T03:41:10.661,228.67,79.58,12.57,3,0.00,3,12.57,9.88,29.64,1.27,1.73,,"2 frame(s); median area 4.0 px; net motion dx=2.5, dy=15.2; flags: none"
N1357889469,T0198,1357889469-0059,0.4536,2,16,co-iss-n1357889469,1357889469,2001-01-11T07:18:16.571,541.50,78.50,9.52,4,0.00,4,9.52,9.52,38.07,1.00,1.00,,"2 frame(s); median area 4.0 px; net motion dx=-74.0, dy=-11.0; flags: none"
N1357889859,T0198,1357889859-0044,0.4536,2,17,co-iss-n1357889859,1357889859,2001-01-11T07:24:46.569,467.48,67.52,12.50,4,0.00,4,12.50,12.07,48.30,1.04,1.00,,"2 frame(s); median area 4.0 px; net motion dx=-74.0, dy=-11.0; flags: none"
N1357867499,T0018,1357867499-0045,0.4535,2,2,co-iss-n1357867499,1357867499,2001-01-11T01:12:06.723,458.55,71.72,12.08,3,0.00,3,12.08,8.93,26.78,1.35,1.73,,"2 frame(s); median area 4.0 px; net motion dx=-56.1, dy=-12.0; flags: none"
N1357867859,T0018,1357867859-0046,0.4535,2,3,co-iss-n1357867859,1357867859,2001-01-11T01:18:06.721,402.42,59.74,9.92,5,0.00,5,9.92,9.42,47.09,1.05,1.73,,"2 frame(s); median area 4.0 px; net motion dx=-56.1, dy=-12.0; flags: none"
N1357894331,T0240,1357894331-0052,0.4529,2,20,co-iss-n1357894331,1357894331,2001-01-11T08:39:18.538,1019.51,67.98,12.60,4,0.00,4,12.60,11.01,44.04,1.14,2.62,,"2 frame(s); median area 4.0 px; net motion dx=-62.0, dy=-13.5; flags: none"
N1357894691,T0240,1357894691-0039,0.4529,2,21,co-iss-n1357894691,1357894691,2001-01-11T08:45:18.535,957.52,54.51,9.20,4,0.00,4,9.20,8.84,35.38,1.04,1.00,,"2 frame(s); median area 4.0 px; net motion dx=-62.0, dy=-13.5; flags: none"
N1357871971,T0049,1357871971-0042,0.4510,2,5,co-iss-n1357871971,1357871971,2001-01-11T02:26:38.692,573.89,69.58,11.72,4,0.00,4,11.72,9.74,38.98,1.20,2.62,,"2 frame(s); median area 4.0 px; net motion dx=73.6, dy=-29.6; flags: none"
N1357872331,T0049,1357872331-0032,0.4510,2,6,co-iss-n1357872331,1357872331,2001-01-11T02:32:38.690,647.51,40.03,9.47,4,0.00,4,9.47,8.72,34.90,1.09,2.62,,"2 frame(s); median area 4.0 px; net motion dx=73.6, dy=-29.6; flags: none"
N1357876443,T0090,1357876443-0051,0.4510,2,8,co-iss-n1357876443,1357876443,2001-01-11T03:41:10.661,450.33,86.67,12.08,3,0.00,3,12.08,12.08,36.23,1.00,1.73,,"2 frame(s); median area 4.0 px; net motion dx=41.1, dy=17.5; flags: none"
N1357876803,T0090,1357876803-0071,0.4510,2,9,co-iss-n1357876803,1357876803,2001-01-11T03:47:10.659,491.40,104.20,9.09,5,0.00,5,9.09,9.06,45.29,1.00,1.73,,"2 frame(s); median area 4.0 px; net motion dx=41.1, dy=17.5; flags: none"
N1357876053,T0082,1357876053-0090,0.4509,2,7,co-iss-n1357876053,1357876053,2001-01-11T03:34:40.664,338.16,122.78,8.99,4,0.00,4,8.99,8.06,32.22,1.12,2.45,,"2 frame(s); median area 4.0 px; net motion dx=23.4, dy=-31.2; flags: none"
N1357876443,T0082,1357876443-0057,0.4509,2,8,co-iss-n1357876443,1357876443,2001-01-11T03:41:10.661,361.55,91.57,12.13,4,0.00,4,12.13,10.70,42.80,1.13,1.00,,"2 frame(s); median area 4.0 px; net motion dx=23.4, dy=-31.2; flags: none"
N1357885387,T0173,1357885387-0083,0.4499,2,14,co-iss-n1357885387,1357885387,2001-01-11T06:10:14.599,421.20,130.60,11.29,5,0.00,5,11.29,11.26,56.32,1.00,1.73,,"2 frame(s); median area 4.0 px; net motion dx=31.5, dy=-48.9; flags: none"
N1357885747,T0173,1357885747-0049,0.4499,2,15,co-iss-n1357885747,1357885747,2001-01-11T06:16:14.597,452.67,81.67,9.53,3,0.00,3,9.53,9.50,28.49,1.00,1.73,,"2 frame(s); median area 4.0 px; net motion dx=31.5, dy=-48.9; flags: none"
N1357871971,T0054,1357871971-0096,0.4487,2,5,co-iss-n1357871971,1357871971,2001-01-11T02:26:38.692,230.43,147.05,11.17,4,0.00,4,11.17,9.84,39.38,1.13,2.62,,"2 frame(s); median area 4.0 px; net motion dx=-6.7, dy=-20.6; flags: none"
N1357872331,T0054,1357872331-0084,0.4487,2,6,co-iss-n1357872331,1357872331,2001-01-11T02:32:38.690,223.75,126.50,9.24,4,0.15,4,9.24,9.22,36.88,1.00,6.17,,"2 frame(s); median area 4.0 px; net motion dx=-6.7, dy=-20.6; flags: none"
N1357867109,T0015,1357867109-0088,0.4479,2,1,co-iss-n1357867109,1357867109,2001-01-11T01:05:36.726,894.51,111.51,8.39,4,0.00,4,8.39,8.28,33.11,1.01,1.00,,"2 frame(s); median area 4.0 px; net motion dx=18.9, dy=-62.0; flags: none"
N1357867499,T0015,1357867499-0029,0.4479,2,2,co-iss-n1357867499,1357867499,2001-01-11T01:12:06.723,913.44,49.51,11.76,4,0.00,4,11.76,10.47,41.89,1.12,1.00,,"2 frame(s); median area 4.0 px; net motion dx=18.9, dy=-62.0; flags: none"
N1357867499,T0021,1357867499-0070,0.4478,2,2,co-iss-n1357867499,1357867499,2001-01-11T01:12:06.723,429.16,112.57,11.38,5,0.15,5,11.38,10.52,52.58,1.08,6.31,,"2 frame(s); median area 4.0 px; net motion dx=-78.1, dy=18.7; flags: none"
N1357867859,T0021,1357867859-0088,0.4478,2,3,co-iss-n1357867859,1357867859,2001-01-11T01:18:06.721,351.05,131.30,8.71,3,0.00,3,8.71,8.28,24.85,1.05,4.39,,"2 frame(s); median area 4.0 px; net motion dx=-78.1, dy=18.7; flags: none"
N1357884997,T0166,1357884997-0085,0.4460,2,13,co-iss-n1357884997,1357884997,2001-01-11T06:03:44.602,547.00,164.65,8.16,3,0.00,3,8.16,7.77,23.31,1.05,4.39,,"2 frame(s); median area 4.0 px; net motion dx=11.2, dy=-66.3; flags: none"
N1357885387,T0166,1357885387-0064,0.4460,2,14,co-iss-n1357885387,1357885387,2001-01-11T06:10:14.599,558.17,98.36,11.34,5,0.00,5,11.34,8.93,44.64,1.27,1.73,,"2 frame(s); median area 4.0 px; net motion dx=11.2, dy=-66.3; flags: none"
N1357871581,T0039,1357871581-0026,0.4454,2,4,co-iss-n1357871581,1357871581,2001-01-11T02:20:08.695,199.00,45.49,10.38,4,0.00,4,10.38,10.13,40.51,1.02,2.62,,"2 frame(s); median area 3.5 px; net motion dx=-40.3, dy=-11.9; flags: none"
N1357871971,T0039,1357871971-0018,0.4454,2,5,co-iss-n1357871971,1357871971,2001-01-11T02:26:38.692,158.73,33.60,13.09,3,0.00,3,13.09,10.85,32.56,1.21,1.73,,"2 frame(s); median area 3.5 px; net motion dx=-40.3, dy=-11.9; flags: none"
N1357880525,T0135,1357880525-0103,0.4422,2,10,co-iss-n1357880525,1357880525,2001-01-11T04:49:12.633,508.00,171.50,8.13,4,0.00,4,8.13,8.11,32.43,1.00,2.62,,"2 frame(s); median area 4.0 px; net motion dx=80.5, dy=3.8; flags: none"
N1357880915,T0135,1357880915-0146,0.4422,2,11,co-iss-n1357880915,1357880915,2001-01-11T04:55:42.630,588.53,175.27,10.11,4,0.00,4,10.11,9.52,38.07,1.06,1.82,,"2 frame(s); median area 4.0 px; net motion dx=80.5, dy=3.8; flags: none"
N1357894331,T0237,1357894331-0004,0.4419,2,20,co-iss-n1357894331,1357894331,2001-01-11T08:39:18.538,126.26,7.67,12.43,4,0.00,4,12.43,11.69,46.74,1.06,2.45,,"2 frame(s); median area 3.5 px; net motion dx=-50.9, dy=1.0; flags: none"
N1357894691,T0237,1357894691-0004,0.4419,2,21,co-iss-n1357894691,1357894691,2001-01-11T08:45:18.535,75.33,8.67,9.87,3,0.00,3,9.87,9.85,29.56,1.00,1.73,,"2 frame(s); median area 3.5 px; net motion dx=-50.9, dy=1.0; flags: none"
N1357889469,T0196,1357889469-0044,0.4419,2,16,co-iss-n1357889469,1357889469,2001-01-11T07:18:16.571,427.71,63.68,9.96,3,0.00,3,9.96,8.42,25.25,1.18,1.73,,"2 frame(s); median area 3.5 px; net motion dx=-56.9, dy=-53.5; flags: none"
N1357889859,T0196,1357889859-0004,0.4419,2,17,co-iss-n1357889859,1357889859,2001-01-11T07:24:46.569,370.80,10.18,12.33,4,0.00,4,12.33,10.93,43.73,1.13,2.45,,"2 frame(s); median area 3.5 px; net motion dx=-56.9, dy=-53.5; flags: none"
N1357871971,T0055,1357871971-0114,0.4416,2,5,co-iss-n1357871971,1357871971,2001-01-11T02:26:38.692,624.66,180.32,9.80,3,0.00,3,9.80,9.66,28.99,1.01,1.73,,"2 frame(s); median area 4.0 px; net motion dx=48.7, dy=-62.1; flags: none"
N1357872331,T0055,1357872331-0077,0.4416,2,6,co-iss-n1357872331,1357872331,2001-01-11T02:32:38.690,673.40,118.20,8.25,5,0.00,5,8.25,8.22,41.09,1.00,1.73,,"2 frame(s); median area 4.0 px; net motion dx=48.7, dy=-62.1; flags: none"
N1357880525,T0119,1357880525-0034,0.4409,2,10,co-iss-n1357880525,1357880525,2001-01-11T04:49:12.633,597.34,54.03,9.74,3,0.00,3,9.74,9.42,28.27,1.03,4.39,,"2 frame(s); median area 3.5 px; net motion dx=8.1, dy=-11.5; flags: none"
N1357880915,T0119,1357880915-0034,0.4409,2,11,co-iss-n1357880915,1357880915,2001-01-11T04:55:42.630,605.47,42.49,12.22,4,0.00,4,12.22,10.70,42.78,1.14,1.00,,"2 frame(s); median area 3.5 px; net motion dx=8.1, dy=-11.5; flags: none"
N1357876053,T0072,1357876053-0014,0.4405,2,7,co-iss-n1357876053,1357876053,2001-01-11T03:34:40.664,622.50,20.50,9.75,4,0.00,4,9.75,9.73,38.92,1.00,1.00,,"2 frame(s); median area 3.5 px; net motion dx=-53.8, dy=-0.2; flags: none"
N1357876443,T0072,1357876443-0009,0.4405,2,8,co-iss-n1357876443,1357876443,2001-01-11T03:41:10.661,568.67,20.33,12.08,3,0.00,3,12.08,12.04,36.12,1.00,1.73,,"2 frame(s); median area 3.5 px; net motion dx=-53.8, dy=-0.2; flags: none"
N1357893941,T0225,1357893941-0013,0.4399,2,19,co-iss-n1357893941,1357893941,2001-01-11T08:32:48.540,723.67,16.33,9.76,3,0.00,3,9.76,9.73,29.18,1.00,1.73,,"2 frame(s); median area 3.5 px; net motion dx=-21.7, dy=48.4; flags: none"
N1357894331,T0225,1357894331-0049,0.4399,2,20,co-iss-n1357894331,1357894331,2001-01-11T08:39:18.538,702.00,64.75,11.88,4,0.00,4,11.88,11.88,47.51,1.00,1.63,,"2 frame(s); median area 3.5 px; net motion dx=-21.7, dy=48.4; flags: none"
N1357909609,T0352,1357909609-0035,0.4398,2,28,co-iss-n1357909609,1357909609,2001-01-11T12:53:56.432,156.32,48.00,10.47,3,0.00,3,10.47,9.77,29.31,1.07,4.39,,"2 frame(s); median area 3.5 px; net motion dx=-29.9, dy=61.1; flags: none"
N1357909999,T0352,1357909999-0087,0.4398,2,29,co-iss-n1357909999,1357909999,2001-01-11T13:00:26.429,126.47,109.07,11.15,4,0.00,4,11.15,9.17,36.68,1.22,2.62,,"2 frame(s); median area 3.5 px; net motion dx=-29.9, dy=61.1; flags: none"
N1357885387,T0187,1357885387-0192,0.4397,2,14,co-iss-n1357885387,1357885387,2001-01-11T06:10:14.599,92.82,306.61,9.03,5,0.00,5,9.03,8.37,41.85,1.08,1.73,,"2 frame(s); median area 4.0 px; net motion dx=-60.8, dy=-28.3; flags: none"
N1357885747,T0187,1357885747-0155,0.4397,2,15,co-iss-n1357885747,1357885747,2001-01-11T06:16:14.597,32.00,278.33,8.37,3,0.00,3,8.37,8.37,25.10,1.00,4.39,,"2 frame(s); median area 4.0 px; net motion dx=-60.8, dy=-28.3; flags: none"
N1357909999,T0361,1357909999-0075,0.4394,2,29,co-iss-n1357909999,1357909999,2001-01-11T13:00:26.429,425.73,92.51,16.51,3,0.00,3,16.51,10.89,32.66,1.52,1.73,,"2 frame(s); median area 3.0 px; net motion dx=-21.1, dy=35.2; flags: none"
N1357910359,T0361,1357910359-0092,0.4394,2,30,co-iss-n1357910359,1357910359,2001-01-11T13:06:26.427,404.67,127.67,9.11,3,0.00,3,9.11,9.08,27.23,1.00,1.73,,"2 frame(s); median area 3.0 px; net motion dx=-21.1, dy=35.2; flags: none"
N1357900665,T0283,1357900665-0057,0.4393,2,22,co-iss-n1357900665,1357900665,2001-01-11T10:24:52.494,192.30,89.35,9.72,3,0.00,3,9.72,9.25,27.75,1.05,1.73,,"2 frame(s); median area 3.5 px; net motion dx=-59.0, dy=50.9; flags: none"
N1357901055,T0283,1357901055-0081,0.4393,2,23,co-iss-n1357901055,1357901055,2001-01-11T10:31:22.491,133.32,140.21,11.71,4,0.00,4,11.71,11.10,44.40,1.06,3.16,,"2 frame(s); median area 3.5 px; net motion dx=-59.0, dy=50.9; flags: none"
N1357905527,T0326,1357905527-0059,0.4388,2,26,co-iss-n1357905527,1357905527,2001-01-11T11:45:54.460,467.62,84.76,12.06,3,0.00,3,12.06,10.51,31.52,1.15,1.73,,"2 frame(s); median area 3.5 px; net motion dx=-3.1, dy=16.7; flags: none"
N1357905887,T0326,1357905887-0070,0.4388,2,27,co-iss-n1357905887,1357905887,2001-01-11T11:51:54.458,464.50,101.50,9.20,4,0.00,4,9.20,9.18,36.72,1.00,1.00,,"2 frame(s); median area 3.5 px; net motion dx=-3.1, dy=16.7; flags: none"
N1357871971,T0059,1357871971-0119,0.4385,2,5,co-iss-n1357871971,1357871971,2001-01-11T02:26:38.692,42.50,190.50,11.55,4,0.00,4,11.55,11.55,46.21,1.00,1.00,,"2 frame(s); median area 3.5 px; net motion dx=4.1, dy=-24.9; flags: none"
N1357872331,T0059,1357872331-0122,0.4385,2,6,co-iss-n1357872331,1357872331,2001-01-11T02:32:38.690,46.63,165.63,9.60,3,0.00,3,9.60,8.75,26.25,1.10,1.73,,"2 frame(s); median area 3.5 px; net motion dx=4.1, dy=-24.9; flags: none"
N1357880525,T0129,1357880525-0067,0.4383,2,10,co-iss-n1357880525,1357880525,2001-01-11T04:49:12.633,995.77,89.45,9.69,4,0.00,4,9.69,9.29,37.14,1.04,4.47,,"2 frame(s); median area 3.5 px; net motion dx=-22.1, dy=61.9; flags: none"
N1357880915,T0129,1357880915-0127,0.4383,2,11,co-iss-n1357880915,1357880915,2001-01-11T04:55:42.630,973.67,151.33,11.39,3,0.00,3,11.39,11.39,34.17,1.00,1.73,,"2 frame(s); median area 3.5 px; net motion dx=-22.1, dy=61.9; flags: none"
N1357909999,T0365,1357909999-0156,0.4375,1,29,co-iss-n1357909999,1357909999,2001-01-11T13:00:26.429,1007.75,211.02,84.53,24,0.00,24,84.53,55.36,1328.57,1.53,4.21,,1 frame(s); median area 24.0 px; flags: none
N1357909999,T0380,1357909999-0296,0.4375,1,29,co-iss-n1357909999,1357909999,2001-01-11T13:00:26.429,994.73,406.24,82.81,9,0.15,9,82.81,20.66,185.98,4.01,1.95,,1 frame(s); median area 9.0 px; flags: none
N1357889859,T0207,1357889859-0099,0.4372,2,17,co-iss-n1357889859,1357889859,2001-01-11T07:24:46.569,157.63,149.12,11.83,3,0.00,3,11.83,10.58,31.74,1.12,4.39,,"2 frame(s); median area 3.5 px; net motion dx=76.1, dy=-0.9; flags: none"
N1357890219,T0207,1357890219-0092,0.4372,2,18,co-iss-n1357890219,1357890219,2001-01-11T07:30:46.566,233.75,148.25,8.91,4,0.00,4,8.91,8.90,35.61,1.00,2.45,,"2 frame(s); median area 3.5 px; net motion dx=76.1, dy=-0.9; flags: none"
N1357876053,T0074,1357876053-0037,0.4368,2,7,co-iss-n1357876053,1357876053,2001-01-11T03:34:40.664,789.50,59.50,9.53,4,0.00,4,9.53,9.53,38.11,1.00,1.00,,"2 frame(s); median area 3.5 px; net motion dx=0.2, dy=24.5; flags: none"
N1357876443,T0074,1357876443-0047,0.4368,2,8,co-iss-n1357876443,1357876443,2001-01-11T03:41:10.661,789.67,84.00,11.09,3,0.00,3,11.09,11.09,33.26,1.00,4.39,,"2 frame(s); median area 3.5 px; net motion dx=0.2, dy=24.5; flags: none"
N1357867109,T0010,1357867109-0038,0.4367,3,1,co-iss-n1357867109,1357867109,2001-01-11T01:05:36.726,257.25,53.75,10.11,4,0.00,4,10.11,10.09,40.35,1.00,2.45,,"3 frame(s); median area 3.0 px; net motion dx=-86.9, dy=-10.8; flags: none"
N1357867499,T0010,1357867499-0030,0.4367,3,2,co-iss-n1357867499,1357867499,2001-01-11T01:12:06.723,251.65,50.69,12.74,3,0.00,3,12.74,12.29,36.87,1.04,1.73,,"3 frame(s); median area 3.0 px; net motion dx=-86.9, dy=-10.8; flags: none"
N1357867859,T0010,1357867859-0027,0.4367,3,3,co-iss-n1357867859,1357867859,2001-01-11T01:18:06.721,170.40,42.93,10.50,3,0.00,3,10.50,8.76,26.28,1.20,4.39,,"3 frame(s); median area 3.0 px; net motion dx=-86.9, dy=-10.8; flags: none"
N1357889859,T0206,1357889859-0075,0.4366,2,17,co-iss-n1357889859,1357889859,2001-01-11T07:24:46.569,992.51,99.49,11.88,4,0.00,4,11.88,10.04,40.16,1.18,1.00,,"2 frame(s); median area 3.5 px; net motion dx=2.8, dy=15.2; flags: none"
N1357890219,T0206,1357890219-0068,0.4366,2,18,co-iss-n1357890219,1357890219,2001-01-11T07:30:46.566,995.31,114.66,8.64,3,0.00,3,8.64,8.37,25.11,1.03,1.73,,"2 frame(s); median area 3.5 px; net motion dx=2.8, dy=15.2; flags: none"
N1357894331,T0239,1357894331-0041,0.4357,2,20,co-iss-n1357894331,1357894331,2001-01-11T08:39:18.538,810.50,56.25,11.71,4,0.00,4,11.71,11.68,46.73,1.00,1.82,,"2 frame(s); median area 3.5 px; net motion dx=0.2, dy=-47.9; flags: none"
N1357894691,T0239,1357894691-0006,0.4357,2,21,co-iss-n1357894691,1357894691,2001-01-11T08:45:18.535,810.70,8.35,8.53,3,0.00,3,8.53,8.13,24.38,1.05,1.73,,"2 frame(s); median area 3.5 px; net motion dx=0.2, dy=-47.9; flags: none"
N1357871581,T0044,1357871581-0086,0.4357,2,4,co-iss-n1357871581,1357871581,2001-01-11T02:20:08.695,981.26,120.57,9.21,4,0.00,4,9.21,8.76,35.03,1.05,4.47,,"2 frame(s); median area 3.5 px; net motion dx=4.7, dy=68.1; flags: none"
N1357871971,T0044,1357871971-0116,0.4357,2,5,co-iss-n1357871971,1357871971,2001-01-11T02:26:38.692,986.00,188.67,11.00,3,0.00,3,11.00,11.00,33.01,1.00,4.39,,"2 frame(s); median area 3.5 px; net motion dx=4.7, dy=68.1; flags: none"
N1357909609,T0355,1357909609-0064,0.4355,2,28,co-iss-n1357909609,1357909609,2001-01-11T12:53:56.432,33.50,96.50,10.48,4,0.00,4,10.48,10.45,41.80,1.00,1.00,,"2 frame(s); median area 3.5 px; net motion dx=-5.4, dy=-61.2; flags: none"
N1357909999,T0355,1357909999-0023,0.4355,2,29,co-iss-n1357909999,1357909999,2001-01-11T13:00:26.429,28.07,35.31,9.69,3,0.00,3,9.69,8.49,25.47,1.14,4.39,,"2 frame(s); median area 3.5 px; net motion dx=-5.4, dy=-61.2; flags: none"
N1357871581,T0041,1357871581-0033,0.4354,2,4,co-iss-n1357871581,1357871581,2001-01-11T02:20:08.695,36.33,52.33,10.83,3,0.00,3,10.83,10.80,32.39,1.00,1.73,,"2 frame(s); median area 3.0 px; net motion dx=20.0, dy=-8.7; flags: none"
N1357871971,T0041,1357871971-0026,0.4354,2,5,co-iss-n1357871971,1357871971,2001-01-11T02:26:38.692,56.30,43.64,13.47,3,0.00,3,13.47,12.59,37.77,1.07,1.73,,"2 frame(s); median area 3.0 px; net motion dx=20.0, dy=-8.7; flags: none"
N1357880525,T0134,1357880525-0098,0.4343,2,10,co-iss-n1357880525,1357880525,2001-01-11T04:49:12.633,504.97,161.69,8.22,3,0.00,3,8.22,7.86,23.58,1.05,4.39,,"2 frame(s); median area 3.5 px; net motion dx=-38.5, dy=-47.1; flags: none"
N1357880915,T0134,1357880915-0095,0.4343,2,11,co-iss-n1357880915,1357880915,2001-01-11T04:55:42.630,466.48,114.55,11.56,4,0.00,4,11.56,10.56,42.23,1.09,1.00,,"2 frame(s); median area 3.5 px; net motion dx=-38.5, dy=-47.1; flags: none"
N1357905137,T0319,1357905137-0060,0.4325,2,25,co-iss-n1357905137,1357905137,2001-01-11T11:39:24.463,880.01,128.34,8.27,3,0.00,3,8.27,8.18,24.53,1.01,4.39,,"2 frame(s); median area 3.5 px; net motion dx=-73.5, dy=-36.3; flags: none"
N1357905527,T0319,1357905527-0069,0.4325,2,26,co-iss-n1357905527,1357905527,2001-01-11T11:45:54.460,806.53,92.00,10.90,4,0.00,4,10.90,10.28,41.12,1.06,2.62,,"2 frame(s); median area 3.5 px; net motion dx=-73.5, dy=-36.3; flags: none"
N1357876443,T0096,1357876443-0120,0.4322,2,8,co-iss-n1357876443,1357876443,2001-01-11T03:41:10.661,197.07,214.35,10.32,4,0.00,4,10.32,9.44,37.76,1.09,3.60,,"2 frame(s); median area 3.5 px; net motion dx=-32.4, dy=-39.7; flags: none"
N1357876803,T0096,1357876803-0119,0.4322,2,9,co-iss-n1357876803,1357876803,2001-01-11T03:47:10.659,164.67,174.67,8.74,3,0.00,3,8.74,8.71,26.12,1.00,1.73,,"2 frame(s); median area 3.5 px; net motion dx=-32.4, dy=-39.7; flags: none"
N1357900665,T0288,1357900665-0122,0.4321,2,22,co-iss-n1357900665,1357900665,2001-01-11T10:24:52.494,958.66,203.65,8.10,3,0.00,3,8.10,7.79,23.36,1.04,1.73,,"2 frame(s); median area 3.5 px; net motion dx=-6.4, dy=-15.6; flags: none"
N1357901055,T0288,1357901055-0112,0.4321,2,23,co-iss-n1357901055,1357901055,2001-01-11T10:31:22.491,952.26,188.06,10.93,4,0.00,4,10.93,10.36,41.44,1.06,1.63,,"2 frame(s); median area 3.5 px; net motion dx=-6.4, dy=-15.6; flags: none"
N1357880525,T0136,1357880525-0106,0.4315,2,10,co-iss-n1357880525,1357880525,2001-01-11T04:49:12.633,439.33,173.67,8.17,3,0.00,3,8.17,8.16,24.48,1.00,1.73,,"2 frame(s); median area 3.5 px; net motion dx=-63.9, dy=4.9; flags: none"
N1357880915,T0136,1357880915-0150,0.4315,2,11,co-iss-n1357880915,1357880915,2001-01-11T04:55:42.630,375.47,178.53,10.67,4,0.00,4,10.67,10.08,40.34,1.06,1.00,,"2 frame(s); median area 3.5 px; net motion dx=-63.9, dy=4.9; flags: none"
N1357901055,T0292,1357901055-0029,0.4315,2,23,co-iss-n1357901055,1357901055,2001-01-11T10:31:22.491,267.67,48.33,13.16,3,0.00,3,13.16,13.16,39.48,1.00,1.73,,"2 frame(s); median area 3.0 px; net motion dx=3.7, dy=-37.6; flags: none"
N1357901415,T0292,1357901415-0003,0.4315,2,24,co-iss-n1357901415,1357901415,2001-01-11T10:37:22.488,271.35,10.70,9.84,3,0.00,3,9.84,9.31,27.94,1.06,1.73,,"2 frame(s); median area 3.0 px; net motion dx=3.7, dy=-37.6; flags: none"
N1357871581,T0047,1357871581-0151,0.4305,2,4,co-iss-n1357871581,1357871581,2001-01-11T02:20:08.695,969.67,216.33,8.10,3,0.00,3,8.10,8.10,24.29,1.00,1.73,,"2 frame(s); median area 3.5 px; net motion dx=47.8, dy=-39.8; flags: none"
N1357871971,T0047,1357871971-0109,0.4305,2,5,co-iss-n1357871971,1357871971,2001-01-11T02:26:38.692,1017.46,176.54,10.40,4,0.00,4,10.40,9.58,38.34,1.09,1.00,,"2 frame(s); median area 3.5 px; net motion dx=47.8, dy=-39.8; flags: none"
N1357867109,T0014,1357867109-0081,0.4296,2,1,co-iss-n1357867109,1357867109,2001-01-11T01:05:36.726,770.28,102.78,8.61,4,0.00,4,8.61,8.25,33.01,1.04,3.16,,"2 frame(s); median area 3.5 px; net motion dx=36.1, dy=45.6; flags: none"
N1357867499,T0014,1357867499-0086,0.4296,2,2,co-iss-n1357867499,1357867499,2001-01-11T01:12:06.723,806.33,148.33,9.59,3,0.00,3,9.59,9.55,28.64,1.00,1.73,,"2 frame(s); median area 3.5 px; net motion dx=36.1, dy=45.6; flags: none"
N1357867499,T0019,1357867499-0047,0.4292,2,2,co-iss-n1357867499,1357867499,2001-01-11T01:12:06.723,373.36,73.73,12.19,3,0.00,3,12.19,11.11,33.32,1.10,1.73,,"2 frame(s); median area 3.0 px; net motion dx=26.3, dy=-22.4; flags: none"
N1357867859,T0019,1357867859-0034,0.4292,2,3,co-iss-n1357867859,1357867859,2001-01-11T01:18:06.721,399.70,51.30,10.05,3,0.00,3,10.05,8.38,25.14,1.20,1.73,,"2 frame(s); median area 3.0 px; net motion dx=26.3, dy=-22.4; flags: none"
N1357876443,T0099,1357876443-0128,0.4287,2,8,co-iss-n1357876443,1357876443,2001-01-11T03:41:10.661,259.67,223.67,9.82,3,0.00,3,9.82,9.82,29.46,1.00,1.73,,"2 frame(s); median area 3.5 px; net motion dx=-38.2, dy=-29.2; flags: none"
N1357876803,T0099,1357876803-0127,0.4287,2,9,co-iss-n1357876803,1357876803,2001-01-11T03:47:10.659,221.50,194.50,8.07,4,0.00,4,8.07,8.07,32.27,1.00,1.00,,"2 frame(s); median area 3.5 px; net motion dx=-38.2, dy=-29.2; flags: none"
N1357871971,T0061,1357871971-0144,0.4284,2,5,co-iss-n1357871971,1357871971,2001-01-11T02:26:38.692,495.96,219.35,9.69,3,0.00,3,9.69,9.27,27.81,1.04,4.39,,"2 frame(s); median area 3.5 px; net motion dx=-39.5, dy=-40.8; flags: none"
N1357872331,T0061,1357872331-0131,0.4284,2,6,co-iss-n1357872331,1357872331,2001-01-11T02:32:38.690,456.50,178.50,8.12,4,0.00,4,8.12,8.10,32.39,1.00,1.00,,"2 frame(s); median area 3.5 px; net motion dx=-39.5, dy=-40.8; flags: none"
N1357885387,T0174,1357885387-0088,0.4280,2,14,co-iss-n1357885387,1357885387,2001-01-11T06:10:14.599,182.66,134.68,11.56,3,0.00,3,11.56,11.34,34.02,1.02,1.73,,"2 frame(s); median area 3.0 px; net motion dx=-5.0, dy=-77.3; flags: none"
N1357885747,T0174,1357885747-0033,0.4280,2,15,co-iss-n1357885747,1357885747,2001-01-11T06:16:14.597,177.67,57.33,10.28,3,0.00,3,10.28,10.27,30.81,1.00,1.73,,"2 frame(s); median area 3.0 px; net motion dx=-5.0, dy=-77.3; flags: none"
N1357889859,T0204,1357889859-0073,0.4275,2,17,co-iss-n1357889859,1357889859,2001-01-11T07:24:46.569,269.68,97.34,12.33,3,0.00,3,12.33,12.03,36.08,1.03,1.73,,"2 frame(s); median area 3.0 px; net motion dx=-26.7, dy=-5.0; flags: none"
N1357890219,T0204,1357890219-0054,0.4275,2,18,co-iss-n1357890219,1357890219,2001-01-11T07:30:46.566,243.01,92.33,9.34,3,0.00,3,9.34,8.80,26.39,1.06,4.39,,"2 frame(s); median area 3.0 px; net motion dx=-26.7, dy=-5.0; flags: none"
N1357905527,T0323,1357905527-0010,0.4263,2,26,co-iss-n1357905527,1357905527,2001-01-11T11:45:54.460,698.62,14.24,11.84,3,0.00,3,11.84,10.36,31.07,1.14,1.73,,"2 frame(s); median area 3.0 px; net motion dx=-35.0, dy=14.8; flags: none"
N1357905887,T0323,1357905887-0019,0.4263,2,27,co-iss-n1357905887,1357905887,2001-01-11T11:51:54.458,663.67,29.00,9.42,3,0.00,3,9.42,9.42,28.27,1.00,4.39,,"2 frame(s); median area 3.0 px; net motion dx=-35.0, dy=14.8; flags: none"
N1357876443,T0093,1357876443-0094,0.4244,2,8,co-iss-n1357876443,1357876443,2001-01-11T03:41:10.661,103.67,166.00,11.80,3,0.00,3,11.80,11.77,35.30,1.00,4.39,,"2 frame(s); median area 3.0 px; net motion dx=22.0, dy=20.7; flags: none"
N1357876803,T0093,1357876803-0123,0.4244,2,9,co-iss-n1357876803,1357876803,2001-01-11T03:47:10.659,125.70,186.65,8.83,3,0.00,3,8.83,8.40,25.20,1.05,1.73,,"2 frame(s); median area 3.0 px; net motion dx=22.0, dy=20.7; flags: none"
N1357889469,T0200,1357889469-0076,0.4237,2,16,co-iss-n1357889469,1357889469,2001-01-11T07:18:16.571,878.33,102.33,8.63,3,0.00,3,8.63,8.61,25.84,1.00,1.73,,"2 frame(s); median area 3.0 px; net motion dx=20.0, dy=-42.0; flags: none"
N1357889859,T0200,1357889859-0037,0.4237,2,17,co-iss-n1357889859,1357889859,2001-01-11T07:24:46.569,898.32,60.34,11.77,3,0.00,3,11.77,11.53,34.60,1.02,1.73,,"2 frame(s); median area 3.0 px; net motion dx=20.0, dy=-42.0; flags: none"
N1357871581,T0046,1357871581-0108,0.4190,2,4,co-iss-n1357871581,1357871581,2001-01-11T02:20:08.695,339.34,154.01,8.36,3,0.00,3,8.36,8.26,24.77,1.01,4.39,,"2 frame(s); median area 3.0 px; net motion dx=-7.0, dy=20.4; flags: none"
N1357871971,T0046,1357871971-0108,0.4190,2,5,co-iss-n1357871971,1357871971,2001-01-11T02:26:38.692,332.31,174.40,10.45,3,0.00,3,10.45,8.63,25.90,1.21,1.73,,"2 frame(s); median area 3.0 px; net motion dx=-7.0, dy=20.4; flags: none"
N1357909999,T0385,1357909999-0336,0.3900,1,29,co-iss-n1357909999,1357909999,2001-01-11T13:00:26.429,186.22,449.73,21.26,7,0.15,7,21.26,13.96,97.72,1.52,7.99,,1 frame(s); median area 7.0 px; flags: none
N1357909999,T0378,1357909999-0286,0.3875,1,29,co-iss-n1357909999,1357909999,2001-01-11T13:00:26.429,274.68,395.50,51.09,6,0.00,6,51.09,26.89,161.31,1.90,1.63,,1 frame(s); median area 6.0 px; flags: none
N1357905527,T0329,1357905527-0080,0.3638,1,26,co-iss-n1357905527,1357905527,2001-01-11T11:45:54.460,22.34,106.79,12.71,9,0.00,9,12.71,11.74,105.62,1.08,4.33,,1 frame(s); median area 9.0 px; flags: none
N1357909999,T0381,1357909999-0300,0.3625,1,29,co-iss-n1357909999,1357909999,2001-01-11T13:00:26.429,577.41,409.10,55.14,5,0.00,5,55.14,31.67,158.34,1.74,1.73,,1 frame(s); median area 5.0 px; flags: none
N1357909999,T0387,1357909999-0345,0.3625,1,29,co-iss-n1357909999,1357909999,2001-01-11T13:00:26.429,345.71,459.76,38.39,5,0.00,5,38.39,27.15,135.75,1.41,3.40,,1 frame(s); median area 5.0 px; flags: none
N1357894331,T0236,1357894331-0002,0.3588,1,20,co-iss-n1357894331,1357894331,2001-01-11T08:39:18.538,480.00,5.95,11.88,9,0.00,9,11.88,10.33,93.00,1.15,1.88,,1 frame(s); median area 9.0 px; flags: none
N1357876443,T0092,1357876443-0091,0.3520,1,8,co-iss-n1357876443,1357876443,2001-01-11T03:41:10.661,338.35,162.54,10.76,11,0.00,11,10.76,10.24,112.61,1.05,3.45,,1 frame(s); median area 11.0 px; flags: none
N1357894331,T0259,1357894331-0217,0.3517,1,20,co-iss-n1357894331,1357894331,2001-01-11T08:39:18.538,10.17,293.61,10.71,10,0.15,10,10.71,9.76,97.58,1.10,7.01,,1 frame(s); median area 10.0 px; flags: none
N1357910359,T0401,1357910359-0041,0.3509,1,30,co-iss-n1357910359,1357910359,2001-01-11T13:06:26.427,228.93,53.40,10.57,10,0.00,10,10.57,10.46,104.63,1.01,3.42,,1 frame(s); median area 10.0 px; flags: none
N1357900665,T0278,1357900665-0024,0.3509,1,22,co-iss-n1357900665,1357900665,2001-01-11T10:24:52.494,86.56,40.33,10.57,9,0.00,9,10.57,10.57,95.14,1.00,2.60,,1 frame(s); median area 9.0 px; flags: none
N1357884997,T0163,1357884997-0052,0.3494,1,13,co-iss-n1357884997,1357884997,2001-01-11T06:03:44.602,53.87,87.36,10.31,8,0.00,8,10.31,10.00,80.00,1.03,4.63,,1 frame(s); median area 8.0 px; flags: none
N1357905527,T0342,1357905527-0199,0.3493,1,26,co-iss-n1357905527,1357905527,2001-01-11T11:45:54.460,34.01,290.00,10.30,11,0.00,11,10.30,10.24,112.67,1.01,4.58,,1 frame(s); median area 11.0 px; flags: none
N1357863387,T0001,1357863387-0001,0.3480,1,0,co-iss-n1357863387,1357863387,2001-01-11T00:03:34.752,278.48,10.31,10.08,25,0.15,25,10.08,9.79,244.80,1.03,7.25,,1 frame(s); median area 25.0 px; flags: none
N1357867499,T0025,1357867499-0111,0.3457,1,2,co-iss-n1357867499,1357867499,2001-01-11T01:12:06.723,596.14,188.92,9.69,14,0.15,14,9.69,9.61,134.52,1.01,6.05,,1 frame(s); median area 14.0 px; flags: none
N1357910359,T0402,1357910359-0045,0.3424,1,30,co-iss-n1357910359,1357910359,2001-01-11T13:06:26.427,770.60,58.53,9.15,10,0.15,10,9.15,8.99,89.85,1.02,7.26,,1 frame(s); median area 10.0 px; flags: none
N1357910359,T0403,1357910359-0049,0.3413,1,30,co-iss-n1357910359,1357910359,2001-01-11T13:06:26.427,924.12,60.78,8.97,13,0.00,13,8.97,8.82,114.72,1.02,3.49,,1 frame(s); median area 13.0 px; flags: none
N1357890219,T0220,1357890219-0119,0.3413,1,18,co-iss-n1357890219,1357890219,2001-01-11T07:30:46.566,144.00,176.75,8.96,8,0.00,8,8.96,8.94,71.53,1.00,5.65,,1 frame(s); median area 8.0 px; flags: none
N1357867499,T0030,1357867499-0217,0.3408,1,2,co-iss-n1357867499,1357867499,2001-01-11T01:12:06.723,109.22,344.67,8.88,9,0.00,9,8.88,8.86,79.75,1.00,2.71,,1 frame(s); median area 9.0 px; flags: none
N1357880915,T0138,1357880915-0021,0.3405,1,11,co-iss-n1357880915,1357880915,2001-01-11T04:55:42.630,208.39,24.86,13.00,7,0.00,7,13.00,10.60,74.18,1.23,3.33,,1 frame(s); median area 7.0 px; flags: none
N1357890219,T0217,1357890219-0037,0.3396,1,18,co-iss-n1357890219,1357890219,2001-01-11T07:30:46.566,797.54,62.38,8.69,13,0.00,13,8.69,8.66,112.56,1.00,1.50,,1 frame(s); median area 13.0 px; flags: none
N1357905527,T0341,1357905527-0189,0.3394,1,26,co-iss-n1357905527,1357905527,2001-01-11T11:45:54.460,588.99,268.76,8.65,8,0.00,8,8.65,8.55,68.41,1.01,5.08,,1 frame(s); median area 8.0 px; flags: none
N1357890219,T0222,1357890219-0161,0.3388,1,18,co-iss-n1357890219,1357890219,2001-01-11T07:30:46.566,62.53,250.47,8.55,8,0.00,8,8.55,8.34,66.72,1.03,2.92,,1 frame(s); median area 8.0 px; flags: none
N1357867499,T0028,1357867499-0172,0.3382,1,2,co-iss-n1357867499,1357867499,2001-01-11T01:12:06.723,509.64,284.18,8.44,11,0.00,11,8.44,8.27,91.02,1.02,4.14,,1 frame(s); median area 11.0 px; flags: none
N1357909999,T0390,1357909999-0377,0.3381,1,29,co-iss-n1357909999,1357909999,2001-01-11T13:00:26.429,83.00,508.46,16.77,6,0.00,6,16.77,11.32,67.91,1.48,5.12,,1 frame(s); median area 6.0 px; flags: none
N1357910359,T0404,1357910359-0056,0.3380,1,30,co-iss-n1357910359,1357910359,2001-01-11T13:06:26.427,904.37,74.52,8.42,14,0.00,14,8.42,8.33,116.68,1.01,3.58,,1 frame(s); median area 14.0 px; flags: none
N1357909999,T0374,1357909999-0262,0.3375,1,29,co-iss-n1357909999,1357909999,2001-01-11T13:00:26.429,954.25,367.67,33.18,4,0.00,4,33.18,15.60,62.40,2.13,1.00,,1 frame(s); median area 4.0 px; flags: none
N1357909999,T0382,1357909999-0309,0.3375,1,29,co-iss-n1357909999,1357909999,2001-01-11T13:00:26.429,718.65,416.77,69.39,4,0.00,4,69.39,42.28,169.12,1.64,1.82,,1 frame(s); median area 4.0 px; flags: none
N1357909999,T0386,1357909999-0344,0.3375,1,29,co-iss-n1357909999,1357909999,2001-01-11T13:00:26.429,666.64,456.69,33.79,4,0.00,4,33.79,17.74,70.97,1.90,1.00,,1 frame(s); median area 4.0 px; flags: none
N1357909999,T0388,1357909999-0362,0.3375,1,29,co-iss-n1357909999,1357909999,2001-01-11T13:00:26.429,403.38,481.12,74.16,4,0.00,4,74.16,33.47,133.89,2.22,1.00,,1 frame(s); median area 4.0 px; flags: none
N1357909999,T0393,1357909999-0381,0.3375,1,29,co-iss-n1357909999,1357909999,2001-01-11T13:00:26.429,528.49,514.34,44.23,4,0.00,4,44.23,29.35,117.38,1.51,1.00,,1 frame(s); median area 4.0 px; flags: none
N1357909999,T0394,1357909999-0397,0.3375,1,29,co-iss-n1357909999,1357909999,2001-01-11T13:00:26.429,518.46,532.16,25.02,4,0.00,4,25.02,15.28,61.12,1.64,2.62,,1 frame(s); median area 4.0 px; flags: none
N1357909999,T0396,1357909999-0421,0.3375,1,29,co-iss-n1357909999,1357909999,2001-01-11T13:00:26.429,316.75,569.52,53.78,4,0.00,4,53.78,33.18,132.70,1.62,1.00,,1 frame(s); median area 4.0 px; flags: none
N1357885387,T0189,1357885387-0214,0.3371,1,14,co-iss-n1357885387,1357885387,2001-01-11T06:10:14.599,244.37,337.26,8.27,8,0.00,8,8.27,8.21,65.70,1.01,4.27,,1 frame(s); median area 8.0 px; flags: none
N1357876053,T0088,1357876053-0117,0.3369,1,7,co-iss-n1357876053,1357876053,2001-01-11T03:34:40.664,547.75,154.37,8.23,8,0.00,8,8.23,8.19,65.51,1.00,4.27,,1 frame(s); median area 8.0 px; flags: none
N1357905527,T0327,1357905527-0062,0.3365,1,26,co-iss-n1357905527,1357905527,2001-01-11T11:45:54.460,974.11,86.81,12.33,7,0.00,7,12.33,11.78,82.43,1.05,2.94,,1 frame(s); median area 7.0 px; flags: none
N1357905527,T0339,1357905527-0186,0.3259,1,26,co-iss-n1357905527,1357905527,2001-01-11T11:45:54.460,24.28,263.30,10.57,7,0.00,7,10.57,9.71,68.00,1.09,5.19,,1 frame(s); median area 7.0 px; flags: none
N1357880915,T0150,1357880915-0233,0.3195,1,11,co-iss-n1357880915,1357880915,2001-01-11T04:55:42.630,162.73,282.31,9.50,7,0.00,7,9.50,8.67,60.70,1.10,5.19,,1 frame(s); median area 7.0 px; flags: none
N1357905527,T0336,1357905527-0154,0.3190,1,26,co-iss-n1357905527,1357905527,2001-01-11T11:45:54.460,756.43,213.29,9.42,7,0.00,7,9.42,9.42,65.94,1.00,3.63,,1 frame(s); median area 7.0 px; flags: none
N1357901055,T0308,1357901055-0197,0.3141,1,23,co-iss-n1357901055,1357901055,2001-01-11T10:31:22.491,479.05,298.85,8.60,7,0.15,7,8.60,8.12,56.85,1.06,7.31,,1 frame(s); median area 7.0 px; flags: none
N1357901055,T0310,1357901055-0229,0.3137,1,23,co-iss-n1357901055,1357901055,2001-01-11T10:31:22.491,250.86,341.28,8.54,7,0.00,7,8.54,8.49,59.45,1.01,5.39,,1 frame(s); median area 7.0 px; flags: none
N1357884997,T0167,1357884997-0150,0.3133,1,13,co-iss-n1357884997,1357884997,2001-01-11T06:03:44.602,19.00,259.02,8.47,7,0.00,7,8.47,8.28,57.94,1.02,1.73,,1 frame(s); median area 7.0 px; flags: none
N1357909999,T0363,1357909999-0142,0.3125,1,29,co-iss-n1357909999,1357909999,2001-01-11T13:00:26.429,863.41,197.31,64.96,3,0.00,3,64.96,36.63,109.88,1.77,1.73,,1 frame(s); median area 3.0 px; flags: none
N1357909999,T0375,1357909999-0264,0.3125,1,29,co-iss-n1357909999,1357909999,2001-01-11T13:00:26.429,968.46,368.05,67.19,3,0.00,3,67.19,45.73,137.19,1.47,1.73,,1 frame(s); median area 3.0 px; flags: none
N1357909999,T0379,1357909999-0292,0.3125,1,29,co-iss-n1357909999,1357909999,2001-01-11T13:00:26.429,482.84,400.21,56.38,3,0.00,3,56.38,29.50,88.50,1.91,1.73,,1 frame(s); median area 3.0 px; flags: none
N1357909999,T0384,1357909999-0335,0.3125,1,29,co-iss-n1357909999,1357909999,2001-01-11T13:00:26.429,708.79,445.27,51.45,3,0.00,3,51.45,32.76,98.28,1.57,1.73,,1 frame(s); median area 3.0 px; flags: none
N1357909999,T0391,1357909999-0378,0.3125,1,29,co-iss-n1357909999,1357909999,2001-01-11T13:00:26.429,525.22,512.51,29.97,3,0.00,3,29.97,20.48,61.44,1.46,1.73,,1 frame(s); median area 3.0 px; flags: none
N1357909999,T0395,1357909999-0407,0.3125,1,29,co-iss-n1357909999,1357909999,2001-01-11T13:00:26.429,890.51,550.24,44.50,3,0.00,3,44.50,28.90,86.70,1.54,1.73,,1 frame(s); median area 3.0 px; flags: none
N1357909999,T0397,1357909999-0443,0.3125,1,29,co-iss-n1357909999,1357909999,2001-01-11T13:00:26.429,209.06,600.66,76.43,3,0.00,3,76.43,42.45,127.34,1.80,1.73,,1 frame(s); median area 3.0 px; flags: none
N1357894691,T0270,1357894691-0048,0.3124,1,21,co-iss-n1357894691,1357894691,2001-01-11T08:45:18.535,846.85,63.43,8.31,7,0.00,7,8.31,8.20,57.42,1.01,1.46,,1 frame(s); median area 7.0 px; flags: none
N1357876443,T0105,1357876443-0189,0.3122,1,8,co-iss-n1357876443,1357876443,2001-01-11T03:41:10.661,904.86,309.03,8.28,7,0.15,7,8.28,8.10,56.67,1.02,7.31,,1 frame(s); median area 7.0 px; flags: none
N1357876443,T0108,1357876443-0251,0.3112,1,8,co-iss-n1357876443,1357876443,2001-01-11T03:41:10.661,65.00,444.58,8.12,7,0.00,7,8.12,7.76,54.29,1.05,4.24,,1 frame(s); median area 7.0 px; flags: none
N1357909999,T0364,1357909999-0152,0.3056,1,29,co-iss-n1357909999,1357909999,2001-01-11T13:00:26.429,122.17,204.04,19.68,4,0.15,4,19.68,12.16,48.64,1.62,6.17,,1 frame(s); median area 4.0 px; flags: none
N1357894331,T0245,1357894331-0132,0.3001,1,20,co-iss-n1357894331,1357894331,2001-01-11T08:39:18.538,505.50,182.68,10.43,6,0.00,6,10.43,10.18,61.08,1.02,2.03,,1 frame(s); median area 6.0 px; flags: none
N1357909999,T0373,1357909999-0256,0.2998,1,29,co-iss-n1357909999,1357909999,2001-01-11T13:00:26.429,489.61,358.45,18.71,4,0.00,4,18.71,13.43,53.70,1.39,1.00,,1 frame(s); median area 4.0 px; flags: none
N1357867499,T0027,1357867499-0125,0.2996,1,2,co-iss-n1357867499,1357867499,2001-01-11T01:12:06.723,189.91,203.32,10.35,6,0.00,6,10.35,9.50,57.01,1.09,2.64,,1 frame(s); median area 6.0 px; flags: none
N1357871971,T0056,1357871971-0115,0.2992,1,5,co-iss-n1357871971,1357871971,2001-01-11T02:26:38.692,351.69,184.36,10.29,6,0.00,6,10.29,9.62,57.69,1.07,1.73,,1 frame(s); median area 6.0 px; flags: none
N1357909999,T0368,1357909999-0165,0.2975,1,29,co-iss-n1357909999,1357909999,2001-01-11T13:00:26.429,665.24,216.72,22.51,3,0.00,3,22.51,14.47,43.42,1.56,4.39,,1 frame(s); median area 3.0 px; flags: none
N1357880525,T0126,1357880525-0056,0.2973,1,10,co-iss-n1357880525,1357880525,2001-01-11T04:49:12.633,991.00,71.15,9.96,6,0.00,6,9.96,9.76,58.57,1.02,2.03,,1 frame(s); median area 6.0 px; flags: none
N1357876053,T0077,1357876053-0051,0.2965,1,7,co-iss-n1357876053,1357876053,2001-01-11T03:34:40.664,285.15,78.34,9.84,6,0.00,6,9.84,9.76,58.57,1.01,2.64,,1 frame(s); median area 6.0 px; flags: none
N1357894331,T0267,1357894331-0305,0.2937,1,20,co-iss-n1357894331,1357894331,2001-01-11T08:39:18.538,32.83,394.33,9.37,6,0.00,6,9.37,9.37,56.23,1.00,2.64,,1 frame(s); median area 6.0 px; flags: none
N1357876443,T0103,1357876443-0149,0.2928,1,8,co-iss-n1357876443,1357876443,2001-01-11T03:41:10.661,445.19,256.64,9.22,6,0.00,6,9.22,9.03,54.17,1.02,3.47,,1 frame(s); median area 6.0 px; flags: none
N1357909609,T0354,1357909609-0061,0.2917,1,28,co-iss-n1357909609,1357909609,2001-01-11T12:53:56.432,916.00,94.83,9.04,6,0.00,6,9.04,9.01,54.08,1.00,3.46,,1 frame(s); median area 6.0 px; flags: none
N1357876443,T0107,1357876443-0234,0.2882,1,8,co-iss-n1357876443,1357876443,2001-01-11T03:41:10.661,963.50,390.00,8.45,6,0.00,6,8.45,8.45,50.67,1.00,1.63,,1 frame(s); median area 6.0 px; flags: none
N1357909999,T0371,1357909999-0179,0.2864,1,29,co-iss-n1357909999,1357909999,2001-01-11T13:00:26.429,629.13,230.68,16.48,4,0.15,4,16.48,13.04,52.14,1.26,6.85,,1 frame(s); median area 4.0 px; flags: none
N1357880915,T0142,1357880915-0124,0.2802,1,11,co-iss-n1357880915,1357880915,2001-01-11T04:55:42.630,225.20,151.20,11.28,5,0.00,5,11.28,11.28,56.40,1.00,2.89,,1 frame(s); median area 5.0 px; flags: none
N1357909999,T0383,1357909999-0314,0.2771,1,29,co-iss-n1357909999,1357909999,2001-01-11T13:00:26.429,533.33,421.20,19.10,3,0.00,3,19.10,13.68,41.05,1.40,1.73,,1 frame(s); median area 3.0 px; flags: none
N1357885387,T0170,1357885387-0077,0.2769,1,14,co-iss-n1357885387,1357885387,2001-01-11T06:10:14.599,704.83,121.12,10.74,5,0.00,5,10.74,9.98,49.91,1.08,5.21,,1 frame(s); median area 5.0 px; flags: none
N1357905137,T0315,1357905137-0010,0.2744,1,25,co-iss-n1357905137,1357905137,2001-01-11T11:39:24.463,80.00,21.60,10.32,5,0.00,5,10.32,10.28,51.39,1.00,3.95,,1 frame(s); median area 5.0 px; flags: none
N1357885387,T0178,1357885387-0133,0.2733,1,14,co-iss-n1357885387,1357885387,2001-01-11T06:10:14.599,197.62,212.59,10.13,5,0.00,5,10.13,9.92,49.61,1.02,3.40,,1 frame(s); median area 5.0 px; flags: none
N1357885387,T0179,1357885387-0140,0.2730,1,14,co-iss-n1357885387,1357885387,2001-01-11T06:10:14.599,133.50,229.33,10.08,5,0.00,5,10.08,9.03,45.17,1.12,3.40,,1 frame(s); median area 5.0 px; flags: none
N1357894331,T0244,1357894331-0129,0.2724,1,20,co-iss-n1357894331,1357894331,2001-01-11T08:39:18.538,724.01,181.01,9.98,5,0.00,5,9.98,9.43,47.16,1.06,2.62,,1 frame(s); median area 5.0 px; flags: none
N1357880525,T0118,1357880525-0018,0.2715,1,10,co-iss-n1357880525,1357880525,2001-01-11T04:49:12.633,652.17,28.75,9.83,5,0.00,5,9.83,9.43,47.16,1.04,3.52,,1 frame(s); median area 5.0 px; flags: none
N1357909999,T0377,1357909999-0270,0.2711,1,29,co-iss-n1357909999,1357909999,2001-01-11T13:00:26.429,579.72,377.21,18.10,3,0.00,3,18.10,11.82,35.46,1.53,1.73,,1 frame(s); median area 3.0 px; flags: none
N1357876443,T0101,1357876443-0136,0.2704,1,8,co-iss-n1357876443,1357876443,2001-01-11T03:41:10.661,380.60,231.80,9.66,5,0.00,5,9.66,9.66,48.28,1.00,1.73,,1 frame(s); median area 5.0 px; flags: none
N1357876443,T0102,1357876443-0146,0.2691,1,8,co-iss-n1357876443,1357876443,2001-01-11T03:41:10.661,250.62,253.00,9.44,5,0.00,5,9.44,9.20,46.00,1.03,4.78,,1 frame(s); median area 5.0 px; flags: none
N1357867859,T0034,1357867859-0055,0.2688,1,3,co-iss-n1357867859,1357867859,2001-01-11T01:18:06.721,544.20,65.60,9.38,5,0.00,5,9.38,9.33,46.65,1.01,1.73,,1 frame(s); median area 5.0 px; flags: none
N1357876443,T0098,1357876443-0122,0.2685,1,8,co-iss-n1357876443,1357876443,2001-01-11T03:41:10.661,738.20,217.60,9.33,5,0.00,5,9.33,9.33,46.63,1.00,1.73,,1 frame(s); median area 5.0 px; flags: none
N1357894331,T0250,1357894331-0185,0.2684,1,20,co-iss-n1357894331,1357894331,2001-01-11T08:39:18.538,587.41,242.59,9.32,5,0.00,5,9.32,9.09,45.46,1.02,3.40,,1 frame(s); median area 5.0 px; flags: none
N1357889859,T0209,1357889859-0143,0.2680,1,17,co-iss-n1357889859,1357889859,2001-01-11T07:24:46.569,889.39,225.04,9.25,5,0.15,5,9.25,9.03,45.14,1.03,6.31,,1 frame(s); median area 5.0 px; flags: none
N1357867109,T0016,1357867109-0090,0.2676,1,1,co-iss-n1357867109,1357867109,2001-01-11T01:05:36.726,201.62,113.79,9.18,5,0.00,5,9.18,8.89,44.46,1.03,1.73,,1 frame(s); median area 5.0 px; flags: none
N1357901055,T0302,1357901055-0159,0.2674,1,23,co-iss-n1357901055,1357901055,2001-01-11T10:31:22.491,895.60,244.20,9.15,5,0.00,5,9.15,9.12,45.60,1.00,1.73,,1 frame(s); median area 5.0 px; flags: none
N1357889859,T0203,1357889859-0007,0.2672,1,17,co-iss-n1357889859,1357889859,2001-01-11T07:24:46.569,11.50,13.50,13.28,4,0.00,4,13.28,13.28,53.14,1.00,1.00,,1 frame(s); median area 4.0 px; flags: none
N1357901055,T0309,1357901055-0199,0.2667,1,23,co-iss-n1357901055,1357901055,2001-01-11T10:31:22.491,240.41,303.17,9.04,5,0.00,5,9.04,8.69,43.46,1.04,1.73,,1 frame(s); median area 5.0 px; flags: none
N1357867499,T0020,1357867499-0049,0.2665,1,2,co-iss-n1357867499,1357867499,2001-01-11T01:12:06.723,28.56,77.00,13.17,4,0.15,4,13.17,11.76,47.03,1.12,6.85,,1 frame(s); median area 4.0 px; flags: none
N1357889859,T0210,1357889859-0156,0.2664,1,17,co-iss-n1357889859,1357889859,2001-01-11T07:24:46.569,801.85,240.41,8.98,5,0.00,5,8.98,8.48,42.39,1.06,1.73,,1 frame(s); median area 5.0 px; flags: none
N1357880525,T0137,1357880525-0108,0.2656,1,10,co-iss-n1357880525,1357880525,2001-01-11T04:49:12.633,96.40,177.60,8.84,5,0.00,5,8.84,8.81,44.05,1.00,3.40,,1 frame(s); median area 5.0 px; flags: none
N1357889859,T0213,1357889859-0207,0.2653,1,17,co-iss-n1357889859,1357889859,2001-01-11T07:24:46.569,289.80,306.80,8.81,5,0.00,5,8.81,8.80,43.98,1.00,2.89,,1 frame(s); median area 5.0 px; flags: none
N1357880915,T0148,1357880915-0219,0.2642,1,11,co-iss-n1357880915,1357880915,2001-01-11T04:55:42.630,736.19,264.78,8.62,5,0.00,5,8.62,8.48,42.40,1.02,2.89,,1 frame(s); median area 5.0 px; flags: none
N1357905887,T0347,1357905887-0073,0.2640,1,27,co-iss-n1357905887,1357905887,2001-01-11T11:51:54.458,615.38,102.82,8.58,5,0.00,5,8.58,8.31,41.56,1.03,1.73,,1 frame(s); median area 5.0 px; flags: none
N1357889859,T0211,1357889859-0181,0.2637,1,17,co-iss-n1357889859,1357889859,2001-01-11T07:24:46.569,883.78,279.63,8.53,5,0.00,5,8.53,8.33,41.65,1.02,4.39,,1 frame(s); median area 5.0 px; flags: none
N1357905527,T0343,1357905527-0200,0.2634,1,26,co-iss-n1357905527,1357905527,2001-01-11T11:45:54.460,472.81,290.21,8.49,5,0.00,5,8.49,8.23,41.17,1.03,2.89,,1 frame(s); median area 5.0 px; flags: none
N1357909999,T0366,1357909999-0162,0.2633,1,29,co-iss-n1357909999,1357909999,2001-01-11T13:00:26.429,620.44,215.23,16.80,3,0.00,3,16.80,12.86,38.59,1.31,4.39,,1 frame(s); median area 3.0 px; flags: none
N1357890219,T0221,1357890219-0154,0.2630,1,18,co-iss-n1357890219,1357890219,2001-01-11T07:30:46.566,99.17,234.24,8.41,5,0.00,5,8.41,8.12,40.60,1.04,2.89,,1 frame(s); median area 5.0 px; flags: none
N1357876803,T0114,1357876803-0134,0.2628,1,9,co-iss-n1357876803,1357876803,2001-01-11T03:47:10.659,147.60,206.20,8.38,5,0.00,5,8.38,8.34,41.72,1.00,1.73,,1 frame(s); median area 5.0 px; flags: none
N1357880915,T0154,1357880915-0263,0.2622,1,11,co-iss-n1357880915,1357880915,2001-01-11T04:55:42.630,405.85,315.82,8.28,5,0.00,5,8.28,8.02,40.10,1.03,4.24,,1 frame(s); median area 5.0 px; flags: none
N1357909999,T0398,1357909999-0445,0.2621,1,29,co-iss-n1357909999,1357909999,2001-01-11T13:00:26.429,946.60,601.82,16.61,3,0.00,3,16.61,13.29,39.86,1.25,1.73,,1 frame(s); median area 3.0 px; flags: none
N1357863387,T0007,1357863387-0084,0.2615,1,0,co-iss-n1357863387,1357863387,2001-01-11T00:03:34.752,566.80,150.40,8.17,5,0.00,5,8.17,8.15,40.77,1.00,2.62,,1 frame(s); median area 5.0 px; flags: none
N1357893941,T0234,1357893941-0099,0.2607,1,19,co-iss-n1357893941,1357893941,2001-01-11T08:32:48.540,815.20,152.60,8.04,5,0.00,5,8.04,8.03,40.14,1.00,4.39,,1 frame(s); median area 5.0 px; flags: none
N1357880915,T0140,1357880915-0081,0.2605,1,11,co-iss-n1357880915,1357880915,2001-01-11T04:55:42.630,207.93,106.42,12.17,4,0.00,4,12.17,9.79,39.18,1.24,3.16,,1 frame(s); median area 4.0 px; flags: none
N1357901055,T0297,1357901055-0088,0.2564,1,23,co-iss-n1357901055,1357901055,2001-01-11T10:31:22.491,147.48,154.48,11.49,4,0.00,4,11.49,11.00,43.99,1.04,1.00,,1 frame(s); median area 4.0 px; flags: none
N1357901055,T0298,1357901055-0102,0.2548,1,23,co-iss-n1357901055,1357901055,2001-01-11T10:31:22.491,152.50,179.00,11.21,4,0.00,4,11.21,11.21,44.85,1.00,2.62,,1 frame(s); median area 4.0 px; flags: none
N1357885387,T0177,1357885387-0105,0.2529,1,14,co-iss-n1357885387,1357885387,2001-01-11T06:10:14.599,948.00,170.82,10.90,4,0.00,4,10.90,10.01,40.05,1.09,1.63,,1 frame(s); median area 4.0 px; flags: none
N1357885387,T0169,1357885387-0074,0.2526,1,14,co-iss-n1357885387,1357885387,2001-01-11T06:10:14.599,667.50,114.50,10.85,4,0.00,4,10.85,9.25,37.01,1.17,1.00,,1 frame(s); median area 4.0 px; flags: none
N1357901055,T0296,1357901055-0086,0.2521,1,23,co-iss-n1357901055,1357901055,2001-01-11T10:31:22.491,531.20,149.80,10.77,4,0.00,4,10.77,10.07,40.27,1.07,2.45,,1 frame(s); median area 4.0 px; flags: none
N1357894331,T0243,1357894331-0119,0.2521,1,20,co-iss-n1357894331,1357894331,2001-01-11T08:39:18.538,458.28,171.34,10.76,4,0.00,4,10.76,9.67,38.67,1.11,2.45,,1 frame(s); median area 4.0 px; flags: none
N1357885387,T0175,1357885387-0099,0.2519,1,14,co-iss-n1357885387,1357885387,2001-01-11T06:10:14.599,482.49,161.51,10.74,4,0.00,4,10.74,10.57,42.28,1.02,1.00,,1 frame(s); median area 4.0 px; flags: none
N1357876443,T0094,1357876443-0095,0.2517,1,8,co-iss-n1357876443,1357876443,2001-01-11T03:41:10.661,324.25,167.00,10.70,4,0.00,4,10.70,10.70,42.81,1.00,3.60,,1 frame(s); median area 4.0 px; flags: none
N1357901055,T0301,1357901055-0137,0.2514,1,23,co-iss-n1357901055,1357901055,2001-01-11T10:31:22.491,159.46,213.07,10.66,4,0.00,4,10.66,9.96,39.82,1.07,2.62,,1 frame(s); median area 4.0 px; flags: none
N1357871971,T0053,1357871971-0079,0.2512,1,5,co-iss-n1357871971,1357871971,2001-01-11T02:26:38.692,593.02,123.56,10.62,4,0.00,4,10.62,9.55,38.20,1.11,2.62,,1 frame(s); median area 4.0 px; flags: none
N1357905527,T0328,1357905527-0078,0.2509,1,26,co-iss-n1357905527,1357905527,2001-01-11T11:45:54.460,866.22,104.05,10.57,4,0.00,4,10.57,10.09,40.34,1.05,3.60,,1 frame(s); median area 4.0 px; flags: none
N1357909999,T0399,1357909999-0448,0.2509,1,29,co-iss-n1357909999,1357909999,2001-01-11T13:00:26.429,226.27,609.73,14.74,3,0.00,3,14.74,10.63,31.89,1.39,1.73,,1 frame(s); median area 3.0 px; flags: none
N1357900665,T0280,1357900665-0031,0.2507,1,22,co-iss-n1357900665,1357900665,2001-01-11T10:24:52.494,85.50,49.07,10.53,4,0.00,4,10.53,9.26,37.06,1.14,2.62,,1 frame(s); median area 4.0 px; flags: none
